mirna	contrast	model	n_targets_total	n_targets_tested	n_targets_DE	n_targets_up	n_targets_down	fisher_odds_ratio	fisher_p_value	mean_target_logFC	median_target_logFC	inferred_activity	mirna_family	mirna_function	spaceflight_relevance	target_genes	de_target_genes	fisher_fdr
miR156	Flight_FLT_vs_GC	factorial	8	8	1	1	0	4.7759520587666735	0.21027183912234554	0.4289399864568579	0.392241801864475	DOWN (targets de-repressed)	SPL (SQUAMOSA PROMOTER BINDING PROTEIN-LIKE)	Developmental timing, vegetative phase change	SPLs regulate juvenile-to-adult transition; spaceflight may alter developmental timing	AT2G42200;AT5G43270;AT1G20980;AT2G33810;AT3G15270;AT1G53160;AT5G50570;AT1G28550	AT5G50570	1.0
miR159	Flight_FLT_vs_GC	factorial	4	4	0	0	0	0.0	1.0	0.06247774762200065	-0.045913490309146196	UNCHANGED	MYB33/MYB65/GAMYB	ABA signaling, germination, stress response	ABA signaling is altered in microgravity; miR159 is a key ABA-responsive miRNA	AT1G66370;AT2G42200;AT5G06100;AT3G11400		1.0
miR160	Flight_FLT_vs_GC	factorial	3	3	0	0	0	0.0	1.0	-0.3599332034019837	-0.371723317381966	UP (targets suppressed)	ARF10/ARF16/ARF17	Auxin signaling, root cap formation, leaf development	Auxin redistribution is central to gravitropic response; ARF10/16/17 regulate root gravitropism	AT2G28350;AT4G30080;AT1G77850		1.0
miR164	Flight_FLT_vs_GC	factorial	4	4	0	0	0	0.0	1.0	-0.4004381158973747	-0.534328293169688	UP (targets suppressed)	NAC1/CUC1/CUC2	Lateral root development, organ boundary formation	Lateral root development is altered in microgravity; NAC1 mediates auxin signaling in roots	AT1G56010;AT5G61430;AT5G07680;AT3G15170		1.0
miR165	Flight_FLT_vs_GC	factorial	4	4	0	0	0	0.0	1.0	-0.11558586452817306	-0.08966604195074954	UNCHANGED	PHB/PHV/REV/CNA (HD-ZIP III)	Leaf polarity, vascular development, meristem	Vascular patterning may be affected by altered auxin flow in microgravity	AT1G52150;AT1G30490;AT5G60690;AT5G65600		1.0
miR166	Flight_FLT_vs_GC	factorial	4	4	0	0	0	0.0	1.0	-0.11558586452817306	-0.08966604195074954	UNCHANGED	PHB/PHV/REV/CNA (HD-ZIP III)	Leaf polarity, vascular development	Same as miR165	AT1G52150;AT1G30490;AT5G60690;AT5G65600		1.0
miR167	Flight_FLT_vs_GC	factorial	3	3	0	0	0	0.0	1.0	0.3287147545000386	0.17747124400963	DOWN (targets de-repressed)	ARF6/ARF8	Auxin signaling, root development, flower development	ARF6/8 regulate lateral root initiation; auxin redistribution in microgravity affects root architecture	AT1G30330;AT2G33810;AT5G37020		1.0
miR169	Flight_FLT_vs_GC	factorial	4	4	0	0	0	0.0	1.0	-0.23989085800809926	-0.25820356649501053	UNCHANGED	NF-YA (nuclear factor Y, subunit A)	Drought stress, ABA signaling, flowering	NF-YA regulates drought stress; spaceflight induces stress-like transcriptional responses	AT1G54160;AT5G12840;AT3G05690;AT3G20910		1.0
miR171	Flight_FLT_vs_GC	factorial	4	4	0	0	0	0.0	1.0	-0.24157345460695062	-0.16940087772380102	UNCHANGED	SCL6/SCL22/SCL27 (GRAS domain)	Meristem maintenance, leaf development	Meristem function is altered in microgravity	AT2G45160;AT3G60150;AT4G00150;AT1G69170		1.0
miR172	Flight_FLT_vs_GC	factorial	4	4	0	0	0	0.0	1.0	-0.039052949952808454	-0.0519352836521144	UNCHANGED	AP2/TOE1/TOE2/SMZ	Flowering time, floral identity	Flowering time is altered in spaceflight	AT2G28550;AT5G67030;AT4G36920;AT5G11560		1.0
miR319	Flight_FLT_vs_GC	factorial	4	4	0	0	0	0.0	1.0	0.47744644042236284	0.6137795046428245	DOWN (targets de-repressed)	TCP2/TCP3/TCP4/TCP10	Leaf development, jasmonate biosynthesis	TCPs regulate leaf morphology; spaceflight affects leaf development	AT1G53230;AT2G31070;AT3G15030;AT5G08310		1.0
miR393	Flight_FLT_vs_GC	factorial	4	4	0	0	0	0.0	1.0	-0.09074688268511819	-0.06521525265260175	UNCHANGED	TIR1/AFB2/AFB3 (auxin receptors)	Auxin perception, stress response	TIR1 is the auxin receptor; miR393-mediated downregulation would alter auxin sensitivity in microgravity	AT3G62980;AT5G44750;AT5G64360;AT2G39360		1.0
miR396	Flight_FLT_vs_GC	factorial	5	5	0	0	0	0.0	1.0	-0.19333260194876908	-0.0911922868251373	UNCHANGED	GRF1-7 (GROWTH REGULATING FACTOR)	Leaf growth, root development	GRFs regulate organ growth; spaceflight alters growth patterns	AT2G36400;AT4G24150;AT5G53460;AT3G46980;AT5G07680		1.0
miR397	Flight_FLT_vs_GC	factorial	3	3	0	0	0	0.0	1.0	0.11132896232597368	0.294168053040948	UNCHANGED	LAC2/LAC4/LAC17 (laccases)	Lignin biosynthesis, secondary cell wall	Cell wall remodeling occurs in microgravity; lignin deposition is altered	AT2G40370;AT2G46570;AT5G05990		1.0
miR398	Flight_FLT_vs_GC	factorial	3	3	0	0	0	0.0	1.0	-0.11675853865037389	-0.0398103939516376	UNCHANGED	CSD1/CSD2/CCS (Cu/Zn superoxide dismutases)	Oxidative stress response	Oxidative stress is a major spaceflight stress; miR398 downregulation would increase CSD levels	AT1G08830;AT2G28190;AT5G18100		1.0
miR408	Flight_FLT_vs_GC	factorial	2	2	1	0	1	33.43978349120433	0.05730224593141411	-0.9026960980813445	-0.9026960980813445	UP (targets suppressed)	Plantacyanin, laccase	Copper homeostasis, cell wall	Cell wall remodeling in microgravity	AT2G44790;AT5G20230	AT5G20230	1.0
miR157	Flight_FLT_vs_GC	factorial	4	4	0	0	0	0.0	1.0	0.39124239075996103	0.48472104976979447	DOWN (targets de-repressed)	SPL (SQUAMOSA PROMOTER BINDING PROTEIN-LIKE)	Developmental timing	Same as miR156	AT2G42200;AT5G43270;AT1G20980;AT2G33810		1.0
miR158	Flight_FLT_vs_GC	factorial	2	2	0	0	0	0.0	1.0	-0.01794745889531605	-0.01794745889531605	UNCHANGED	PPR (pentatricopeptide repeat)	RNA processing in organelles	Organelle function may be affected in microgravity	AT1G06580;AT1G62670		1.0
miR395	Flight_FLT_vs_GC	factorial	4	4	0	0	0	0.0	1.0	0.015050364982921505	-0.0459454664668815	UNCHANGED	APS1/APS3/APS4/SULTR2;1	Sulfate assimilation and transport	Nutrient metabolism may be altered in spaceflight	AT3G22890;AT5G67500;AT1G80840;AT3G22890		1.0
miR156	HW_CARA_vs_BRIC	factorial	8	8	3	0	3	0.9175944333996023	0.6748563279754192	-3.831174677447876	-4.501082804443024	UP (targets suppressed)	SPL (SQUAMOSA PROMOTER BINDING PROTEIN-LIKE)	Developmental timing, vegetative phase change	SPLs regulate juvenile-to-adult transition; spaceflight may alter developmental timing	AT2G42200;AT5G43270;AT1G20980;AT2G33810;AT3G15270;AT1G53160;AT5G50570;AT1G28550	AT1G20980;AT1G53160;AT2G42200	1.0
miR159	HW_CARA_vs_BRIC	factorial	4	4	3	0	3	4.589165009940358	0.1738736302311096	-3.26922101783373	-3.6472236856951046	UP (targets suppressed)	MYB33/MYB65/GAMYB	ABA signaling, germination, stress response	ABA signaling is altered in microgravity; miR159 is a key ABA-responsive miRNA	AT1G66370;AT2G42200;AT5G06100;AT3G11400	AT1G66370;AT5G06100;AT2G42200	1.0
miR160	HW_CARA_vs_BRIC	factorial	3	3	2	0	2	3.059139250571514	0.3453200933449002	-1.6426553118952034	-1.67712215554853	UP (targets suppressed)	ARF10/ARF16/ARF17	Auxin signaling, root cap formation, leaf development	Auxin redistribution is central to gravitropic response; ARF10/16/17 regulate root gravitropism	AT2G28350;AT4G30080;AT1G77850	AT2G28350;AT1G77850	1.0
miR164	HW_CARA_vs_BRIC	factorial	4	4	3	0	3	4.589165009940358	0.1738736302311096	-4.655692932024538	-5.615122717134055	UP (targets suppressed)	NAC1/CUC1/CUC2	Lateral root development, organ boundary formation	Lateral root development is altered in microgravity; NAC1 mediates auxin signaling in roots	AT1G56010;AT5G61430;AT5G07680;AT3G15170	AT1G56010;AT5G61430;AT3G15170	1.0
miR165	HW_CARA_vs_BRIC	factorial	4	4	0	0	0	0.0	1.0	-2.1033024466390526	-1.33000309553944	UP (targets suppressed)	PHB/PHV/REV/CNA (HD-ZIP III)	Leaf polarity, vascular development, meristem	Vascular patterning may be affected by altered auxin flow in microgravity	AT1G52150;AT1G30490;AT5G60690;AT5G65600		1.0
miR166	HW_CARA_vs_BRIC	factorial	4	4	0	0	0	0.0	1.0	-2.1033024466390526	-1.33000309553944	UP (targets suppressed)	PHB/PHV/REV/CNA (HD-ZIP III)	Leaf polarity, vascular development	Same as miR165	AT1G52150;AT1G30490;AT5G60690;AT5G65600		1.0
miR167	HW_CARA_vs_BRIC	factorial	3	3	2	0	2	3.059139250571514	0.3453200933449002	-3.5092985184740564	-3.24982100677134	UP (targets suppressed)	ARF6/ARF8	Auxin signaling, root development, flower development	ARF6/8 regulate lateral root initiation; auxin redistribution in microgravity affects root architecture	AT1G30330;AT2G33810;AT5G37020	AT1G30330;AT5G37020	1.0
miR169	HW_CARA_vs_BRIC	factorial	4	4	0	0	0	0.0	1.0	-1.8927838111962665	-1.7985324186582599	UP (targets suppressed)	NF-YA (nuclear factor Y, subunit A)	Drought stress, ABA signaling, flowering	NF-YA regulates drought stress; spaceflight induces stress-like transcriptional responses	AT1G54160;AT5G12840;AT3G05690;AT3G20910		1.0
miR171	HW_CARA_vs_BRIC	factorial	4	4	2	1	1	1.5294702315873174	0.5167665564586909	0.563465558030305	-0.24409776829480523	DOWN (targets de-repressed)	SCL6/SCL22/SCL27 (GRAS domain)	Meristem maintenance, leaf development	Meristem function is altered in microgravity	AT2G45160;AT3G60150;AT4G00150;AT1G69170	AT3G60150;AT4G00150	1.0
miR172	HW_CARA_vs_BRIC	factorial	4	4	2	1	1	1.5294702315873174	0.5167665564586909	-0.8960521144697328	-0.4923753004936755	UP (targets suppressed)	AP2/TOE1/TOE2/SMZ	Flowering time, floral identity	Flowering time is altered in spaceflight	AT2G28550;AT5G67030;AT4G36920;AT5G11560	AT2G28550;AT5G67030	1.0
miR319	HW_CARA_vs_BRIC	factorial	4	4	1	0	1	0.5097396143907772	0.8663614911164809	-2.8382704406590826	-1.3422717665652995	UP (targets suppressed)	TCP2/TCP3/TCP4/TCP10	Leaf development, jasmonate biosynthesis	TCPs regulate leaf morphology; spaceflight affects leaf development	AT1G53230;AT2G31070;AT3G15030;AT5G08310	AT1G53230	1.0
miR393	HW_CARA_vs_BRIC	factorial	4	4	3	0	3	4.589165009940358	0.1738736302311096	-1.5091740699070888	-1.818150122558345	UP (targets suppressed)	TIR1/AFB2/AFB3 (auxin receptors)	Auxin perception, stress response	TIR1 is the auxin receptor; miR393-mediated downregulation would alter auxin sensitivity in microgravity	AT3G62980;AT5G44750;AT5G64360;AT2G39360	AT3G62980;AT2G39360;AT5G44750	1.0
miR396	HW_CARA_vs_BRIC	factorial	5	5	0	0	0	0.0	1.0	-0.7369539046595148	-0.513783897977853	UP (targets suppressed)	GRF1-7 (GROWTH REGULATING FACTOR)	Leaf growth, root development	GRFs regulate organ growth; spaceflight alters growth patterns	AT2G36400;AT4G24150;AT5G53460;AT3G46980;AT5G07680		1.0
miR397	HW_CARA_vs_BRIC	factorial	3	3	0	0	0	0.0	1.0	-0.7662817758249331	1.22733620025072	UP (targets suppressed)	LAC2/LAC4/LAC17 (laccases)	Lignin biosynthesis, secondary cell wall	Cell wall remodeling occurs in microgravity; lignin deposition is altered	AT2G40370;AT2G46570;AT5G05990		1.0
miR398	HW_CARA_vs_BRIC	factorial	3	3	0	0	0	0.0	1.0	0.35197113634042804	0.0966099424145421	DOWN (targets de-repressed)	CSD1/CSD2/CCS (Cu/Zn superoxide dismutases)	Oxidative stress response	Oxidative stress is a major spaceflight stress; miR398 downregulation would increase CSD levels	AT1G08830;AT2G28190;AT5G18100		1.0
miR408	HW_CARA_vs_BRIC	factorial	2	2	1	0	1	1.5294176108129596	0.6344152027496558	-1.92152833983921	-1.92152833983921	UP (targets suppressed)	Plantacyanin, laccase	Copper homeostasis, cell wall	Cell wall remodeling in microgravity	AT2G44790;AT5G20230	AT5G20230	1.0
miR157	HW_CARA_vs_BRIC	factorial	4	4	2	0	2	1.5294702315873174	0.5167665564586909	-3.656713600341297	-3.6195518504858297	UP (targets suppressed)	SPL (SQUAMOSA PROMOTER BINDING PROTEIN-LIKE)	Developmental timing	Same as miR156	AT2G42200;AT5G43270;AT1G20980;AT2G33810	AT1G20980;AT2G42200	1.0
miR158	HW_CARA_vs_BRIC	factorial	2	2	0	0	0	0.0	1.0	-0.013366285032841	-0.013366285032841	UNCHANGED	PPR (pentatricopeptide repeat)	RNA processing in organelles	Organelle function may be affected in microgravity	AT1G06580;AT1G62670		1.0
miR395	HW_CARA_vs_BRIC	factorial	4	4	0	0	0	0.0	1.0	-0.337676876362557	0.565137385585449	UP (targets suppressed)	APS1/APS3/APS4/SULTR2;1	Sulfate assimilation and transport	Nutrient metabolism may be altered in spaceflight	AT3G22890;AT5G67500;AT1G80840;AT3G22890		1.0
miR156	HW_VEGGIE_vs_BRIC	factorial	8	8	1	0	1	0.4468573282655048	0.8912991298737999	-1.1909712881681451	-1.14342868589598	UP (targets suppressed)	SPL (SQUAMOSA PROMOTER BINDING PROTEIN-LIKE)	Developmental timing, vegetative phase change	SPLs regulate juvenile-to-adult transition; spaceflight may alter developmental timing	AT2G42200;AT5G43270;AT1G20980;AT2G33810;AT3G15270;AT1G53160;AT5G50570;AT1G28550	AT1G28550	1.0
miR159	HW_VEGGIE_vs_BRIC	factorial	4	4	1	0	1	1.0428834090417478	0.6702687159881127	-2.0617656799364448	-0.6171145982751489	UP (targets suppressed)	MYB33/MYB65/GAMYB	ABA signaling, germination, stress response	ABA signaling is altered in microgravity; miR159 is a key ABA-responsive miRNA	AT1G66370;AT2G42200;AT5G06100;AT3G11400	AT1G66370	1.0
miR160	HW_VEGGIE_vs_BRIC	factorial	3	3	1	0	1	1.5644062297209604	0.5648607115321473	-0.7258079981128533	-0.605444744430911	UP (targets suppressed)	ARF10/ARF16/ARF17	Auxin signaling, root cap formation, leaf development	Auxin redistribution is central to gravitropic response; ARF10/16/17 regulate root gravitropism	AT2G28350;AT4G30080;AT1G77850	AT1G77850	1.0
miR164	HW_VEGGIE_vs_BRIC	factorial	4	4	0	0	0	0.0	1.0	-1.033546380670624	-0.880663042388423	UP (targets suppressed)	NAC1/CUC1/CUC2	Lateral root development, organ boundary formation	Lateral root development is altered in microgravity; NAC1 mediates auxin signaling in roots	AT1G56010;AT5G61430;AT5G07680;AT3G15170		1.0
miR165	HW_VEGGIE_vs_BRIC	factorial	4	4	0	0	0	0.0	1.0	-0.5486218725042273	-0.08676043256056301	UP (targets suppressed)	PHB/PHV/REV/CNA (HD-ZIP III)	Leaf polarity, vascular development, meristem	Vascular patterning may be affected by altered auxin flow in microgravity	AT1G52150;AT1G30490;AT5G60690;AT5G65600		1.0
miR166	HW_VEGGIE_vs_BRIC	factorial	4	4	0	0	0	0.0	1.0	-0.5486218725042273	-0.08676043256056301	UP (targets suppressed)	PHB/PHV/REV/CNA (HD-ZIP III)	Leaf polarity, vascular development	Same as miR165	AT1G52150;AT1G30490;AT5G60690;AT5G65600		1.0
miR167	HW_VEGGIE_vs_BRIC	factorial	3	3	0	0	0	0.0	1.0	-0.8255313718675187	-0.864217791341081	UP (targets suppressed)	ARF6/ARF8	Auxin signaling, root development, flower development	ARF6/8 regulate lateral root initiation; auxin redistribution in microgravity affects root architecture	AT1G30330;AT2G33810;AT5G37020		1.0
miR169	HW_VEGGIE_vs_BRIC	factorial	4	4	0	0	0	0.0	1.0	-0.31879160673596224	-0.31565684774236347	UP (targets suppressed)	NF-YA (nuclear factor Y, subunit A)	Drought stress, ABA signaling, flowering	NF-YA regulates drought stress; spaceflight induces stress-like transcriptional responses	AT1G54160;AT5G12840;AT3G05690;AT3G20910		1.0
miR171	HW_VEGGIE_vs_BRIC	factorial	4	4	2	1	1	3.129320136297258	0.24863669816425232	0.164283549841364	0.228465683503073	UNCHANGED	SCL6/SCL22/SCL27 (GRAS domain)	Meristem maintenance, leaf development	Meristem function is altered in microgravity	AT2G45160;AT3G60150;AT4G00150;AT1G69170	AT3G60150;AT4G00150	1.0
miR172	HW_VEGGIE_vs_BRIC	factorial	4	4	2	2	0	3.129320136297258	0.24863669816425232	1.1656370403704142	1.100406449364237	DOWN (targets de-repressed)	AP2/TOE1/TOE2/SMZ	Flowering time, floral identity	Flowering time is altered in spaceflight	AT2G28550;AT5G67030;AT4G36920;AT5G11560	AT2G28550;AT5G67030	1.0
miR319	HW_VEGGIE_vs_BRIC	factorial	4	4	0	0	0	0.0	1.0	0.4318482670547156	0.3829700219212555	DOWN (targets de-repressed)	TCP2/TCP3/TCP4/TCP10	Leaf development, jasmonate biosynthesis	TCPs regulate leaf morphology; spaceflight affects leaf development	AT1G53230;AT2G31070;AT3G15030;AT5G08310		1.0
miR393	HW_VEGGIE_vs_BRIC	factorial	4	4	0	0	0	0.0	1.0	0.045601356941198504	-0.0781301733283665	UNCHANGED	TIR1/AFB2/AFB3 (auxin receptors)	Auxin perception, stress response	TIR1 is the auxin receptor; miR393-mediated downregulation would alter auxin sensitivity in microgravity	AT3G62980;AT5G44750;AT5G64360;AT2G39360		1.0
miR396	HW_VEGGIE_vs_BRIC	factorial	5	5	0	0	0	0.0	1.0	-0.5610898865829201	0.127024707213416	UP (targets suppressed)	GRF1-7 (GROWTH REGULATING FACTOR)	Leaf growth, root development	GRFs regulate organ growth; spaceflight alters growth patterns	AT2G36400;AT4G24150;AT5G53460;AT3G46980;AT5G07680		1.0
miR397	HW_VEGGIE_vs_BRIC	factorial	3	3	0	0	0	0.0	1.0	-0.7824363967545477	0.104039153489362	UP (targets suppressed)	LAC2/LAC4/LAC17 (laccases)	Lignin biosynthesis, secondary cell wall	Cell wall remodeling occurs in microgravity; lignin deposition is altered	AT2G40370;AT2G46570;AT5G05990		1.0
miR398	HW_VEGGIE_vs_BRIC	factorial	3	3	0	0	0	0.0	1.0	0.10061734202238733	0.315797270978164	UNCHANGED	CSD1/CSD2/CCS (Cu/Zn superoxide dismutases)	Oxidative stress response	Oxidative stress is a major spaceflight stress; miR398 downregulation would increase CSD levels	AT1G08830;AT2G28190;AT5G18100		1.0
miR408	HW_VEGGIE_vs_BRIC	factorial	2	2	1	0	1	3.1289746917585983	0.42576324635511176	-1.290745910017713	-1.290745910017713	UP (targets suppressed)	Plantacyanin, laccase	Copper homeostasis, cell wall	Cell wall remodeling in microgravity	AT2G44790;AT5G20230	AT2G44790	1.0
miR157	HW_VEGGIE_vs_BRIC	factorial	4	4	0	0	0	0.0	1.0	-0.3561880739297527	-0.6948407105418605	UP (targets suppressed)	SPL (SQUAMOSA PROMOTER BINDING PROTEIN-LIKE)	Developmental timing	Same as miR156	AT2G42200;AT5G43270;AT1G20980;AT2G33810		1.0
miR158	HW_VEGGIE_vs_BRIC	factorial	2	2	0	0	0	0.0	1.0	-0.316353504950149	-0.316353504950149	UP (targets suppressed)	PPR (pentatricopeptide repeat)	RNA processing in organelles	Organelle function may be affected in microgravity	AT1G06580;AT1G62670		1.0
miR395	HW_VEGGIE_vs_BRIC	factorial	4	4	0	0	0	0.0	1.0	0.7544464585951246	0.789607025070117	DOWN (targets de-repressed)	APS1/APS3/APS4/SULTR2;1	Sulfate assimilation and transport	Nutrient metabolism may be altered in spaceflight	AT3G22890;AT5G67500;AT1G80840;AT3G22890		1.0
miR156	Flight_x_HW_CARA_vs_BRIC	factorial	8	8	0	0	0	0.0	1.0	-0.15540689114870354	-0.12235475277356675	UNCHANGED	SPL (SQUAMOSA PROMOTER BINDING PROTEIN-LIKE)	Developmental timing, vegetative phase change	SPLs regulate juvenile-to-adult transition; spaceflight may alter developmental timing	AT2G42200;AT5G43270;AT1G20980;AT2G33810;AT3G15270;AT1G53160;AT5G50570;AT1G28550		1.0
miR159	Flight_x_HW_CARA_vs_BRIC	factorial	4	4	0	0	0	0.0	1.0	-0.045074657762539695	-0.0453835898579399	UNCHANGED	MYB33/MYB65/GAMYB	ABA signaling, germination, stress response	ABA signaling is altered in microgravity; miR159 is a key ABA-responsive miRNA	AT1G66370;AT2G42200;AT5G06100;AT3G11400		1.0
miR160	Flight_x_HW_CARA_vs_BRIC	factorial	3	3	0	0	0	0.0	1.0	0.4021258333538733	0.36181465949523	DOWN (targets de-repressed)	ARF10/ARF16/ARF17	Auxin signaling, root cap formation, leaf development	Auxin redistribution is central to gravitropic response; ARF10/16/17 regulate root gravitropism	AT2G28350;AT4G30080;AT1G77850		1.0
miR164	Flight_x_HW_CARA_vs_BRIC	factorial	4	4	1	1	0	4.188521677327648	0.2639345551074295	0.3699421151062485	0.26254678026502953	DOWN (targets de-repressed)	NAC1/CUC1/CUC2	Lateral root development, organ boundary formation	Lateral root development is altered in microgravity; NAC1 mediates auxin signaling in roots	AT1G56010;AT5G61430;AT5G07680;AT3G15170	AT1G56010	1.0
miR165	Flight_x_HW_CARA_vs_BRIC	factorial	4	4	0	0	0	0.0	1.0	-0.00735508062204504	-0.1681141617325351	UNCHANGED	PHB/PHV/REV/CNA (HD-ZIP III)	Leaf polarity, vascular development, meristem	Vascular patterning may be affected by altered auxin flow in microgravity	AT1G52150;AT1G30490;AT5G60690;AT5G65600		1.0
miR166	Flight_x_HW_CARA_vs_BRIC	factorial	4	4	0	0	0	0.0	1.0	-0.00735508062204504	-0.1681141617325351	UNCHANGED	PHB/PHV/REV/CNA (HD-ZIP III)	Leaf polarity, vascular development	Same as miR165	AT1G52150;AT1G30490;AT5G60690;AT5G65600		1.0
miR167	Flight_x_HW_CARA_vs_BRIC	factorial	3	3	0	0	0	0.0	1.0	-0.33620195481364595	-0.391291425355007	UP (targets suppressed)	ARF6/ARF8	Auxin signaling, root development, flower development	ARF6/8 regulate lateral root initiation; auxin redistribution in microgravity affects root architecture	AT1G30330;AT2G33810;AT5G37020		1.0
miR169	Flight_x_HW_CARA_vs_BRIC	factorial	4	4	1	1	0	4.188521677327648	0.2639345551074295	0.34036316560676866	0.2490477333809048	DOWN (targets de-repressed)	NF-YA (nuclear factor Y, subunit A)	Drought stress, ABA signaling, flowering	NF-YA regulates drought stress; spaceflight induces stress-like transcriptional responses	AT1G54160;AT5G12840;AT3G05690;AT3G20910	AT3G05690	1.0
miR171	Flight_x_HW_CARA_vs_BRIC	factorial	4	4	0	0	0	0.0	1.0	0.09692091796628353	0.18466892486765604	UNCHANGED	SCL6/SCL22/SCL27 (GRAS domain)	Meristem maintenance, leaf development	Meristem function is altered in microgravity	AT2G45160;AT3G60150;AT4G00150;AT1G69170		1.0
miR172	Flight_x_HW_CARA_vs_BRIC	factorial	4	4	0	0	0	0.0	1.0	0.06426105620013672	0.06844055364845095	UNCHANGED	AP2/TOE1/TOE2/SMZ	Flowering time, floral identity	Flowering time is altered in spaceflight	AT2G28550;AT5G67030;AT4G36920;AT5G11560		1.0
miR319	Flight_x_HW_CARA_vs_BRIC	factorial	4	4	0	0	0	0.0	1.0	-0.9025248514865423	-0.870525718821811	UP (targets suppressed)	TCP2/TCP3/TCP4/TCP10	Leaf development, jasmonate biosynthesis	TCPs regulate leaf morphology; spaceflight affects leaf development	AT1G53230;AT2G31070;AT3G15030;AT5G08310		1.0
miR393	Flight_x_HW_CARA_vs_BRIC	factorial	4	4	0	0	0	0.0	1.0	0.07683062156692315	0.012464526163345199	UNCHANGED	TIR1/AFB2/AFB3 (auxin receptors)	Auxin perception, stress response	TIR1 is the auxin receptor; miR393-mediated downregulation would alter auxin sensitivity in microgravity	AT3G62980;AT5G44750;AT5G64360;AT2G39360		1.0
miR396	Flight_x_HW_CARA_vs_BRIC	factorial	5	5	0	0	0	0.0	1.0	-0.06357438807299468	0.0789780251893236	UNCHANGED	GRF1-7 (GROWTH REGULATING FACTOR)	Leaf growth, root development	GRFs regulate organ growth; spaceflight alters growth patterns	AT2G36400;AT4G24150;AT5G53460;AT3G46980;AT5G07680		1.0
miR397	Flight_x_HW_CARA_vs_BRIC	factorial	3	3	0	0	0	0.0	1.0	-0.34407291219337705	-0.5138304134322	UP (targets suppressed)	LAC2/LAC4/LAC17 (laccases)	Lignin biosynthesis, secondary cell wall	Cell wall remodeling occurs in microgravity; lignin deposition is altered	AT2G40370;AT2G46570;AT5G05990		1.0
miR398	Flight_x_HW_CARA_vs_BRIC	factorial	3	3	0	0	0	0.0	1.0	-0.003515837734400673	-0.146088154379797	UNCHANGED	CSD1/CSD2/CCS (Cu/Zn superoxide dismutases)	Oxidative stress response	Oxidative stress is a major spaceflight stress; miR398 downregulation would increase CSD levels	AT1G08830;AT2G28190;AT5G18100		1.0
miR408	Flight_x_HW_CARA_vs_BRIC	factorial	2	2	1	1	0	12.566631130063966	0.1420520671483327	2.011135104802907	2.011135104802907	DOWN (targets de-repressed)	Plantacyanin, laccase	Copper homeostasis, cell wall	Cell wall remodeling in microgravity	AT2G44790;AT5G20230	AT5G20230	1.0
miR157	Flight_x_HW_CARA_vs_BRIC	factorial	4	4	0	0	0	0.0	1.0	-0.3137098333976778	-0.321675494841219	UP (targets suppressed)	SPL (SQUAMOSA PROMOTER BINDING PROTEIN-LIKE)	Developmental timing	Same as miR156	AT2G42200;AT5G43270;AT1G20980;AT2G33810		1.0
miR158	Flight_x_HW_CARA_vs_BRIC	factorial	2	2	0	0	0	0.0	1.0	-0.2739448520509745	-0.2739448520509745	UNCHANGED	PPR (pentatricopeptide repeat)	RNA processing in organelles	Organelle function may be affected in microgravity	AT1G06580;AT1G62670		1.0
miR395	Flight_x_HW_CARA_vs_BRIC	factorial	4	4	0	0	0	0.0	1.0	0.22222771900111496	0.114353358503692	UNCHANGED	APS1/APS3/APS4/SULTR2;1	Sulfate assimilation and transport	Nutrient metabolism may be altered in spaceflight	AT3G22890;AT5G67500;AT1G80840;AT3G22890		1.0
miR156	Flight_x_HW_VEGGIE_vs_BRIC	factorial	8	8	0	0	0	0.0	1.0	-0.2563345712240183	-0.237327241200752	UNCHANGED	SPL (SQUAMOSA PROMOTER BINDING PROTEIN-LIKE)	Developmental timing, vegetative phase change	SPLs regulate juvenile-to-adult transition; spaceflight may alter developmental timing	AT2G42200;AT5G43270;AT1G20980;AT2G33810;AT3G15270;AT1G53160;AT5G50570;AT1G28550		1.0
miR159	Flight_x_HW_VEGGIE_vs_BRIC	factorial	4	4	0	0	0	0.0	1.0	0.13532282861519698	0.39013247404657647	UNCHANGED	MYB33/MYB65/GAMYB	ABA signaling, germination, stress response	ABA signaling is altered in microgravity; miR159 is a key ABA-responsive miRNA	AT1G66370;AT2G42200;AT5G06100;AT3G11400		1.0
miR160	Flight_x_HW_VEGGIE_vs_BRIC	factorial	3	3	0	0	0	0.0	1.0	0.08552184421977083	0.0715526268984972	UNCHANGED	ARF10/ARF16/ARF17	Auxin signaling, root cap formation, leaf development	Auxin redistribution is central to gravitropic response; ARF10/16/17 regulate root gravitropism	AT2G28350;AT4G30080;AT1G77850		1.0
miR164	Flight_x_HW_VEGGIE_vs_BRIC	factorial	4	4	0	0	0	0.0	1.0	0.15173721445857302	0.157541347822219	UNCHANGED	NAC1/CUC1/CUC2	Lateral root development, organ boundary formation	Lateral root development is altered in microgravity; NAC1 mediates auxin signaling in roots	AT1G56010;AT5G61430;AT5G07680;AT3G15170		1.0
miR165	Flight_x_HW_VEGGIE_vs_BRIC	factorial	4	4	0	0	0	0.0	1.0	-0.1919467577691575	-0.09667403425889315	UNCHANGED	PHB/PHV/REV/CNA (HD-ZIP III)	Leaf polarity, vascular development, meristem	Vascular patterning may be affected by altered auxin flow in microgravity	AT1G52150;AT1G30490;AT5G60690;AT5G65600		1.0
miR166	Flight_x_HW_VEGGIE_vs_BRIC	factorial	4	4	0	0	0	0.0	1.0	-0.1919467577691575	-0.09667403425889315	UNCHANGED	PHB/PHV/REV/CNA (HD-ZIP III)	Leaf polarity, vascular development	Same as miR165	AT1G52150;AT1G30490;AT5G60690;AT5G65600		1.0
miR167	Flight_x_HW_VEGGIE_vs_BRIC	factorial	3	3	0	0	0	0.0	1.0	-0.19232037107950842	-0.192975618055395	UNCHANGED	ARF6/ARF8	Auxin signaling, root development, flower development	ARF6/8 regulate lateral root initiation; auxin redistribution in microgravity affects root architecture	AT1G30330;AT2G33810;AT5G37020		1.0
miR169	Flight_x_HW_VEGGIE_vs_BRIC	factorial	4	4	0	0	0	0.0	1.0	0.533916970405335	0.4696160869620195	DOWN (targets de-repressed)	NF-YA (nuclear factor Y, subunit A)	Drought stress, ABA signaling, flowering	NF-YA regulates drought stress; spaceflight induces stress-like transcriptional responses	AT1G54160;AT5G12840;AT3G05690;AT3G20910		1.0
miR171	Flight_x_HW_VEGGIE_vs_BRIC	factorial	4	4	0	0	0	0.0	1.0	0.09569288814365673	-0.027999111173239548	UNCHANGED	SCL6/SCL22/SCL27 (GRAS domain)	Meristem maintenance, leaf development	Meristem function is altered in microgravity	AT2G45160;AT3G60150;AT4G00150;AT1G69170		1.0
miR172	Flight_x_HW_VEGGIE_vs_BRIC	factorial	4	4	0	0	0	0.0	1.0	0.08741554794823815	-0.0299810154984292	UNCHANGED	AP2/TOE1/TOE2/SMZ	Flowering time, floral identity	Flowering time is altered in spaceflight	AT2G28550;AT5G67030;AT4G36920;AT5G11560		1.0
miR319	Flight_x_HW_VEGGIE_vs_BRIC	factorial	4	4	1	0	1	2.8272478887232984	0.3597765951348014	-0.6452459491875796	-0.7978036745104784	UP (targets suppressed)	TCP2/TCP3/TCP4/TCP10	Leaf development, jasmonate biosynthesis	TCPs regulate leaf morphology; spaceflight affects leaf development	AT1G53230;AT2G31070;AT3G15030;AT5G08310	AT3G15030	1.0
miR393	Flight_x_HW_VEGGIE_vs_BRIC	factorial	4	4	0	0	0	0.0	1.0	0.14542739582667646	0.207373606299814	UNCHANGED	TIR1/AFB2/AFB3 (auxin receptors)	Auxin perception, stress response	TIR1 is the auxin receptor; miR393-mediated downregulation would alter auxin sensitivity in microgravity	AT3G62980;AT5G44750;AT5G64360;AT2G39360		1.0
miR396	Flight_x_HW_VEGGIE_vs_BRIC	factorial	5	5	0	0	0	0.0	1.0	0.18676202202182288	0.13324369531788	UNCHANGED	GRF1-7 (GROWTH REGULATING FACTOR)	Leaf growth, root development	GRFs regulate organ growth; spaceflight alters growth patterns	AT2G36400;AT4G24150;AT5G53460;AT3G46980;AT5G07680		1.0
miR397	Flight_x_HW_VEGGIE_vs_BRIC	factorial	3	3	1	0	1	4.241058122205663	0.2842659497553568	-1.0953859294680497	-0.707904418601334	UP (targets suppressed)	LAC2/LAC4/LAC17 (laccases)	Lignin biosynthesis, secondary cell wall	Cell wall remodeling occurs in microgravity; lignin deposition is altered	AT2G40370;AT2G46570;AT5G05990	AT2G46570	1.0
miR398	Flight_x_HW_VEGGIE_vs_BRIC	factorial	3	3	0	0	0	0.0	1.0	0.16564930481834703	0.276999249518952	UNCHANGED	CSD1/CSD2/CCS (Cu/Zn superoxide dismutases)	Oxidative stress response	Oxidative stress is a major spaceflight stress; miR398 downregulation would increase CSD levels	AT1G08830;AT2G28190;AT5G18100		1.0
miR408	Flight_x_HW_VEGGIE_vs_BRIC	factorial	2	2	1	1	0	8.482488822652757	0.19985296877903824	1.0460527103636403	1.0460527103636403	DOWN (targets de-repressed)	Plantacyanin, laccase	Copper homeostasis, cell wall	Cell wall remodeling in microgravity	AT2G44790;AT5G20230	AT5G20230	1.0
miR157	Flight_x_HW_VEGGIE_vs_BRIC	factorial	4	4	0	0	0	0.0	1.0	-0.3683081591161773	-0.38723435679453516	UP (targets suppressed)	SPL (SQUAMOSA PROMOTER BINDING PROTEIN-LIKE)	Developmental timing	Same as miR156	AT2G42200;AT5G43270;AT1G20980;AT2G33810		1.0
miR158	Flight_x_HW_VEGGIE_vs_BRIC	factorial	2	2	0	0	0	0.0	1.0	-0.019205745114480005	-0.019205745114480005	UNCHANGED	PPR (pentatricopeptide repeat)	RNA processing in organelles	Organelle function may be affected in microgravity	AT1G06580;AT1G62670		1.0
miR395	Flight_x_HW_VEGGIE_vs_BRIC	factorial	4	4	1	1	0	2.8272478887232984	0.3597765951348014	0.28565581239994564	-0.108787454635043	UNCHANGED	APS1/APS3/APS4/SULTR2;1	Sulfate assimilation and transport	Nutrient metabolism may be altered in spaceflight	AT3G22890;AT5G67500;AT1G80840;AT3G22890	AT1G80840	1.0
miR156	Flight_BRIC_FLT_vs_GC	factorial	8	8	1	1	0	4.7759520587666735	0.21027183912234554	0.4289399864568579	0.392241801864475	DOWN (targets de-repressed)	SPL (SQUAMOSA PROMOTER BINDING PROTEIN-LIKE)	Developmental timing, vegetative phase change	SPLs regulate juvenile-to-adult transition; spaceflight may alter developmental timing	AT2G42200;AT5G43270;AT1G20980;AT2G33810;AT3G15270;AT1G53160;AT5G50570;AT1G28550	AT5G50570	1.0
miR159	Flight_BRIC_FLT_vs_GC	factorial	4	4	0	0	0	0.0	1.0	0.06247774762200065	-0.045913490309146196	UNCHANGED	MYB33/MYB65/GAMYB	ABA signaling, germination, stress response	ABA signaling is altered in microgravity; miR159 is a key ABA-responsive miRNA	AT1G66370;AT2G42200;AT5G06100;AT3G11400		1.0
miR160	Flight_BRIC_FLT_vs_GC	factorial	3	3	0	0	0	0.0	1.0	-0.3599332034019837	-0.371723317381966	UP (targets suppressed)	ARF10/ARF16/ARF17	Auxin signaling, root cap formation, leaf development	Auxin redistribution is central to gravitropic response; ARF10/16/17 regulate root gravitropism	AT2G28350;AT4G30080;AT1G77850		1.0
miR164	Flight_BRIC_FLT_vs_GC	factorial	4	4	0	0	0	0.0	1.0	-0.4004381158973747	-0.534328293169688	UP (targets suppressed)	NAC1/CUC1/CUC2	Lateral root development, organ boundary formation	Lateral root development is altered in microgravity; NAC1 mediates auxin signaling in roots	AT1G56010;AT5G61430;AT5G07680;AT3G15170		1.0
miR165	Flight_BRIC_FLT_vs_GC	factorial	4	4	0	0	0	0.0	1.0	-0.11558586452817306	-0.08966604195074954	UNCHANGED	PHB/PHV/REV/CNA (HD-ZIP III)	Leaf polarity, vascular development, meristem	Vascular patterning may be affected by altered auxin flow in microgravity	AT1G52150;AT1G30490;AT5G60690;AT5G65600		1.0
miR166	Flight_BRIC_FLT_vs_GC	factorial	4	4	0	0	0	0.0	1.0	-0.11558586452817306	-0.08966604195074954	UNCHANGED	PHB/PHV/REV/CNA (HD-ZIP III)	Leaf polarity, vascular development	Same as miR165	AT1G52150;AT1G30490;AT5G60690;AT5G65600		1.0
miR167	Flight_BRIC_FLT_vs_GC	factorial	3	3	0	0	0	0.0	1.0	0.3287147545000386	0.17747124400963	DOWN (targets de-repressed)	ARF6/ARF8	Auxin signaling, root development, flower development	ARF6/8 regulate lateral root initiation; auxin redistribution in microgravity affects root architecture	AT1G30330;AT2G33810;AT5G37020		1.0
miR169	Flight_BRIC_FLT_vs_GC	factorial	4	4	0	0	0	0.0	1.0	-0.23989085800809926	-0.25820356649501053	UNCHANGED	NF-YA (nuclear factor Y, subunit A)	Drought stress, ABA signaling, flowering	NF-YA regulates drought stress; spaceflight induces stress-like transcriptional responses	AT1G54160;AT5G12840;AT3G05690;AT3G20910		1.0
miR171	Flight_BRIC_FLT_vs_GC	factorial	4	4	0	0	0	0.0	1.0	-0.24157345460695062	-0.16940087772380102	UNCHANGED	SCL6/SCL22/SCL27 (GRAS domain)	Meristem maintenance, leaf development	Meristem function is altered in microgravity	AT2G45160;AT3G60150;AT4G00150;AT1G69170		1.0
miR172	Flight_BRIC_FLT_vs_GC	factorial	4	4	0	0	0	0.0	1.0	-0.039052949952808454	-0.0519352836521144	UNCHANGED	AP2/TOE1/TOE2/SMZ	Flowering time, floral identity	Flowering time is altered in spaceflight	AT2G28550;AT5G67030;AT4G36920;AT5G11560		1.0
miR319	Flight_BRIC_FLT_vs_GC	factorial	4	4	0	0	0	0.0	1.0	0.47744644042236284	0.6137795046428245	DOWN (targets de-repressed)	TCP2/TCP3/TCP4/TCP10	Leaf development, jasmonate biosynthesis	TCPs regulate leaf morphology; spaceflight affects leaf development	AT1G53230;AT2G31070;AT3G15030;AT5G08310		1.0
miR393	Flight_BRIC_FLT_vs_GC	factorial	4	4	0	0	0	0.0	1.0	-0.09074688268511819	-0.06521525265260175	UNCHANGED	TIR1/AFB2/AFB3 (auxin receptors)	Auxin perception, stress response	TIR1 is the auxin receptor; miR393-mediated downregulation would alter auxin sensitivity in microgravity	AT3G62980;AT5G44750;AT5G64360;AT2G39360		1.0
miR396	Flight_BRIC_FLT_vs_GC	factorial	5	5	0	0	0	0.0	1.0	-0.19333260194876908	-0.0911922868251373	UNCHANGED	GRF1-7 (GROWTH REGULATING FACTOR)	Leaf growth, root development	GRFs regulate organ growth; spaceflight alters growth patterns	AT2G36400;AT4G24150;AT5G53460;AT3G46980;AT5G07680		1.0
miR397	Flight_BRIC_FLT_vs_GC	factorial	3	3	0	0	0	0.0	1.0	0.11132896232597368	0.294168053040948	UNCHANGED	LAC2/LAC4/LAC17 (laccases)	Lignin biosynthesis, secondary cell wall	Cell wall remodeling occurs in microgravity; lignin deposition is altered	AT2G40370;AT2G46570;AT5G05990		1.0
miR398	Flight_BRIC_FLT_vs_GC	factorial	3	3	0	0	0	0.0	1.0	-0.11675853865037389	-0.0398103939516376	UNCHANGED	CSD1/CSD2/CCS (Cu/Zn superoxide dismutases)	Oxidative stress response	Oxidative stress is a major spaceflight stress; miR398 downregulation would increase CSD levels	AT1G08830;AT2G28190;AT5G18100		1.0
miR408	Flight_BRIC_FLT_vs_GC	factorial	2	2	1	0	1	33.43978349120433	0.05730224593141411	-0.9026960980813445	-0.9026960980813445	UP (targets suppressed)	Plantacyanin, laccase	Copper homeostasis, cell wall	Cell wall remodeling in microgravity	AT2G44790;AT5G20230	AT5G20230	1.0
miR157	Flight_BRIC_FLT_vs_GC	factorial	4	4	0	0	0	0.0	1.0	0.39124239075996103	0.48472104976979447	DOWN (targets de-repressed)	SPL (SQUAMOSA PROMOTER BINDING PROTEIN-LIKE)	Developmental timing	Same as miR156	AT2G42200;AT5G43270;AT1G20980;AT2G33810		1.0
miR158	Flight_BRIC_FLT_vs_GC	factorial	2	2	0	0	0	0.0	1.0	-0.01794745889531605	-0.01794745889531605	UNCHANGED	PPR (pentatricopeptide repeat)	RNA processing in organelles	Organelle function may be affected in microgravity	AT1G06580;AT1G62670		1.0
miR395	Flight_BRIC_FLT_vs_GC	factorial	4	4	0	0	0	0.0	1.0	0.015050364982921505	-0.0459454664668815	UNCHANGED	APS1/APS3/APS4/SULTR2;1	Sulfate assimilation and transport	Nutrient metabolism may be altered in spaceflight	AT3G22890;AT5G67500;AT1G80840;AT3G22890		1.0
miR156	Organ_organ_simpleleaf	factorial	8	8	0	0	0	0.0	1.0	-0.29346249684664544	-0.2240500487298352	UNCHANGED	SPL (SQUAMOSA PROMOTER BINDING PROTEIN-LIKE)	Developmental timing, vegetative phase change	SPLs regulate juvenile-to-adult transition; spaceflight may alter developmental timing	AT2G42200;AT5G43270;AT1G20980;AT2G33810;AT3G15270;AT1G53160;AT5G50570;AT1G28550		1.0
miR159	Organ_organ_simpleleaf	factorial	4	4	0	0	0	0.0	1.0	-0.2130037410666118	-0.06858134028551001	UNCHANGED	MYB33/MYB65/GAMYB	ABA signaling, germination, stress response	ABA signaling is altered in microgravity; miR159 is a key ABA-responsive miRNA	AT1G66370;AT2G42200;AT5G06100;AT3G11400		1.0
miR160	Organ_organ_simpleleaf	factorial	3	3	0	0	0	0.0	1.0	0.09219102302210624	0.0945450991219924	UNCHANGED	ARF10/ARF16/ARF17	Auxin signaling, root cap formation, leaf development	Auxin redistribution is central to gravitropic response; ARF10/16/17 regulate root gravitropism	AT2G28350;AT4G30080;AT1G77850		1.0
miR164	Organ_organ_simpleleaf	factorial	4	4	0	0	0	0.0	1.0	0.15470164687266175	0.031395853778932004	UNCHANGED	NAC1/CUC1/CUC2	Lateral root development, organ boundary formation	Lateral root development is altered in microgravity; NAC1 mediates auxin signaling in roots	AT1G56010;AT5G61430;AT5G07680;AT3G15170		1.0
miR165	Organ_organ_simpleleaf	factorial	4	4	0	0	0	0.0	1.0	-0.3679252864776272	-0.279071716488878	UP (targets suppressed)	PHB/PHV/REV/CNA (HD-ZIP III)	Leaf polarity, vascular development, meristem	Vascular patterning may be affected by altered auxin flow in microgravity	AT1G52150;AT1G30490;AT5G60690;AT5G65600		1.0
miR166	Organ_organ_simpleleaf	factorial	4	4	0	0	0	0.0	1.0	-0.3679252864776272	-0.279071716488878	UP (targets suppressed)	PHB/PHV/REV/CNA (HD-ZIP III)	Leaf polarity, vascular development	Same as miR165	AT1G52150;AT1G30490;AT5G60690;AT5G65600		1.0
miR167	Organ_organ_simpleleaf	factorial	3	3	0	0	0	0.0	1.0	-0.225220729747873	-0.371548002700046	UNCHANGED	ARF6/ARF8	Auxin signaling, root development, flower development	ARF6/8 regulate lateral root initiation; auxin redistribution in microgravity affects root architecture	AT1G30330;AT2G33810;AT5G37020		1.0
miR169	Organ_organ_simpleleaf	factorial	4	4	0	0	0	0.0	1.0	-0.36606886679921535	-0.4086272858716055	UP (targets suppressed)	NF-YA (nuclear factor Y, subunit A)	Drought stress, ABA signaling, flowering	NF-YA regulates drought stress; spaceflight induces stress-like transcriptional responses	AT1G54160;AT5G12840;AT3G05690;AT3G20910		1.0
miR171	Organ_organ_simpleleaf	factorial	4	4	1	1	0	28.918390804597703	0.04495565375277483	0.671413017652041	0.3134639100743639	DOWN (targets de-repressed)	SCL6/SCL22/SCL27 (GRAS domain)	Meristem maintenance, leaf development	Meristem function is altered in microgravity	AT2G45160;AT3G60150;AT4G00150;AT1G69170	AT3G60150	1.0
miR172	Organ_organ_simpleleaf	factorial	4	4	0	0	0	0.0	1.0	0.1218640280765552	0.12693314599671415	UNCHANGED	AP2/TOE1/TOE2/SMZ	Flowering time, floral identity	Flowering time is altered in spaceflight	AT2G28550;AT5G67030;AT4G36920;AT5G11560		1.0
miR319	Organ_organ_simpleleaf	factorial	4	4	0	0	0	0.0	1.0	0.15369568655053548	0.18072320764422733	UNCHANGED	TCP2/TCP3/TCP4/TCP10	Leaf development, jasmonate biosynthesis	TCPs regulate leaf morphology; spaceflight affects leaf development	AT1G53230;AT2G31070;AT3G15030;AT5G08310		1.0
miR393	Organ_organ_simpleleaf	factorial	4	4	0	0	0	0.0	1.0	0.3313300947167775	0.1830836151155455	DOWN (targets de-repressed)	TIR1/AFB2/AFB3 (auxin receptors)	Auxin perception, stress response	TIR1 is the auxin receptor; miR393-mediated downregulation would alter auxin sensitivity in microgravity	AT3G62980;AT5G44750;AT5G64360;AT2G39360		1.0
miR396	Organ_organ_simpleleaf	factorial	5	5	0	0	0	0.0	1.0	0.2968298572771743	0.420055061084439	UNCHANGED	GRF1-7 (GROWTH REGULATING FACTOR)	Leaf growth, root development	GRFs regulate organ growth; spaceflight alters growth patterns	AT2G36400;AT4G24150;AT5G53460;AT3G46980;AT5G07680		1.0
miR397	Organ_organ_simpleleaf	factorial	3	3	0	0	0	0.0	1.0	-0.6503439724741603	-0.34138024014512	UP (targets suppressed)	LAC2/LAC4/LAC17 (laccases)	Lignin biosynthesis, secondary cell wall	Cell wall remodeling occurs in microgravity; lignin deposition is altered	AT2G40370;AT2G46570;AT5G05990		1.0
miR398	Organ_organ_simpleleaf	factorial	3	3	0	0	0	0.0	1.0	0.030165082128905108	0.0004035187452123	UNCHANGED	CSD1/CSD2/CCS (Cu/Zn superoxide dismutases)	Oxidative stress response	Oxidative stress is a major spaceflight stress; miR398 downregulation would increase CSD levels	AT1G08830;AT2G28190;AT5G18100		1.0
miR408	Organ_organ_simpleleaf	factorial	2	2	0	0	0	0.0	1.0	0.8322152967606545	0.8322152967606545	DOWN (targets de-repressed)	Plantacyanin, laccase	Copper homeostasis, cell wall	Cell wall remodeling in microgravity	AT2G44790;AT5G20230		1.0
miR157	Organ_organ_simpleleaf	factorial	4	4	0	0	0	0.0	1.0	-0.1623179101530456	-0.2240500487298352	UNCHANGED	SPL (SQUAMOSA PROMOTER BINDING PROTEIN-LIKE)	Developmental timing	Same as miR156	AT2G42200;AT5G43270;AT1G20980;AT2G33810		1.0
miR158	Organ_organ_simpleleaf	factorial	2	2	0	0	0	0.0	1.0	-0.3248733111348031	-0.3248733111348031	UP (targets suppressed)	PPR (pentatricopeptide repeat)	RNA processing in organelles	Organelle function may be affected in microgravity	AT1G06580;AT1G62670		1.0
miR395	Organ_organ_simpleleaf	factorial	4	4	0	0	0	0.0	1.0	0.29435244653417963	0.255836402337021	UNCHANGED	APS1/APS3/APS4/SULTR2;1	Sulfate assimilation and transport	Nutrient metabolism may be altered in spaceflight	AT3G22890;AT5G67500;AT1G80840;AT3G22890		1.0
miR156	Organ_organ_simpleroot	factorial	8	8	0	0	0	0.0	1.0	-0.036547721480801654	-0.20264054715846436	UNCHANGED	SPL (SQUAMOSA PROMOTER BINDING PROTEIN-LIKE)	Developmental timing, vegetative phase change	SPLs regulate juvenile-to-adult transition; spaceflight may alter developmental timing	AT2G42200;AT5G43270;AT1G20980;AT2G33810;AT3G15270;AT1G53160;AT5G50570;AT1G28550		1.0
miR159	Organ_organ_simpleroot	factorial	4	4	0	0	0	0.0	1.0	-0.25435367906944145	-0.2580410453692751	UNCHANGED	MYB33/MYB65/GAMYB	ABA signaling, germination, stress response	ABA signaling is altered in microgravity; miR159 is a key ABA-responsive miRNA	AT1G66370;AT2G42200;AT5G06100;AT3G11400		1.0
miR160	Organ_organ_simpleroot	factorial	3	3	0	0	0	0.0	1.0	0.14030898212042753	0.129552296943487	UNCHANGED	ARF10/ARF16/ARF17	Auxin signaling, root cap formation, leaf development	Auxin redistribution is central to gravitropic response; ARF10/16/17 regulate root gravitropism	AT2G28350;AT4G30080;AT1G77850		1.0
miR164	Organ_organ_simpleroot	factorial	4	4	0	0	0	0.0	1.0	0.15239980888299073	0.09104564752003298	UNCHANGED	NAC1/CUC1/CUC2	Lateral root development, organ boundary formation	Lateral root development is altered in microgravity; NAC1 mediates auxin signaling in roots	AT1G56010;AT5G61430;AT5G07680;AT3G15170		1.0
miR165	Organ_organ_simpleroot	factorial	4	4	0	0	0	0.0	1.0	-0.2153751912383129	-0.2320298340096985	UNCHANGED	PHB/PHV/REV/CNA (HD-ZIP III)	Leaf polarity, vascular development, meristem	Vascular patterning may be affected by altered auxin flow in microgravity	AT1G52150;AT1G30490;AT5G60690;AT5G65600		1.0
miR166	Organ_organ_simpleroot	factorial	4	4	0	0	0	0.0	1.0	-0.2153751912383129	-0.2320298340096985	UNCHANGED	PHB/PHV/REV/CNA (HD-ZIP III)	Leaf polarity, vascular development	Same as miR165	AT1G52150;AT1G30490;AT5G60690;AT5G65600		1.0
miR167	Organ_organ_simpleroot	factorial	3	3	0	0	0	0.0	1.0	-0.19428666731705332	-0.158766847526579	UNCHANGED	ARF6/ARF8	Auxin signaling, root development, flower development	ARF6/8 regulate lateral root initiation; auxin redistribution in microgravity affects root architecture	AT1G30330;AT2G33810;AT5G37020		1.0
miR169	Organ_organ_simpleroot	factorial	4	4	0	0	0	0.0	1.0	-0.29405841653473275	-0.360139002703657	UNCHANGED	NF-YA (nuclear factor Y, subunit A)	Drought stress, ABA signaling, flowering	NF-YA regulates drought stress; spaceflight induces stress-like transcriptional responses	AT1G54160;AT5G12840;AT3G05690;AT3G20910		1.0
miR171	Organ_organ_simpleroot	factorial	4	4	0	0	0	0.0	1.0	0.15847161832433043	0.14271095548260285	UNCHANGED	SCL6/SCL22/SCL27 (GRAS domain)	Meristem maintenance, leaf development	Meristem function is altered in microgravity	AT2G45160;AT3G60150;AT4G00150;AT1G69170		1.0
miR172	Organ_organ_simpleroot	factorial	4	4	0	0	0	0.0	1.0	0.22050379247104038	0.25451385113588	UNCHANGED	AP2/TOE1/TOE2/SMZ	Flowering time, floral identity	Flowering time is altered in spaceflight	AT2G28550;AT5G67030;AT4G36920;AT5G11560		1.0
miR319	Organ_organ_simpleroot	factorial	4	4	0	0	0	0.0	1.0	0.375724821517286	0.384484173912735	DOWN (targets de-repressed)	TCP2/TCP3/TCP4/TCP10	Leaf development, jasmonate biosynthesis	TCPs regulate leaf morphology; spaceflight affects leaf development	AT1G53230;AT2G31070;AT3G15030;AT5G08310		1.0
miR393	Organ_organ_simpleroot	factorial	4	4	0	0	0	0.0	1.0	0.2451412645857438	0.049050945533924944	UNCHANGED	TIR1/AFB2/AFB3 (auxin receptors)	Auxin perception, stress response	TIR1 is the auxin receptor; miR393-mediated downregulation would alter auxin sensitivity in microgravity	AT3G62980;AT5G44750;AT5G64360;AT2G39360		1.0
miR396	Organ_organ_simpleroot	factorial	5	5	0	0	0	0.0	1.0	0.2119629393153625	0.290875290005702	UNCHANGED	GRF1-7 (GROWTH REGULATING FACTOR)	Leaf growth, root development	GRFs regulate organ growth; spaceflight alters growth patterns	AT2G36400;AT4G24150;AT5G53460;AT3G46980;AT5G07680		1.0
miR397	Organ_organ_simpleroot	factorial	3	3	0	0	0	0.0	1.0	-0.2628186832656025	-0.191268813034436	UNCHANGED	LAC2/LAC4/LAC17 (laccases)	Lignin biosynthesis, secondary cell wall	Cell wall remodeling occurs in microgravity; lignin deposition is altered	AT2G40370;AT2G46570;AT5G05990		1.0
miR398	Organ_organ_simpleroot	factorial	3	3	0	0	0	0.0	1.0	0.04722054847598866	0.223442223507029	UNCHANGED	CSD1/CSD2/CCS (Cu/Zn superoxide dismutases)	Oxidative stress response	Oxidative stress is a major spaceflight stress; miR398 downregulation would increase CSD levels	AT1G08830;AT2G28190;AT5G18100		1.0
miR408	Organ_organ_simpleroot	factorial	2	2	0	0	0	0.0	1.0	-0.0807873546812335	-0.0807873546812335	UNCHANGED	Plantacyanin, laccase	Copper homeostasis, cell wall	Cell wall remodeling in microgravity	AT2G44790;AT5G20230		1.0
miR157	Organ_organ_simpleroot	factorial	4	4	0	0	0	0.0	1.0	-0.12730204000411333	-0.26806233998782464	UNCHANGED	SPL (SQUAMOSA PROMOTER BINDING PROTEIN-LIKE)	Developmental timing	Same as miR156	AT2G42200;AT5G43270;AT1G20980;AT2G33810		1.0
miR158	Organ_organ_simpleroot	factorial	2	2	0	0	0	0.0	1.0	-0.3301397708303895	-0.3301397708303895	UP (targets suppressed)	PPR (pentatricopeptide repeat)	RNA processing in organelles	Organelle function may be affected in microgravity	AT1G06580;AT1G62670		1.0
miR395	Organ_organ_simpleroot	factorial	4	4	0	0	0	0.0	1.0	0.26048038814453434	0.23819453578273	UNCHANGED	APS1/APS3/APS4/SULTR2;1	Sulfate assimilation and transport	Nutrient metabolism may be altered in spaceflight	AT3G22890;AT5G67500;AT1G80840;AT3G22890		1.0
miR156	Organ_organ_simpleshoot	factorial	8	8	0	0	0	0.0	1.0	0.13176531640655864	0.0750275323403087	UNCHANGED	SPL (SQUAMOSA PROMOTER BINDING PROTEIN-LIKE)	Developmental timing, vegetative phase change	SPLs regulate juvenile-to-adult transition; spaceflight may alter developmental timing	AT2G42200;AT5G43270;AT1G20980;AT2G33810;AT3G15270;AT1G53160;AT5G50570;AT1G28550		1.0
miR159	Organ_organ_simpleshoot	factorial	4	4	0	0	0	0.0	1.0	0.03643034574103735	0.05308690135785695	UNCHANGED	MYB33/MYB65/GAMYB	ABA signaling, germination, stress response	ABA signaling is altered in microgravity; miR159 is a key ABA-responsive miRNA	AT1G66370;AT2G42200;AT5G06100;AT3G11400		1.0
miR160	Organ_organ_simpleshoot	factorial	3	3	0	0	0	0.0	1.0	-0.05033207294930733	-0.073842188165881	UNCHANGED	ARF10/ARF16/ARF17	Auxin signaling, root cap formation, leaf development	Auxin redistribution is central to gravitropic response; ARF10/16/17 regulate root gravitropism	AT2G28350;AT4G30080;AT1G77850		1.0
miR164	Organ_organ_simpleshoot	factorial	4	4	0	0	0	0.0	1.0	-0.16565720368974052	-0.15608851664356	UNCHANGED	NAC1/CUC1/CUC2	Lateral root development, organ boundary formation	Lateral root development is altered in microgravity; NAC1 mediates auxin signaling in roots	AT1G56010;AT5G61430;AT5G07680;AT3G15170		1.0
miR165	Organ_organ_simpleshoot	factorial	4	4	0	0	0	0.0	1.0	-0.170425359806128	-0.1630709615255715	UNCHANGED	PHB/PHV/REV/CNA (HD-ZIP III)	Leaf polarity, vascular development, meristem	Vascular patterning may be affected by altered auxin flow in microgravity	AT1G52150;AT1G30490;AT5G60690;AT5G65600		1.0
miR166	Organ_organ_simpleshoot	factorial	4	4	0	0	0	0.0	1.0	-0.170425359806128	-0.1630709615255715	UNCHANGED	PHB/PHV/REV/CNA (HD-ZIP III)	Leaf polarity, vascular development	Same as miR165	AT1G52150;AT1G30490;AT5G60690;AT5G65600		1.0
miR167	Organ_organ_simpleshoot	factorial	3	3	0	0	0	0.0	1.0	0.17953632639747316	0.0620876556963026	UNCHANGED	ARF6/ARF8	Auxin signaling, root development, flower development	ARF6/8 regulate lateral root initiation; auxin redistribution in microgravity affects root architecture	AT1G30330;AT2G33810;AT5G37020		1.0
miR169	Organ_organ_simpleshoot	factorial	4	4	0	0	0	0.0	1.0	-0.1620006180414181	-0.188155790913337	UNCHANGED	NF-YA (nuclear factor Y, subunit A)	Drought stress, ABA signaling, flowering	NF-YA regulates drought stress; spaceflight induces stress-like transcriptional responses	AT1G54160;AT5G12840;AT3G05690;AT3G20910		1.0
miR171	Organ_organ_simpleshoot	factorial	4	4	0	0	0	0.0	1.0	0.011363979904666258	0.009431784157771503	UNCHANGED	SCL6/SCL22/SCL27 (GRAS domain)	Meristem maintenance, leaf development	Meristem function is altered in microgravity	AT2G45160;AT3G60150;AT4G00150;AT1G69170		1.0
miR172	Organ_organ_simpleshoot	factorial	4	4	0	0	0	0.0	1.0	0.018860367116759244	-0.00307079218718	UNCHANGED	AP2/TOE1/TOE2/SMZ	Flowering time, floral identity	Flowering time is altered in spaceflight	AT2G28550;AT5G67030;AT4G36920;AT5G11560		1.0
miR319	Organ_organ_simpleshoot	factorial	4	4	0	0	0	0.0	1.0	0.5228213082143992	0.6465072610709535	DOWN (targets de-repressed)	TCP2/TCP3/TCP4/TCP10	Leaf development, jasmonate biosynthesis	TCPs regulate leaf morphology; spaceflight affects leaf development	AT1G53230;AT2G31070;AT3G15030;AT5G08310		1.0
miR393	Organ_organ_simpleshoot	factorial	4	4	0	0	0	0.0	1.0	0.07129457028391524	-0.011092957031722049	UNCHANGED	TIR1/AFB2/AFB3 (auxin receptors)	Auxin perception, stress response	TIR1 is the auxin receptor; miR393-mediated downregulation would alter auxin sensitivity in microgravity	AT3G62980;AT5G44750;AT5G64360;AT2G39360		1.0
miR396	Organ_organ_simpleshoot	factorial	5	5	0	0	0	0.0	1.0	0.15112846963790608	0.0586734429387013	UNCHANGED	GRF1-7 (GROWTH REGULATING FACTOR)	Leaf growth, root development	GRFs regulate organ growth; spaceflight alters growth patterns	AT2G36400;AT4G24150;AT5G53460;AT3G46980;AT5G07680		1.0
miR397	Organ_organ_simpleshoot	factorial	3	3	0	0	0	0.0	1.0	-0.3230459519284175	-0.302992508831451	UP (targets suppressed)	LAC2/LAC4/LAC17 (laccases)	Lignin biosynthesis, secondary cell wall	Cell wall remodeling occurs in microgravity; lignin deposition is altered	AT2G40370;AT2G46570;AT5G05990		1.0
miR398	Organ_organ_simpleshoot	factorial	3	3	0	0	0	0.0	1.0	0.0286594321985849	0.0352990315091516	UNCHANGED	CSD1/CSD2/CCS (Cu/Zn superoxide dismutases)	Oxidative stress response	Oxidative stress is a major spaceflight stress; miR398 downregulation would increase CSD levels	AT1G08830;AT2G28190;AT5G18100		1.0
miR408	Organ_organ_simpleshoot	factorial	2	2	0	0	0	0.0	1.0	0.0779329051510726	0.0779329051510726	UNCHANGED	Plantacyanin, laccase	Copper homeostasis, cell wall	Cell wall remodeling in microgravity	AT2G44790;AT5G20230		1.0
miR157	Organ_organ_simpleshoot	factorial	4	4	0	0	0	0.0	1.0	0.16608573576811142	0.0690513266849424	UNCHANGED	SPL (SQUAMOSA PROMOTER BINDING PROTEIN-LIKE)	Developmental timing	Same as miR156	AT2G42200;AT5G43270;AT1G20980;AT2G33810		1.0
miR158	Organ_organ_simpleshoot	factorial	2	2	0	0	0	0.0	1.0	-0.132486897760461	-0.132486897760461	UNCHANGED	PPR (pentatricopeptide repeat)	RNA processing in organelles	Organelle function may be affected in microgravity	AT1G06580;AT1G62670		1.0
miR395	Organ_organ_simpleshoot	factorial	4	4	0	0	0	0.0	1.0	0.16248755720861227	0.105851362701281	UNCHANGED	APS1/APS3/APS4/SULTR2;1	Sulfate assimilation and transport	Nutrient metabolism may be altered in spaceflight	AT3G22890;AT5G67500;AT1G80840;AT3G22890		1.0
miR156	Organ_organ_simpleundifferentiated.cell.culture	factorial	8	8	0	0	0	0.0	1.0	-0.2989593681691076	-0.256286081867501	UNCHANGED	SPL (SQUAMOSA PROMOTER BINDING PROTEIN-LIKE)	Developmental timing, vegetative phase change	SPLs regulate juvenile-to-adult transition; spaceflight may alter developmental timing	AT2G42200;AT5G43270;AT1G20980;AT2G33810;AT3G15270;AT1G53160;AT5G50570;AT1G28550		1.0
miR159	Organ_organ_simpleundifferentiated.cell.culture	factorial	4	4	1	0	1	6.880102040816326	0.17253879519061743	-0.3801020035371142	-0.5739249763038244	UP (targets suppressed)	MYB33/MYB65/GAMYB	ABA signaling, germination, stress response	ABA signaling is altered in microgravity; miR159 is a key ABA-responsive miRNA	AT1G66370;AT2G42200;AT5G06100;AT3G11400	AT1G66370	1.0
miR160	Organ_organ_simpleundifferentiated.cell.culture	factorial	3	3	0	0	0	0.0	1.0	-0.005771940336311233	-0.0100554922796252	UNCHANGED	ARF10/ARF16/ARF17	Auxin signaling, root cap formation, leaf development	Auxin redistribution is central to gravitropic response; ARF10/16/17 regulate root gravitropism	AT2G28350;AT4G30080;AT1G77850		1.0
miR164	Organ_organ_simpleundifferentiated.cell.culture	factorial	4	4	0	0	0	0.0	1.0	0.26327258316730195	0.020856424536797508	UNCHANGED	NAC1/CUC1/CUC2	Lateral root development, organ boundary formation	Lateral root development is altered in microgravity; NAC1 mediates auxin signaling in roots	AT1G56010;AT5G61430;AT5G07680;AT3G15170		1.0
miR165	Organ_organ_simpleundifferentiated.cell.culture	factorial	4	4	0	0	0	0.0	1.0	-0.18022782172382099	-0.044075046447177496	UNCHANGED	PHB/PHV/REV/CNA (HD-ZIP III)	Leaf polarity, vascular development, meristem	Vascular patterning may be affected by altered auxin flow in microgravity	AT1G52150;AT1G30490;AT5G60690;AT5G65600		1.0
miR166	Organ_organ_simpleundifferentiated.cell.culture	factorial	4	4	0	0	0	0.0	1.0	-0.18022782172382099	-0.044075046447177496	UNCHANGED	PHB/PHV/REV/CNA (HD-ZIP III)	Leaf polarity, vascular development	Same as miR165	AT1G52150;AT1G30490;AT5G60690;AT5G65600		1.0
miR167	Organ_organ_simpleundifferentiated.cell.culture	factorial	3	3	0	0	0	0.0	1.0	-0.4905916160856807	-0.212953003876809	UP (targets suppressed)	ARF6/ARF8	Auxin signaling, root development, flower development	ARF6/8 regulate lateral root initiation; auxin redistribution in microgravity affects root architecture	AT1G30330;AT2G33810;AT5G37020		1.0
miR169	Organ_organ_simpleundifferentiated.cell.culture	factorial	4	4	0	0	0	0.0	1.0	-0.47981049287947597	-0.653750799137546	UP (targets suppressed)	NF-YA (nuclear factor Y, subunit A)	Drought stress, ABA signaling, flowering	NF-YA regulates drought stress; spaceflight induces stress-like transcriptional responses	AT1G54160;AT5G12840;AT3G05690;AT3G20910		1.0
miR171	Organ_organ_simpleundifferentiated.cell.culture	factorial	4	4	1	1	0	6.880102040816326	0.17253879519061743	0.6286460174514685	0.30071762625751997	DOWN (targets de-repressed)	SCL6/SCL22/SCL27 (GRAS domain)	Meristem maintenance, leaf development	Meristem function is altered in microgravity	AT2G45160;AT3G60150;AT4G00150;AT1G69170	AT3G60150	1.0
miR172	Organ_organ_simpleundifferentiated.cell.culture	factorial	4	4	0	0	0	0.0	1.0	0.11201856194189075	0.04512280507861051	UNCHANGED	AP2/TOE1/TOE2/SMZ	Flowering time, floral identity	Flowering time is altered in spaceflight	AT2G28550;AT5G67030;AT4G36920;AT5G11560		1.0
miR319	Organ_organ_simpleundifferentiated.cell.culture	factorial	4	4	0	0	0	0.0	1.0	-0.0347214190032303	0.03412721101397039	UNCHANGED	TCP2/TCP3/TCP4/TCP10	Leaf development, jasmonate biosynthesis	TCPs regulate leaf morphology; spaceflight affects leaf development	AT1G53230;AT2G31070;AT3G15030;AT5G08310		1.0
miR393	Organ_organ_simpleundifferentiated.cell.culture	factorial	4	4	0	0	0	0.0	1.0	0.5348862942033514	0.396610107868941	DOWN (targets de-repressed)	TIR1/AFB2/AFB3 (auxin receptors)	Auxin perception, stress response	TIR1 is the auxin receptor; miR393-mediated downregulation would alter auxin sensitivity in microgravity	AT3G62980;AT5G44750;AT5G64360;AT2G39360		1.0
miR396	Organ_organ_simpleundifferentiated.cell.culture	factorial	5	5	0	0	0	0.0	1.0	-0.015273544894112995	0.176024731582572	UNCHANGED	GRF1-7 (GROWTH REGULATING FACTOR)	Leaf growth, root development	GRFs regulate organ growth; spaceflight alters growth patterns	AT2G36400;AT4G24150;AT5G53460;AT3G46980;AT5G07680		1.0
miR397	Organ_organ_simpleundifferentiated.cell.culture	factorial	3	3	0	0	0	0.0	1.0	-0.557562074926704	-0.456213755673118	UP (targets suppressed)	LAC2/LAC4/LAC17 (laccases)	Lignin biosynthesis, secondary cell wall	Cell wall remodeling occurs in microgravity; lignin deposition is altered	AT2G40370;AT2G46570;AT5G05990		1.0
miR398	Organ_organ_simpleundifferentiated.cell.culture	factorial	3	3	0	0	0	0.0	1.0	0.4810208334416583	0.702833173388185	DOWN (targets de-repressed)	CSD1/CSD2/CCS (Cu/Zn superoxide dismutases)	Oxidative stress response	Oxidative stress is a major spaceflight stress; miR398 downregulation would increase CSD levels	AT1G08830;AT2G28190;AT5G18100		1.0
miR408	Organ_organ_simpleundifferentiated.cell.culture	factorial	2	2	0	0	0	0.0	1.0	-0.22648880569879343	-0.22648880569879343	UNCHANGED	Plantacyanin, laccase	Copper homeostasis, cell wall	Cell wall remodeling in microgravity	AT2G44790;AT5G20230		1.0
miR157	Organ_organ_simpleundifferentiated.cell.culture	factorial	4	4	0	0	0	0.0	1.0	-0.1191161480872953	-0.14109166337521564	UNCHANGED	SPL (SQUAMOSA PROMOTER BINDING PROTEIN-LIKE)	Developmental timing	Same as miR156	AT2G42200;AT5G43270;AT1G20980;AT2G33810		1.0
miR158	Organ_organ_simpleundifferentiated.cell.culture	factorial	2	2	0	0	0	0.0	1.0	-0.11692048830503504	-0.11692048830503504	UNCHANGED	PPR (pentatricopeptide repeat)	RNA processing in organelles	Organelle function may be affected in microgravity	AT1G06580;AT1G62670		1.0
miR395	Organ_organ_simpleundifferentiated.cell.culture	factorial	4	4	0	0	0	0.0	1.0	0.6093995771993034	0.867418128185171	DOWN (targets de-repressed)	APS1/APS3/APS4/SULTR2;1	Sulfate assimilation and transport	Nutrient metabolism may be altered in spaceflight	AT3G22890;AT5G67500;AT1G80840;AT3G22890		1.0
miR156	Organ_organ_simplewhole_seedling	factorial	8	8	0	0	0	0.0	1.0	-0.10834781339436966	-0.25610504749498475	UNCHANGED	SPL (SQUAMOSA PROMOTER BINDING PROTEIN-LIKE)	Developmental timing, vegetative phase change	SPLs regulate juvenile-to-adult transition; spaceflight may alter developmental timing	AT2G42200;AT5G43270;AT1G20980;AT2G33810;AT3G15270;AT1G53160;AT5G50570;AT1G28550		1.0
miR159	Organ_organ_simplewhole_seedling	factorial	4	4	0	0	0	0.0	1.0	-0.22932332420904278	-0.2574627229871055	UNCHANGED	MYB33/MYB65/GAMYB	ABA signaling, germination, stress response	ABA signaling is altered in microgravity; miR159 is a key ABA-responsive miRNA	AT1G66370;AT2G42200;AT5G06100;AT3G11400		1.0
miR160	Organ_organ_simplewhole_seedling	factorial	3	3	0	0	0	0.0	1.0	0.112627928152715	0.102654185505775	UNCHANGED	ARF10/ARF16/ARF17	Auxin signaling, root cap formation, leaf development	Auxin redistribution is central to gravitropic response; ARF10/16/17 regulate root gravitropism	AT2G28350;AT4G30080;AT1G77850		1.0
miR164	Organ_organ_simplewhole_seedling	factorial	4	4	0	0	0	0.0	1.0	0.26093707275755923	0.1712813277328485	UNCHANGED	NAC1/CUC1/CUC2	Lateral root development, organ boundary formation	Lateral root development is altered in microgravity; NAC1 mediates auxin signaling in roots	AT1G56010;AT5G61430;AT5G07680;AT3G15170		1.0
miR165	Organ_organ_simplewhole_seedling	factorial	4	4	0	0	0	0.0	1.0	-0.17582002179593065	-0.1655412297047335	UNCHANGED	PHB/PHV/REV/CNA (HD-ZIP III)	Leaf polarity, vascular development, meristem	Vascular patterning may be affected by altered auxin flow in microgravity	AT1G52150;AT1G30490;AT5G60690;AT5G65600		1.0
miR166	Organ_organ_simplewhole_seedling	factorial	4	4	0	0	0	0.0	1.0	-0.17582002179593065	-0.1655412297047335	UNCHANGED	PHB/PHV/REV/CNA (HD-ZIP III)	Leaf polarity, vascular development	Same as miR165	AT1G52150;AT1G30490;AT5G60690;AT5G65600		1.0
miR167	Organ_organ_simplewhole_seedling	factorial	3	3	0	0	0	0.0	1.0	-0.3636364031415044	-0.519339356220279	UP (targets suppressed)	ARF6/ARF8	Auxin signaling, root development, flower development	ARF6/8 regulate lateral root initiation; auxin redistribution in microgravity affects root architecture	AT1G30330;AT2G33810;AT5G37020		1.0
miR169	Organ_organ_simplewhole_seedling	factorial	4	4	0	0	0	0.0	1.0	-0.26165580124805676	-0.311188277770514	UNCHANGED	NF-YA (nuclear factor Y, subunit A)	Drought stress, ABA signaling, flowering	NF-YA regulates drought stress; spaceflight induces stress-like transcriptional responses	AT1G54160;AT5G12840;AT3G05690;AT3G20910		1.0
miR171	Organ_organ_simplewhole_seedling	factorial	4	4	1	1	0	16.735077129443326	0.07599920772320909	0.6685489493572639	0.18522073403503458	DOWN (targets de-repressed)	SCL6/SCL22/SCL27 (GRAS domain)	Meristem maintenance, leaf development	Meristem function is altered in microgravity	AT2G45160;AT3G60150;AT4G00150;AT1G69170	AT3G60150	1.0
miR172	Organ_organ_simplewhole_seedling	factorial	4	4	0	0	0	0.0	1.0	0.12939557576917246	0.13338575048247603	UNCHANGED	AP2/TOE1/TOE2/SMZ	Flowering time, floral identity	Flowering time is altered in spaceflight	AT2G28550;AT5G67030;AT4G36920;AT5G11560		1.0
miR319	Organ_organ_simplewhole_seedling	factorial	4	4	0	0	0	0.0	1.0	0.21361301591512802	0.21223793747158365	UNCHANGED	TCP2/TCP3/TCP4/TCP10	Leaf development, jasmonate biosynthesis	TCPs regulate leaf morphology; spaceflight affects leaf development	AT1G53230;AT2G31070;AT3G15030;AT5G08310		1.0
miR393	Organ_organ_simplewhole_seedling	factorial	4	4	0	0	0	0.0	1.0	0.36014268268377	0.24438390049534897	DOWN (targets de-repressed)	TIR1/AFB2/AFB3 (auxin receptors)	Auxin perception, stress response	TIR1 is the auxin receptor; miR393-mediated downregulation would alter auxin sensitivity in microgravity	AT3G62980;AT5G44750;AT5G64360;AT2G39360		1.0
miR396	Organ_organ_simplewhole_seedling	factorial	5	5	0	0	0	0.0	1.0	0.28370018138057945	0.345990439514248	UNCHANGED	GRF1-7 (GROWTH REGULATING FACTOR)	Leaf growth, root development	GRFs regulate organ growth; spaceflight alters growth patterns	AT2G36400;AT4G24150;AT5G53460;AT3G46980;AT5G07680		1.0
miR397	Organ_organ_simplewhole_seedling	factorial	3	3	0	0	0	0.0	1.0	-0.31427940978743846	-0.3261153284012	UP (targets suppressed)	LAC2/LAC4/LAC17 (laccases)	Lignin biosynthesis, secondary cell wall	Cell wall remodeling occurs in microgravity; lignin deposition is altered	AT2G40370;AT2G46570;AT5G05990		1.0
miR398	Organ_organ_simplewhole_seedling	factorial	3	3	0	0	0	0.0	1.0	0.017620244338604336	0.032243633053601	UNCHANGED	CSD1/CSD2/CCS (Cu/Zn superoxide dismutases)	Oxidative stress response	Oxidative stress is a major spaceflight stress; miR398 downregulation would increase CSD levels	AT1G08830;AT2G28190;AT5G18100		1.0
miR408	Organ_organ_simplewhole_seedling	factorial	2	2	0	0	0	0.0	1.0	-0.008914352393282032	-0.008914352393282032	UNCHANGED	Plantacyanin, laccase	Copper homeostasis, cell wall	Cell wall remodeling in microgravity	AT2G44790;AT5G20230		1.0
miR157	Organ_organ_simplewhole_seedling	factorial	4	4	0	0	0	0.0	1.0	-0.13424320238427861	-0.25610504749498475	UNCHANGED	SPL (SQUAMOSA PROMOTER BINDING PROTEIN-LIKE)	Developmental timing	Same as miR156	AT2G42200;AT5G43270;AT1G20980;AT2G33810		1.0
miR158	Organ_organ_simplewhole_seedling	factorial	2	2	0	0	0	0.0	1.0	-0.009225072538897948	-0.009225072538897948	UNCHANGED	PPR (pentatricopeptide repeat)	RNA processing in organelles	Organelle function may be affected in microgravity	AT1G06580;AT1G62670		1.0
miR395	Organ_organ_simplewhole_seedling	factorial	4	4	0	0	0	0.0	1.0	0.2667296856001097	0.120733089767755	UNCHANGED	APS1/APS3/APS4/SULTR2;1	Sulfate assimilation and transport	Nutrient metabolism may be altered in spaceflight	AT3G22890;AT5G67500;AT1G80840;AT3G22890		1.0
miR156	Light_lightdark	factorial	8	8	2	2	0	2.0253058954393772	0.3154118258882779	0.42515487507195926	0.24477912310879618	DOWN (targets de-repressed)	SPL (SQUAMOSA PROMOTER BINDING PROTEIN-LIKE)	Developmental timing, vegetative phase change	SPLs regulate juvenile-to-adult transition; spaceflight may alter developmental timing	AT2G42200;AT5G43270;AT1G20980;AT2G33810;AT3G15270;AT1G53160;AT5G50570;AT1G28550	AT3G15270;AT2G42200	1.0
miR159	Light_lightdark	factorial	4	4	1	1	0	2.0250208507089242	0.45646129232258614	0.36129363244871443	0.08962020314766991	DOWN (targets de-repressed)	MYB33/MYB65/GAMYB	ABA signaling, germination, stress response	ABA signaling is altered in microgravity; miR159 is a key ABA-responsive miRNA	AT1G66370;AT2G42200;AT5G06100;AT3G11400	AT2G42200	1.0
miR160	Light_lightdark	factorial	3	3	0	0	0	0.0	1.0	0.20913171541348116	0.170025754960184	UNCHANGED	ARF10/ARF16/ARF17	Auxin signaling, root cap formation, leaf development	Auxin redistribution is central to gravitropic response; ARF10/16/17 regulate root gravitropism	AT2G28350;AT4G30080;AT1G77850		1.0
miR164	Light_lightdark	factorial	4	4	0	0	0	0.0	1.0	0.5770908979538686	0.6109915800496575	DOWN (targets de-repressed)	NAC1/CUC1/CUC2	Lateral root development, organ boundary formation	Lateral root development is altered in microgravity; NAC1 mediates auxin signaling in roots	AT1G56010;AT5G61430;AT5G07680;AT3G15170		1.0
miR165	Light_lightdark	factorial	4	4	1	1	0	2.0250208507089242	0.45646129232258614	0.6880420217830492	0.515789772500638	DOWN (targets de-repressed)	PHB/PHV/REV/CNA (HD-ZIP III)	Leaf polarity, vascular development, meristem	Vascular patterning may be affected by altered auxin flow in microgravity	AT1G52150;AT1G30490;AT5G60690;AT5G65600	AT5G65600	1.0
miR166	Light_lightdark	factorial	4	4	1	1	0	2.0250208507089242	0.45646129232258614	0.6880420217830492	0.515789772500638	DOWN (targets de-repressed)	PHB/PHV/REV/CNA (HD-ZIP III)	Leaf polarity, vascular development	Same as miR165	AT1G52150;AT1G30490;AT5G60690;AT5G65600	AT5G65600	1.0
miR167	Light_lightdark	factorial	3	3	0	0	0	0.0	1.0	0.2973374177752793	0.738392505634368	UNCHANGED	ARF6/ARF8	Auxin signaling, root development, flower development	ARF6/8 regulate lateral root initiation; auxin redistribution in microgravity affects root architecture	AT1G30330;AT2G33810;AT5G37020		1.0
miR169	Light_lightdark	factorial	4	4	0	0	0	0.0	1.0	-0.010756666196549825	-0.08646513981629865	UNCHANGED	NF-YA (nuclear factor Y, subunit A)	Drought stress, ABA signaling, flowering	NF-YA regulates drought stress; spaceflight induces stress-like transcriptional responses	AT1G54160;AT5G12840;AT3G05690;AT3G20910		1.0
miR171	Light_lightdark	factorial	4	4	0	0	0	0.0	1.0	0.15273370939283798	0.2758760582952545	UNCHANGED	SCL6/SCL22/SCL27 (GRAS domain)	Meristem maintenance, leaf development	Meristem function is altered in microgravity	AT2G45160;AT3G60150;AT4G00150;AT1G69170		1.0
miR172	Light_lightdark	factorial	4	4	2	0	2	6.077030033370412	0.0984799139181682	-0.6972359900708309	-0.460304668196161	UP (targets suppressed)	AP2/TOE1/TOE2/SMZ	Flowering time, floral identity	Flowering time is altered in spaceflight	AT2G28550;AT5G67030;AT4G36920;AT5G11560	AT2G28550;AT5G67030	1.0
miR319	Light_lightdark	factorial	4	4	0	0	0	0.0	1.0	0.11495036474133809	0.1007403953157382	UNCHANGED	TCP2/TCP3/TCP4/TCP10	Leaf development, jasmonate biosynthesis	TCPs regulate leaf morphology; spaceflight affects leaf development	AT1G53230;AT2G31070;AT3G15030;AT5G08310		1.0
miR393	Light_lightdark	factorial	4	4	0	0	0	0.0	1.0	-0.04614745940942075	-0.09831525566739399	UNCHANGED	TIR1/AFB2/AFB3 (auxin receptors)	Auxin perception, stress response	TIR1 is the auxin receptor; miR393-mediated downregulation would alter auxin sensitivity in microgravity	AT3G62980;AT5G44750;AT5G64360;AT2G39360		1.0
miR396	Light_lightdark	factorial	5	5	1	1	0	1.5186961356686128	0.5333072300892304	0.31851923732812193	0.293201881344211	DOWN (targets de-repressed)	GRF1-7 (GROWTH REGULATING FACTOR)	Leaf growth, root development	GRFs regulate organ growth; spaceflight alters growth patterns	AT2G36400;AT4G24150;AT5G53460;AT3G46980;AT5G07680	AT4G24150	1.0
miR397	Light_lightdark	factorial	3	3	1	1	0	3.037670280789547	0.3669659477214816	1.2672104351079458	0.369056971508842	DOWN (targets de-repressed)	LAC2/LAC4/LAC17 (laccases)	Lignin biosynthesis, secondary cell wall	Cell wall remodeling occurs in microgravity; lignin deposition is altered	AT2G40370;AT2G46570;AT5G05990	AT2G40370	1.0
miR398	Light_lightdark	factorial	3	3	0	0	0	0.0	1.0	-0.04452505061214152	-0.0517038449315416	UNCHANGED	CSD1/CSD2/CCS (Cu/Zn superoxide dismutases)	Oxidative stress response	Oxidative stress is a major spaceflight stress; miR398 downregulation would increase CSD levels	AT1G08830;AT2G28190;AT5G18100		1.0
miR408	Light_lightdark	factorial	2	2	2	1	1	inf	0.019977480009423957	-1.33972884630666	-1.33972884630666	UP (targets suppressed)	Plantacyanin, laccase	Copper homeostasis, cell wall	Cell wall remodeling in microgravity	AT2G44790;AT5G20230	AT5G20230;AT2G44790	1.0
miR157	Light_lightdark	factorial	4	4	1	1	0	2.0250208507089242	0.45646129232258614	0.2640663252451196	0.2791176492742552	UNCHANGED	SPL (SQUAMOSA PROMOTER BINDING PROTEIN-LIKE)	Developmental timing	Same as miR156	AT2G42200;AT5G43270;AT1G20980;AT2G33810	AT2G42200	1.0
miR158	Light_lightdark	factorial	2	2	0	0	0	0.0	1.0	0.2777388740226613	0.2777388740226613	UNCHANGED	PPR (pentatricopeptide repeat)	RNA processing in organelles	Organelle function may be affected in microgravity	AT1G06580;AT1G62670		1.0
miR395	Light_lightdark	factorial	4	4	1	0	1	2.0250208507089242	0.45646129232258614	-0.8723738626267151	-0.0704031311294707	UP (targets suppressed)	APS1/APS3/APS4/SULTR2;1	Sulfate assimilation and transport	Nutrient metabolism may be altered in spaceflight	AT3G22890;AT5G67500;AT1G80840;AT3G22890	AT1G80840	1.0
miR156	Light_lightred_light	factorial	8	8	1	1	0	0.5474201074277033	0.8435535738204827	0.11938498176839146	-0.1829524795654915	UNCHANGED	SPL (SQUAMOSA PROMOTER BINDING PROTEIN-LIKE)	Developmental timing, vegetative phase change	SPLs regulate juvenile-to-adult transition; spaceflight may alter developmental timing	AT2G42200;AT5G43270;AT1G20980;AT2G33810;AT3G15270;AT1G53160;AT5G50570;AT1G28550	AT2G42200	1.0
miR159	Light_lightred_light	factorial	4	4	1	1	0	1.2775667806051398	0.6044344599874893	0.18589695840157316	-0.0608510977021482	UNCHANGED	MYB33/MYB65/GAMYB	ABA signaling, germination, stress response	ABA signaling is altered in microgravity; miR159 is a key ABA-responsive miRNA	AT1G66370;AT2G42200;AT5G06100;AT3G11400	AT2G42200	1.0
miR160	Light_lightred_light	factorial	3	3	0	0	0	0.0	1.0	0.016690012209470657	-0.127670171605784	UNCHANGED	ARF10/ARF16/ARF17	Auxin signaling, root cap formation, leaf development	Auxin redistribution is central to gravitropic response; ARF10/16/17 regulate root gravitropism	AT2G28350;AT4G30080;AT1G77850		1.0
miR164	Light_lightred_light	factorial	4	4	0	0	0	0.0	1.0	0.48699230613226596	0.732749608765778	DOWN (targets de-repressed)	NAC1/CUC1/CUC2	Lateral root development, organ boundary formation	Lateral root development is altered in microgravity; NAC1 mediates auxin signaling in roots	AT1G56010;AT5G61430;AT5G07680;AT3G15170		1.0
miR165	Light_lightred_light	factorial	4	4	0	0	0	0.0	1.0	0.392567687125978	0.3165590420953975	DOWN (targets de-repressed)	PHB/PHV/REV/CNA (HD-ZIP III)	Leaf polarity, vascular development, meristem	Vascular patterning may be affected by altered auxin flow in microgravity	AT1G52150;AT1G30490;AT5G60690;AT5G65600		1.0
miR166	Light_lightred_light	factorial	4	4	0	0	0	0.0	1.0	0.392567687125978	0.3165590420953975	DOWN (targets de-repressed)	PHB/PHV/REV/CNA (HD-ZIP III)	Leaf polarity, vascular development	Same as miR165	AT1G52150;AT1G30490;AT5G60690;AT5G65600		1.0
miR167	Light_lightred_light	factorial	3	3	1	1	0	1.9164451196353969	0.5012068080405093	0.08847601690000732	0.468021137385812	UNCHANGED	ARF6/ARF8	Auxin signaling, root development, flower development	ARF6/8 regulate lateral root initiation; auxin redistribution in microgravity affects root architecture	AT1G30330;AT2G33810;AT5G37020	AT5G37020	1.0
miR169	Light_lightred_light	factorial	4	4	1	0	1	1.2775667806051398	0.6044344599874893	-0.22438424852333777	-0.055539326682755505	UNCHANGED	NF-YA (nuclear factor Y, subunit A)	Drought stress, ABA signaling, flowering	NF-YA regulates drought stress; spaceflight induces stress-like transcriptional responses	AT1G54160;AT5G12840;AT3G05690;AT3G20910	AT5G12840	1.0
miR171	Light_lightred_light	factorial	4	4	1	0	1	1.2775667806051398	0.6044344599874893	-0.4000499030925152	-0.074157191896045	UP (targets suppressed)	SCL6/SCL22/SCL27 (GRAS domain)	Meristem maintenance, leaf development	Meristem function is altered in microgravity	AT2G45160;AT3G60150;AT4G00150;AT1G69170	AT3G60150	1.0
miR172	Light_lightred_light	factorial	4	4	1	0	1	1.2775667806051398	0.6044344599874893	-0.5511379799748467	-0.3686408065657084	UP (targets suppressed)	AP2/TOE1/TOE2/SMZ	Flowering time, floral identity	Flowering time is altered in spaceflight	AT2G28550;AT5G67030;AT4G36920;AT5G11560	AT5G67030	1.0
miR319	Light_lightred_light	factorial	4	4	0	0	0	0.0	1.0	0.010859963536664385	0.1028388572806548	UNCHANGED	TCP2/TCP3/TCP4/TCP10	Leaf development, jasmonate biosynthesis	TCPs regulate leaf morphology; spaceflight affects leaf development	AT1G53230;AT2G31070;AT3G15030;AT5G08310		1.0
miR393	Light_lightred_light	factorial	4	4	0	0	0	0.0	1.0	-0.386477966150235	-0.3499896227208195	UP (targets suppressed)	TIR1/AFB2/AFB3 (auxin receptors)	Auxin perception, stress response	TIR1 is the auxin receptor; miR393-mediated downregulation would alter auxin sensitivity in microgravity	AT3G62980;AT5G44750;AT5G64360;AT2G39360		1.0
miR396	Light_lightred_light	factorial	5	5	0	0	0	0.0	1.0	0.1730988525684302	0.320724342812629	UNCHANGED	GRF1-7 (GROWTH REGULATING FACTOR)	Leaf growth, root development	GRFs regulate organ growth; spaceflight alters growth patterns	AT2G36400;AT4G24150;AT5G53460;AT3G46980;AT5G07680		1.0
miR397	Light_lightred_light	factorial	3	3	1	1	0	1.9164451196353969	0.5012068080405093	2.4218327018390373	0.827986344814482	DOWN (targets de-repressed)	LAC2/LAC4/LAC17 (laccases)	Lignin biosynthesis, secondary cell wall	Cell wall remodeling occurs in microgravity; lignin deposition is altered	AT2G40370;AT2G46570;AT5G05990	AT2G40370	1.0
miR398	Light_lightred_light	factorial	3	3	0	0	0	0.0	1.0	0.23889378698265032	0.693163582069479	UNCHANGED	CSD1/CSD2/CCS (Cu/Zn superoxide dismutases)	Oxidative stress response	Oxidative stress is a major spaceflight stress; miR398 downregulation would increase CSD levels	AT1G08830;AT2G28190;AT5G18100		1.0
miR408	Light_lightred_light	factorial	2	2	2	1	1	inf	0.04281375121027938	-2.710998582963975	-2.710998582963975	UP (targets suppressed)	Plantacyanin, laccase	Copper homeostasis, cell wall	Cell wall remodeling in microgravity	AT2G44790;AT5G20230	AT5G20230;AT2G44790	1.0
miR157	Light_lightred_light	factorial	4	4	1	1	0	1.2775667806051398	0.6044344599874893	-0.07877068763810649	-0.255540303623188	UNCHANGED	SPL (SQUAMOSA PROMOTER BINDING PROTEIN-LIKE)	Developmental timing	Same as miR156	AT2G42200;AT5G43270;AT1G20980;AT2G33810	AT2G42200	1.0
miR158	Light_lightred_light	factorial	2	2	0	0	0	0.0	1.0	0.10851353518556048	0.10851353518556048	UNCHANGED	PPR (pentatricopeptide repeat)	RNA processing in organelles	Organelle function may be affected in microgravity	AT1G06580;AT1G62670		1.0
miR395	Light_lightred_light	factorial	4	4	1	0	1	1.2775667806051398	0.6044344599874893	-0.7722784024495413	0.324066634883154	UP (targets suppressed)	APS1/APS3/APS4/SULTR2;1	Sulfate assimilation and transport	Nutrient metabolism may be altered in spaceflight	AT3G22890;AT5G67500;AT1G80840;AT3G22890	AT1G80840	1.0
miR156	Light_lightunspecified	factorial	8	8	1	0	1	1.5162026471930625	0.5135141643697592	-0.9933607632008505	-1.045758539362565	UP (targets suppressed)	SPL (SQUAMOSA PROMOTER BINDING PROTEIN-LIKE)	Developmental timing, vegetative phase change	SPLs regulate juvenile-to-adult transition; spaceflight may alter developmental timing	AT2G42200;AT5G43270;AT1G20980;AT2G33810;AT3G15270;AT1G53160;AT5G50570;AT1G28550	AT2G33810	1.0
miR159	Light_lightunspecified	factorial	4	4	0	0	0	0.0	1.0	-0.43035351190140225	-0.3453352661729965	UP (targets suppressed)	MYB33/MYB65/GAMYB	ABA signaling, germination, stress response	ABA signaling is altered in microgravity; miR159 is a key ABA-responsive miRNA	AT1G66370;AT2G42200;AT5G06100;AT3G11400		1.0
miR160	Light_lightunspecified	factorial	3	3	0	0	0	0.0	1.0	-0.07193366458028559	-0.149757027602685	UNCHANGED	ARF10/ARF16/ARF17	Auxin signaling, root cap formation, leaf development	Auxin redistribution is central to gravitropic response; ARF10/16/17 regulate root gravitropism	AT2G28350;AT4G30080;AT1G77850		1.0
miR164	Light_lightunspecified	factorial	4	4	0	0	0	0.0	1.0	-0.06239019202251199	-0.27555822093554444	UNCHANGED	NAC1/CUC1/CUC2	Lateral root development, organ boundary formation	Lateral root development is altered in microgravity; NAC1 mediates auxin signaling in roots	AT1G56010;AT5G61430;AT5G07680;AT3G15170		1.0
miR165	Light_lightunspecified	factorial	4	4	0	0	0	0.0	1.0	-0.22615637582402495	-0.179669966388443	UNCHANGED	PHB/PHV/REV/CNA (HD-ZIP III)	Leaf polarity, vascular development, meristem	Vascular patterning may be affected by altered auxin flow in microgravity	AT1G52150;AT1G30490;AT5G60690;AT5G65600		1.0
miR166	Light_lightunspecified	factorial	4	4	0	0	0	0.0	1.0	-0.22615637582402495	-0.179669966388443	UNCHANGED	PHB/PHV/REV/CNA (HD-ZIP III)	Leaf polarity, vascular development	Same as miR165	AT1G52150;AT1G30490;AT5G60690;AT5G65600		1.0
miR167	Light_lightunspecified	factorial	3	3	1	0	1	5.307850296668188	0.23675602032250243	-0.8278189370552916	-0.780378198528663	UP (targets suppressed)	ARF6/ARF8	Auxin signaling, root development, flower development	ARF6/8 regulate lateral root initiation; auxin redistribution in microgravity affects root architecture	AT1G30330;AT2G33810;AT5G37020	AT2G33810	1.0
miR169	Light_lightunspecified	factorial	4	4	0	0	0	0.0	1.0	0.0857996320985793	0.1142644147479916	UNCHANGED	NF-YA (nuclear factor Y, subunit A)	Drought stress, ABA signaling, flowering	NF-YA regulates drought stress; spaceflight induces stress-like transcriptional responses	AT1G54160;AT5G12840;AT3G05690;AT3G20910		1.0
miR171	Light_lightunspecified	factorial	4	4	1	0	1	3.5384147269131296	0.30249396937763307	-0.9979997526947652	-0.474588748367865	UP (targets suppressed)	SCL6/SCL22/SCL27 (GRAS domain)	Meristem maintenance, leaf development	Meristem function is altered in microgravity	AT2G45160;AT3G60150;AT4G00150;AT1G69170	AT3G60150	1.0
miR172	Light_lightunspecified	factorial	4	4	0	0	0	0.0	1.0	0.07574522177235375	0.128339180437582	UNCHANGED	AP2/TOE1/TOE2/SMZ	Flowering time, floral identity	Flowering time is altered in spaceflight	AT2G28550;AT5G67030;AT4G36920;AT5G11560		1.0
miR319	Light_lightunspecified	factorial	4	4	1	0	1	3.5384147269131296	0.30249396937763307	-0.683649479218896	-0.563261236010371	UP (targets suppressed)	TCP2/TCP3/TCP4/TCP10	Leaf development, jasmonate biosynthesis	TCPs regulate leaf morphology; spaceflight affects leaf development	AT1G53230;AT2G31070;AT3G15030;AT5G08310	AT2G31070	1.0
miR393	Light_lightunspecified	factorial	4	4	0	0	0	0.0	1.0	-0.06821255898628159	-0.05727268362286575	UNCHANGED	TIR1/AFB2/AFB3 (auxin receptors)	Auxin perception, stress response	TIR1 is the auxin receptor; miR393-mediated downregulation would alter auxin sensitivity in microgravity	AT3G62980;AT5G44750;AT5G64360;AT2G39360		1.0
miR396	Light_lightunspecified	factorial	5	5	0	0	0	0.0	1.0	-0.12545166890697076	0.0427535401028352	UNCHANGED	GRF1-7 (GROWTH REGULATING FACTOR)	Leaf growth, root development	GRFs regulate organ growth; spaceflight alters growth patterns	AT2G36400;AT4G24150;AT5G53460;AT3G46980;AT5G07680		1.0
miR397	Light_lightunspecified	factorial	3	3	0	0	0	0.0	1.0	-0.13990781231308191	-0.214781948168881	UNCHANGED	LAC2/LAC4/LAC17 (laccases)	Lignin biosynthesis, secondary cell wall	Cell wall remodeling occurs in microgravity; lignin deposition is altered	AT2G40370;AT2G46570;AT5G05990		1.0
miR398	Light_lightunspecified	factorial	3	3	0	0	0	0.0	1.0	0.277707168616886	0.361027655417394	UNCHANGED	CSD1/CSD2/CCS (Cu/Zn superoxide dismutases)	Oxidative stress response	Oxidative stress is a major spaceflight stress; miR398 downregulation would increase CSD levels	AT1G08830;AT2G28190;AT5G18100		1.0
miR408	Light_lightunspecified	factorial	2	2	1	0	1	10.616157005933363	0.1648255502484205	-1.4584592675240151	-1.4584592675240151	UP (targets suppressed)	Plantacyanin, laccase	Copper homeostasis, cell wall	Cell wall remodeling in microgravity	AT2G44790;AT5G20230	AT5G20230	1.0
miR157	Light_lightunspecified	factorial	4	4	1	0	1	3.5384147269131296	0.30249396937763307	-0.853216520857821	-0.8398132659318229	UP (targets suppressed)	SPL (SQUAMOSA PROMOTER BINDING PROTEIN-LIKE)	Developmental timing	Same as miR156	AT2G42200;AT5G43270;AT1G20980;AT2G33810	AT2G33810	1.0
miR158	Light_lightunspecified	factorial	2	2	0	0	0	0.0	1.0	-0.7363875478357955	-0.7363875478357955	UP (targets suppressed)	PPR (pentatricopeptide repeat)	RNA processing in organelles	Organelle function may be affected in microgravity	AT1G06580;AT1G62670		1.0
miR395	Light_lightunspecified	factorial	4	4	0	0	0	0.0	1.0	0.10282391765410899	0.189799112333588	UNCHANGED	APS1/APS3/APS4/SULTR2;1	Sulfate assimilation and transport	Nutrient metabolism may be altered in spaceflight	AT3G22890;AT5G67500;AT1G80840;AT3G22890		1.0
miR156	Ecotype_ecotype_simpleWS	factorial	8	8	4	2	2	12.028673835125447	0.0018952791668675974	0.0017296747964844206	0.2506266089678978	UNCHANGED	SPL (SQUAMOSA PROMOTER BINDING PROTEIN-LIKE)	Developmental timing, vegetative phase change	SPLs regulate juvenile-to-adult transition; spaceflight may alter developmental timing	AT2G42200;AT5G43270;AT1G20980;AT2G33810;AT3G15270;AT1G53160;AT5G50570;AT1G28550	AT3G15270;AT5G50570;AT5G43270;AT2G33810	1.0
miR159	Ecotype_ecotype_simpleWS	factorial	4	4	0	0	0	0.0	1.0	0.258522550990097	0.0906468651754896	UNCHANGED	MYB33/MYB65/GAMYB	ABA signaling, germination, stress response	ABA signaling is altered in microgravity; miR159 is a key ABA-responsive miRNA	AT1G66370;AT2G42200;AT5G06100;AT3G11400		1.0
miR160	Ecotype_ecotype_simpleWS	factorial	3	3	0	0	0	0.0	1.0	-0.08898006764942518	-0.0043384897044972	UNCHANGED	ARF10/ARF16/ARF17	Auxin signaling, root cap formation, leaf development	Auxin redistribution is central to gravitropic response; ARF10/16/17 regulate root gravitropism	AT2G28350;AT4G30080;AT1G77850		1.0
miR164	Ecotype_ecotype_simpleWS	factorial	4	4	1	0	1	4.003578732106339	0.2738751558302928	-0.3110296353675277	-0.11139234176897934	UP (targets suppressed)	NAC1/CUC1/CUC2	Lateral root development, organ boundary formation	Lateral root development is altered in microgravity; NAC1 mediates auxin signaling in roots	AT1G56010;AT5G61430;AT5G07680;AT3G15170	AT1G56010	1.0
miR165	Ecotype_ecotype_simpleWS	factorial	4	4	0	0	0	0.0	1.0	0.05645765090678495	0.0894558673464534	UNCHANGED	PHB/PHV/REV/CNA (HD-ZIP III)	Leaf polarity, vascular development, meristem	Vascular patterning may be affected by altered auxin flow in microgravity	AT1G52150;AT1G30490;AT5G60690;AT5G65600		1.0
miR166	Ecotype_ecotype_simpleWS	factorial	4	4	0	0	0	0.0	1.0	0.05645765090678495	0.0894558673464534	UNCHANGED	PHB/PHV/REV/CNA (HD-ZIP III)	Leaf polarity, vascular development	Same as miR165	AT1G52150;AT1G30490;AT5G60690;AT5G65600		1.0
miR167	Ecotype_ecotype_simpleWS	factorial	3	3	1	1	0	6.00562372188139	0.21338793325164743	0.5151099456996574	0.38897424531512	DOWN (targets de-repressed)	ARF6/ARF8	Auxin signaling, root development, flower development	ARF6/8 regulate lateral root initiation; auxin redistribution in microgravity affects root architecture	AT1G30330;AT2G33810;AT5G37020	AT2G33810	1.0
miR169	Ecotype_ecotype_simpleWS	factorial	4	4	0	0	0	0.0	1.0	0.06075160502103583	0.08452280888090115	UNCHANGED	NF-YA (nuclear factor Y, subunit A)	Drought stress, ABA signaling, flowering	NF-YA regulates drought stress; spaceflight induces stress-like transcriptional responses	AT1G54160;AT5G12840;AT3G05690;AT3G20910		1.0
miR171	Ecotype_ecotype_simpleWS	factorial	4	4	1	0	1	4.003578732106339	0.2738751558302928	-0.8352386531763294	-0.18553320040272275	UP (targets suppressed)	SCL6/SCL22/SCL27 (GRAS domain)	Meristem maintenance, leaf development	Meristem function is altered in microgravity	AT2G45160;AT3G60150;AT4G00150;AT1G69170	AT3G60150	1.0
miR172	Ecotype_ecotype_simpleWS	factorial	4	4	0	0	0	0.0	1.0	-0.23045874977272374	-0.2324250198710225	UNCHANGED	AP2/TOE1/TOE2/SMZ	Flowering time, floral identity	Flowering time is altered in spaceflight	AT2G28550;AT5G67030;AT4G36920;AT5G11560		1.0
miR319	Ecotype_ecotype_simpleWS	factorial	4	4	0	0	0	0.0	1.0	0.09107792144126317	0.10727060506609536	UNCHANGED	TCP2/TCP3/TCP4/TCP10	Leaf development, jasmonate biosynthesis	TCPs regulate leaf morphology; spaceflight affects leaf development	AT1G53230;AT2G31070;AT3G15030;AT5G08310		1.0
miR393	Ecotype_ecotype_simpleWS	factorial	4	4	0	0	0	0.0	1.0	-0.17987930094676033	-0.146107786250991	UNCHANGED	TIR1/AFB2/AFB3 (auxin receptors)	Auxin perception, stress response	TIR1 is the auxin receptor; miR393-mediated downregulation would alter auxin sensitivity in microgravity	AT3G62980;AT5G44750;AT5G64360;AT2G39360		1.0
miR396	Ecotype_ecotype_simpleWS	factorial	5	5	1	0	1	3.0025562372188137	0.3297133545823111	-0.19342647691029174	-0.0038111211106097	UNCHANGED	GRF1-7 (GROWTH REGULATING FACTOR)	Leaf growth, root development	GRFs regulate organ growth; spaceflight alters growth patterns	AT2G36400;AT4G24150;AT5G53460;AT3G46980;AT5G07680	AT3G46980	1.0
miR397	Ecotype_ecotype_simpleWS	factorial	3	3	0	0	0	0.0	1.0	-0.011882626192264675	-0.118962749924718	UNCHANGED	LAC2/LAC4/LAC17 (laccases)	Lignin biosynthesis, secondary cell wall	Cell wall remodeling occurs in microgravity; lignin deposition is altered	AT2G40370;AT2G46570;AT5G05990		1.0
miR398	Ecotype_ecotype_simpleWS	factorial	3	3	0	0	0	0.0	1.0	0.10272641053896797	0.0536883899145386	UNCHANGED	CSD1/CSD2/CCS (Cu/Zn superoxide dismutases)	Oxidative stress response	Oxidative stress is a major spaceflight stress; miR398 downregulation would increase CSD levels	AT1G08830;AT2G28190;AT5G18100		1.0
miR408	Ecotype_ecotype_simpleWS	factorial	2	2	0	0	0	0.0	1.0	-0.17965367510206018	-0.17965367510206018	UNCHANGED	Plantacyanin, laccase	Copper homeostasis, cell wall	Cell wall remodeling in microgravity	AT2G44790;AT5G20230		1.0
miR157	Ecotype_ecotype_simpleWS	factorial	4	4	2	1	1	12.017391304347827	0.031926265515711205	0.12847689685523364	0.4738526389050373	UNCHANGED	SPL (SQUAMOSA PROMOTER BINDING PROTEIN-LIKE)	Developmental timing	Same as miR156	AT2G42200;AT5G43270;AT1G20980;AT2G33810	AT5G43270;AT2G33810	1.0
miR158	Ecotype_ecotype_simpleWS	factorial	2	2	0	0	0	0.0	1.0	0.0205313421098135	0.0205313421098135	UNCHANGED	PPR (pentatricopeptide repeat)	RNA processing in organelles	Organelle function may be affected in microgravity	AT1G06580;AT1G62670		1.0
miR395	Ecotype_ecotype_simpleWS	factorial	4	4	0	0	0	0.0	1.0	-0.40481133193859703	-0.449610417205328	UP (targets suppressed)	APS1/APS3/APS4/SULTR2;1	Sulfate assimilation and transport	Nutrient metabolism may be altered in spaceflight	AT3G22890;AT5G67500;AT1G80840;AT3G22890		1.0
miR156	Ecotype_ecotype_simpleother	factorial	8	8	1	1	0	0.8560436540650885	0.7091080962897942	0.08359582707396812	0.567987134628537	UNCHANGED	SPL (SQUAMOSA PROMOTER BINDING PROTEIN-LIKE)	Developmental timing, vegetative phase change	SPLs regulate juvenile-to-adult transition; spaceflight may alter developmental timing	AT2G42200;AT5G43270;AT1G20980;AT2G33810;AT3G15270;AT1G53160;AT5G50570;AT1G28550	AT2G33810	1.0
miR159	Ecotype_ecotype_simpleother	factorial	4	4	0	0	0	0.0	1.0	0.42094145324911847	0.382184164613014	DOWN (targets de-repressed)	MYB33/MYB65/GAMYB	ABA signaling, germination, stress response	ABA signaling is altered in microgravity; miR159 is a key ABA-responsive miRNA	AT1G66370;AT2G42200;AT5G06100;AT3G11400		1.0
miR160	Ecotype_ecotype_simpleother	factorial	3	3	0	0	0	0.0	1.0	0.09733443713102556	0.106656654352259	UNCHANGED	ARF10/ARF16/ARF17	Auxin signaling, root cap formation, leaf development	Auxin redistribution is central to gravitropic response; ARF10/16/17 regulate root gravitropism	AT2G28350;AT4G30080;AT1G77850		1.0
miR164	Ecotype_ecotype_simpleother	factorial	4	4	1	0	1	1.9978015938444629	0.460627746014215	-0.278973625000987	0.014253624869467997	UNCHANGED	NAC1/CUC1/CUC2	Lateral root development, organ boundary formation	Lateral root development is altered in microgravity; NAC1 mediates auxin signaling in roots	AT1G56010;AT5G61430;AT5G07680;AT3G15170	AT1G56010	1.0
miR165	Ecotype_ecotype_simpleother	factorial	4	4	0	0	0	0.0	1.0	-0.15563764877528077	-0.23093998468348403	UNCHANGED	PHB/PHV/REV/CNA (HD-ZIP III)	Leaf polarity, vascular development, meristem	Vascular patterning may be affected by altered auxin flow in microgravity	AT1G52150;AT1G30490;AT5G60690;AT5G65600		1.0
miR166	Ecotype_ecotype_simpleother	factorial	4	4	0	0	0	0.0	1.0	-0.15563764877528077	-0.23093998468348403	UNCHANGED	PHB/PHV/REV/CNA (HD-ZIP III)	Leaf polarity, vascular development	Same as miR165	AT1G52150;AT1G30490;AT5G60690;AT5G65600		1.0
miR167	Ecotype_ecotype_simpleother	factorial	3	3	1	1	0	2.996839791151415	0.37060871783868726	0.8911550179924129	0.746681004566744	DOWN (targets de-repressed)	ARF6/ARF8	Auxin signaling, root development, flower development	ARF6/8 regulate lateral root initiation; auxin redistribution in microgravity affects root architecture	AT1G30330;AT2G33810;AT5G37020	AT2G33810	1.0
miR169	Ecotype_ecotype_simpleother	factorial	4	4	0	0	0	0.0	1.0	-0.06270942392697199	-0.026588623373649506	UNCHANGED	NF-YA (nuclear factor Y, subunit A)	Drought stress, ABA signaling, flowering	NF-YA regulates drought stress; spaceflight induces stress-like transcriptional responses	AT1G54160;AT5G12840;AT3G05690;AT3G20910		1.0
miR171	Ecotype_ecotype_simpleother	factorial	4	4	2	0	2	5.9953271028037385	0.10055163331210445	-0.7393136623347002	-0.5223215314930141	UP (targets suppressed)	SCL6/SCL22/SCL27 (GRAS domain)	Meristem maintenance, leaf development	Meristem function is altered in microgravity	AT2G45160;AT3G60150;AT4G00150;AT1G69170	AT3G60150;AT4G00150	1.0
miR172	Ecotype_ecotype_simpleother	factorial	4	4	0	0	0	0.0	1.0	0.06549935603653427	0.1570031134988965	UNCHANGED	AP2/TOE1/TOE2/SMZ	Flowering time, floral identity	Flowering time is altered in spaceflight	AT2G28550;AT5G67030;AT4G36920;AT5G11560		1.0
miR319	Ecotype_ecotype_simpleother	factorial	4	4	0	0	0	0.0	1.0	0.48086080864048325	0.6296435548708139	DOWN (targets de-repressed)	TCP2/TCP3/TCP4/TCP10	Leaf development, jasmonate biosynthesis	TCPs regulate leaf morphology; spaceflight affects leaf development	AT1G53230;AT2G31070;AT3G15030;AT5G08310		1.0
miR393	Ecotype_ecotype_simpleother	factorial	4	4	0	0	0	0.0	1.0	-0.0881868754220005	-0.0868822875653665	UNCHANGED	TIR1/AFB2/AFB3 (auxin receptors)	Auxin perception, stress response	TIR1 is the auxin receptor; miR393-mediated downregulation would alter auxin sensitivity in microgravity	AT3G62980;AT5G44750;AT5G64360;AT2G39360		1.0
miR396	Ecotype_ecotype_simpleother	factorial	5	5	2	1	1	3.9967014843320507	0.1520395886000521	-0.020251850875931794	0.101392396331332	UNCHANGED	GRF1-7 (GROWTH REGULATING FACTOR)	Leaf growth, root development	GRFs regulate organ growth; spaceflight alters growth patterns	AT2G36400;AT4G24150;AT5G53460;AT3G46980;AT5G07680	AT4G24150;AT3G46980	1.0
miR397	Ecotype_ecotype_simpleother	factorial	3	3	0	0	0	0.0	1.0	0.059397727908281996	0.049443342297457	UNCHANGED	LAC2/LAC4/LAC17 (laccases)	Lignin biosynthesis, secondary cell wall	Cell wall remodeling occurs in microgravity; lignin deposition is altered	AT2G40370;AT2G46570;AT5G05990		1.0
miR398	Ecotype_ecotype_simpleother	factorial	3	3	0	0	0	0.0	1.0	0.003290603531945662	-0.106525874989245	UNCHANGED	CSD1/CSD2/CCS (Cu/Zn superoxide dismutases)	Oxidative stress response	Oxidative stress is a major spaceflight stress; miR398 downregulation would increase CSD levels	AT1G08830;AT2G28190;AT5G18100		1.0
miR408	Ecotype_ecotype_simpleother	factorial	2	2	2	0	2	inf	0.02044666809037404	-1.913668181093775	-1.913668181093775	UP (targets suppressed)	Plantacyanin, laccase	Copper homeostasis, cell wall	Cell wall remodeling in microgravity	AT2G44790;AT5G20230	AT5G20230;AT2G44790	1.0
miR157	Ecotype_ecotype_simpleother	factorial	4	4	1	1	0	1.9978015938444629	0.460627746014215	0.47569289889244026	0.584285274730926	DOWN (targets de-repressed)	SPL (SQUAMOSA PROMOTER BINDING PROTEIN-LIKE)	Developmental timing	Same as miR156	AT2G42200;AT5G43270;AT1G20980;AT2G33810	AT2G33810	1.0
miR158	Ecotype_ecotype_simpleother	factorial	2	2	1	1	0	5.993954383072273	0.2655706972496644	0.9351908543904255	0.9351908543904255	DOWN (targets de-repressed)	PPR (pentatricopeptide repeat)	RNA processing in organelles	Organelle function may be affected in microgravity	AT1G06580;AT1G62670	AT1G62670	1.0
miR395	Ecotype_ecotype_simpleother	factorial	4	4	1	0	1	1.9978015938444629	0.460627746014215	-0.3917820396874172	-0.040542334498041	UP (targets suppressed)	APS1/APS3/APS4/SULTR2;1	Sulfate assimilation and transport	Nutrient metabolism may be altered in spaceflight	AT3G22890;AT5G67500;AT1G80840;AT3G22890	AT1G80840	1.0
miR156	Flight_CARA_FLT_vs_GC	factorial	8	8	0	0	0	0.0	1.0	0.27353309530815456	0.19586035766025406	UNCHANGED	SPL (SQUAMOSA PROMOTER BINDING PROTEIN-LIKE)	Developmental timing, vegetative phase change	SPLs regulate juvenile-to-adult transition; spaceflight may alter developmental timing	AT2G42200;AT5G43270;AT1G20980;AT2G33810;AT3G15270;AT1G53160;AT5G50570;AT1G28550		1.0
miR159	Flight_CARA_FLT_vs_GC	factorial	4	4	0	0	0	0.0	1.0	0.017403089859460937	-0.06140875442056065	UNCHANGED	MYB33/MYB65/GAMYB	ABA signaling, germination, stress response	ABA signaling is altered in microgravity; miR159 is a key ABA-responsive miRNA	AT1G66370;AT2G42200;AT5G06100;AT3G11400		1.0
miR160	Flight_CARA_FLT_vs_GC	factorial	3	3	0	0	0	0.0	1.0	0.04219262995189003	0.0514577378572616	UNCHANGED	ARF10/ARF16/ARF17	Auxin signaling, root cap formation, leaf development	Auxin redistribution is central to gravitropic response; ARF10/16/17 regulate root gravitropism	AT2G28350;AT4G30080;AT1G77850		1.0
miR164	Flight_CARA_FLT_vs_GC	factorial	4	4	0	0	0	0.0	1.0	-0.03049600079112503	-0.029916183553600054	UNCHANGED	NAC1/CUC1/CUC2	Lateral root development, organ boundary formation	Lateral root development is altered in microgravity; NAC1 mediates auxin signaling in roots	AT1G56010;AT5G61430;AT5G07680;AT3G15170		1.0
miR165	Flight_CARA_FLT_vs_GC	factorial	4	4	0	0	0	0.0	1.0	-0.12294094515021775	-0.2186176176035785	UNCHANGED	PHB/PHV/REV/CNA (HD-ZIP III)	Leaf polarity, vascular development, meristem	Vascular patterning may be affected by altered auxin flow in microgravity	AT1G52150;AT1G30490;AT5G60690;AT5G65600		1.0
miR166	Flight_CARA_FLT_vs_GC	factorial	4	4	0	0	0	0.0	1.0	-0.12294094515021775	-0.2186176176035785	UNCHANGED	PHB/PHV/REV/CNA (HD-ZIP III)	Leaf polarity, vascular development	Same as miR165	AT1G52150;AT1G30490;AT5G60690;AT5G65600		1.0
miR167	Flight_CARA_FLT_vs_GC	factorial	3	3	0	0	0	0.0	1.0	-0.007487200313607334	-0.13624348582589	UNCHANGED	ARF6/ARF8	Auxin signaling, root development, flower development	ARF6/8 regulate lateral root initiation; auxin redistribution in microgravity affects root architecture	AT1G30330;AT2G33810;AT5G37020		1.0
miR169	Flight_CARA_FLT_vs_GC	factorial	4	4	0	0	0	0.0	1.0	0.1004723075986687	0.012714114507773405	UNCHANGED	NF-YA (nuclear factor Y, subunit A)	Drought stress, ABA signaling, flowering	NF-YA regulates drought stress; spaceflight induces stress-like transcriptional responses	AT1G54160;AT5G12840;AT3G05690;AT3G20910		1.0
miR171	Flight_CARA_FLT_vs_GC	factorial	4	4	0	0	0	0.0	1.0	-0.14465253664066738	-0.13570614964233174	UNCHANGED	SCL6/SCL22/SCL27 (GRAS domain)	Meristem maintenance, leaf development	Meristem function is altered in microgravity	AT2G45160;AT3G60150;AT4G00150;AT1G69170		1.0
miR172	Flight_CARA_FLT_vs_GC	factorial	4	4	0	0	0	0.0	1.0	0.025208106247328273	0.03391094249832	UNCHANGED	AP2/TOE1/TOE2/SMZ	Flowering time, floral identity	Flowering time is altered in spaceflight	AT2G28550;AT5G67030;AT4G36920;AT5G11560		1.0
miR319	Flight_CARA_FLT_vs_GC	factorial	4	4	0	0	0	0.0	1.0	-0.4250784110641786	-0.2567462141789865	UP (targets suppressed)	TCP2/TCP3/TCP4/TCP10	Leaf development, jasmonate biosynthesis	TCPs regulate leaf morphology; spaceflight affects leaf development	AT1G53230;AT2G31070;AT3G15030;AT5G08310		1.0
miR393	Flight_CARA_FLT_vs_GC	factorial	4	4	0	0	0	0.0	1.0	-0.013916261118194998	-0.026385561811571798	UNCHANGED	TIR1/AFB2/AFB3 (auxin receptors)	Auxin perception, stress response	TIR1 is the auxin receptor; miR393-mediated downregulation would alter auxin sensitivity in microgravity	AT3G62980;AT5G44750;AT5G64360;AT2G39360		1.0
miR396	Flight_CARA_FLT_vs_GC	factorial	5	5	0	0	0	0.0	1.0	-0.25690699002176354	-0.176873064937649	UNCHANGED	GRF1-7 (GROWTH REGULATING FACTOR)	Leaf growth, root development	GRFs regulate organ growth; spaceflight alters growth patterns	AT2G36400;AT4G24150;AT5G53460;AT3G46980;AT5G07680		1.0
miR397	Flight_CARA_FLT_vs_GC	factorial	3	3	0	0	0	0.0	1.0	-0.232743949867403	-0.219662360391252	UNCHANGED	LAC2/LAC4/LAC17 (laccases)	Lignin biosynthesis, secondary cell wall	Cell wall remodeling occurs in microgravity; lignin deposition is altered	AT2G40370;AT2G46570;AT5G05990		1.0
miR398	Flight_CARA_FLT_vs_GC	factorial	3	3	0	0	0	0.0	1.0	-0.12027437638477456	-0.11514103841523	UNCHANGED	CSD1/CSD2/CCS (Cu/Zn superoxide dismutases)	Oxidative stress response	Oxidative stress is a major spaceflight stress; miR398 downregulation would increase CSD levels	AT1G08830;AT2G28190;AT5G18100		1.0
miR408	Flight_CARA_FLT_vs_GC	factorial	2	2	0	0	0	0.0	1.0	1.1084390067215626	1.1084390067215626	DOWN (targets de-repressed)	Plantacyanin, laccase	Copper homeostasis, cell wall	Cell wall remodeling in microgravity	AT2G44790;AT5G20230		1.0
miR157	Flight_CARA_FLT_vs_GC	factorial	4	4	0	0	0	0.0	1.0	0.0775325573622832	0.1728324400125929	UNCHANGED	SPL (SQUAMOSA PROMOTER BINDING PROTEIN-LIKE)	Developmental timing	Same as miR156	AT2G42200;AT5G43270;AT1G20980;AT2G33810		1.0
miR158	Flight_CARA_FLT_vs_GC	factorial	2	2	0	0	0	0.0	1.0	-0.2918923109462905	-0.2918923109462905	UNCHANGED	PPR (pentatricopeptide repeat)	RNA processing in organelles	Organelle function may be affected in microgravity	AT1G06580;AT1G62670		1.0
miR395	Flight_CARA_FLT_vs_GC	factorial	4	4	0	0	0	0.0	1.0	0.23727808398403663	0.145806746838912	UNCHANGED	APS1/APS3/APS4/SULTR2;1	Sulfate assimilation and transport	Nutrient metabolism may be altered in spaceflight	AT3G22890;AT5G67500;AT1G80840;AT3G22890		1.0
miR156	Flight_VEGGIE_FLT_vs_GC	factorial	8	8	0	0	0	0.0	1.0	0.17260541523283973	0.05086879168856255	UNCHANGED	SPL (SQUAMOSA PROMOTER BINDING PROTEIN-LIKE)	Developmental timing, vegetative phase change	SPLs regulate juvenile-to-adult transition; spaceflight may alter developmental timing	AT2G42200;AT5G43270;AT1G20980;AT2G33810;AT3G15270;AT1G53160;AT5G50570;AT1G28550		1.0
miR159	Flight_VEGGIE_FLT_vs_GC	factorial	4	4	0	0	0	0.0	1.0	0.1978005762371975	0.218107382445613	UNCHANGED	MYB33/MYB65/GAMYB	ABA signaling, germination, stress response	ABA signaling is altered in microgravity; miR159 is a key ABA-responsive miRNA	AT1G66370;AT2G42200;AT5G06100;AT3G11400		1.0
miR160	Flight_VEGGIE_FLT_vs_GC	factorial	3	3	0	0	0	0.0	1.0	-0.27441135918221266	-0.254087612353325	UNCHANGED	ARF10/ARF16/ARF17	Auxin signaling, root cap formation, leaf development	Auxin redistribution is central to gravitropic response; ARF10/16/17 regulate root gravitropism	AT2G28350;AT4G30080;AT1G77850		1.0
miR164	Flight_VEGGIE_FLT_vs_GC	factorial	4	4	0	0	0	0.0	1.0	-0.24870090143880177	-0.2689222255514235	UNCHANGED	NAC1/CUC1/CUC2	Lateral root development, organ boundary formation	Lateral root development is altered in microgravity; NAC1 mediates auxin signaling in roots	AT1G56010;AT5G61430;AT5G07680;AT3G15170		1.0
miR165	Flight_VEGGIE_FLT_vs_GC	factorial	4	4	0	0	0	0.0	1.0	-0.30753262229733047	-0.18271555317538252	UP (targets suppressed)	PHB/PHV/REV/CNA (HD-ZIP III)	Leaf polarity, vascular development, meristem	Vascular patterning may be affected by altered auxin flow in microgravity	AT1G52150;AT1G30490;AT5G60690;AT5G65600		1.0
miR166	Flight_VEGGIE_FLT_vs_GC	factorial	4	4	0	0	0	0.0	1.0	-0.30753262229733047	-0.18271555317538252	UP (targets suppressed)	PHB/PHV/REV/CNA (HD-ZIP III)	Leaf polarity, vascular development	Same as miR165	AT1G52150;AT1G30490;AT5G60690;AT5G65600		1.0
miR167	Flight_VEGGIE_FLT_vs_GC	factorial	3	3	0	0	0	0.0	1.0	0.13639438342052965	-0.166947107274363	UNCHANGED	ARF6/ARF8	Auxin signaling, root development, flower development	ARF6/8 regulate lateral root initiation; auxin redistribution in microgravity affects root architecture	AT1G30330;AT2G33810;AT5G37020		1.0
miR169	Flight_VEGGIE_FLT_vs_GC	factorial	4	4	0	0	0	0.0	1.0	0.29402611239723603	0.41303535089801646	UNCHANGED	NF-YA (nuclear factor Y, subunit A)	Drought stress, ABA signaling, flowering	NF-YA regulates drought stress; spaceflight induces stress-like transcriptional responses	AT1G54160;AT5G12840;AT3G05690;AT3G20910		1.0
miR171	Flight_VEGGIE_FLT_vs_GC	factorial	4	4	0	0	0	0.0	1.0	-0.14588056646329398	-0.1973999888970405	UNCHANGED	SCL6/SCL22/SCL27 (GRAS domain)	Meristem maintenance, leaf development	Meristem function is altered in microgravity	AT2G45160;AT3G60150;AT4G00150;AT1G69170		1.0
miR172	Flight_VEGGIE_FLT_vs_GC	factorial	4	4	0	0	0	0.0	1.0	0.048362597995429565	-0.08191629915054385	UNCHANGED	AP2/TOE1/TOE2/SMZ	Flowering time, floral identity	Flowering time is altered in spaceflight	AT2G28550;AT5G67030;AT4G36920;AT5G11560		1.0
miR319	Flight_VEGGIE_FLT_vs_GC	factorial	4	4	0	0	0	0.0	1.0	-0.16779950876521743	-0.1515748476627806	UNCHANGED	TCP2/TCP3/TCP4/TCP10	Leaf development, jasmonate biosynthesis	TCPs regulate leaf morphology; spaceflight affects leaf development	AT1G53230;AT2G31070;AT3G15030;AT5G08310		1.0
miR393	Flight_VEGGIE_FLT_vs_GC	factorial	4	4	0	0	0	0.0	1.0	0.054680513141558335	0.1421583536472127	UNCHANGED	TIR1/AFB2/AFB3 (auxin receptors)	Auxin perception, stress response	TIR1 is the auxin receptor; miR393-mediated downregulation would alter auxin sensitivity in microgravity	AT3G62980;AT5G44750;AT5G64360;AT2G39360		1.0
miR396	Flight_VEGGIE_FLT_vs_GC	factorial	5	5	0	0	0	0.0	1.0	-0.006570579926946189	-0.0159537659996229	UNCHANGED	GRF1-7 (GROWTH REGULATING FACTOR)	Leaf growth, root development	GRFs regulate organ growth; spaceflight alters growth patterns	AT2G36400;AT4G24150;AT5G53460;AT3G46980;AT5G07680		1.0
miR397	Flight_VEGGIE_FLT_vs_GC	factorial	3	3	2	0	2	27.835873388042202	0.012898148046541342	-0.9840569671420721	-1.05516552555986	UP (targets suppressed)	LAC2/LAC4/LAC17 (laccases)	Lignin biosynthesis, secondary cell wall	Cell wall remodeling occurs in microgravity; lignin deposition is altered	AT2G40370;AT2G46570;AT5G05990	AT2G40370;AT2G46570	1.0
miR398	Flight_VEGGIE_FLT_vs_GC	factorial	3	3	0	0	0	0.0	1.0	0.04889076616797299	-0.1779556193306	UNCHANGED	CSD1/CSD2/CCS (Cu/Zn superoxide dismutases)	Oxidative stress response	Oxidative stress is a major spaceflight stress; miR398 downregulation would increase CSD levels	AT1G08830;AT2G28190;AT5G18100		1.0
miR408	Flight_VEGGIE_FLT_vs_GC	factorial	2	2	2	1	1	inf	0.004500497195439105	0.14335661228229502	0.14335661228229502	UNCHANGED	Plantacyanin, laccase	Copper homeostasis, cell wall	Cell wall remodeling in microgravity	AT2G44790;AT5G20230	AT5G20230;AT2G44790	1.0
miR157	Flight_VEGGIE_FLT_vs_GC	factorial	4	4	0	0	0	0.0	1.0	0.022934231643783817	-0.07609031754897735	UNCHANGED	SPL (SQUAMOSA PROMOTER BINDING PROTEIN-LIKE)	Developmental timing	Same as miR156	AT2G42200;AT5G43270;AT1G20980;AT2G33810		1.0
miR158	Flight_VEGGIE_FLT_vs_GC	factorial	2	2	0	0	0	0.0	1.0	-0.0371532040097961	-0.0371532040097961	UNCHANGED	PPR (pentatricopeptide repeat)	RNA processing in organelles	Organelle function may be affected in microgravity	AT1G06580;AT1G62670		1.0
miR395	Flight_VEGGIE_FLT_vs_GC	factorial	4	4	0	0	0	0.0	1.0	0.3007061773828683	0.118154340316298	DOWN (targets de-repressed)	APS1/APS3/APS4/SULTR2;1	Sulfate assimilation and transport	Nutrient metabolism may be altered in spaceflight	AT3G22890;AT5G67500;AT1G80840;AT3G22890		1.0
miR156	FLT_BRIC_vs_VEGGIE	factorial	8	8	1	0	1	0.39574116800372544	0.9150416816279008	-1.4473058593921655	-1.530663042690515	UP (targets suppressed)	SPL (SQUAMOSA PROMOTER BINDING PROTEIN-LIKE)	Developmental timing, vegetative phase change	SPLs regulate juvenile-to-adult transition; spaceflight may alter developmental timing	AT2G42200;AT5G43270;AT1G20980;AT2G33810;AT3G15270;AT1G53160;AT5G50570;AT1G28550	AT1G28550	1.0
miR159	FLT_BRIC_vs_VEGGIE	factorial	4	4	1	0	1	0.9235936188077246	0.7084908214916796	-1.9264428513212464	-0.755060913923851	UP (targets suppressed)	MYB33/MYB65/GAMYB	ABA signaling, germination, stress response	ABA signaling is altered in microgravity; miR159 is a key ABA-responsive miRNA	AT1G66370;AT2G42200;AT5G06100;AT3G11400	AT1G66370	1.0
miR160	FLT_BRIC_vs_VEGGIE	factorial	3	3	0	0	0	0.0	1.0	-0.6402861538930833	-0.533892117532414	UP (targets suppressed)	ARF10/ARF16/ARF17	Auxin signaling, root cap formation, leaf development	Auxin redistribution is central to gravitropic response; ARF10/16/17 regulate root gravitropism	AT2G28350;AT4G30080;AT1G77850		1.0
miR164	FLT_BRIC_vs_VEGGIE	factorial	4	4	0	0	0	0.0	1.0	-0.8818091662120533	-0.7347299612934974	UP (targets suppressed)	NAC1/CUC1/CUC2	Lateral root development, organ boundary formation	Lateral root development is altered in microgravity; NAC1 mediates auxin signaling in roots	AT1G56010;AT5G61430;AT5G07680;AT3G15170		1.0
miR165	FLT_BRIC_vs_VEGGIE	factorial	4	4	0	0	0	0.0	1.0	-0.7405686302733864	-0.18343446681945635	UP (targets suppressed)	PHB/PHV/REV/CNA (HD-ZIP III)	Leaf polarity, vascular development, meristem	Vascular patterning may be affected by altered auxin flow in microgravity	AT1G52150;AT1G30490;AT5G60690;AT5G65600		1.0
miR166	FLT_BRIC_vs_VEGGIE	factorial	4	4	0	0	0	0.0	1.0	-0.7405686302733864	-0.18343446681945635	UP (targets suppressed)	PHB/PHV/REV/CNA (HD-ZIP III)	Leaf polarity, vascular development	Same as miR165	AT1G52150;AT1G30490;AT5G60690;AT5G65600		1.0
miR167	FLT_BRIC_vs_VEGGIE	factorial	3	3	1	0	1	1.385464513261224	0.6032669201584624	-1.0178517429470286	-1.05719340939648	UP (targets suppressed)	ARF6/ARF8	Auxin signaling, root development, flower development	ARF6/8 regulate lateral root initiation; auxin redistribution in microgravity affects root architecture	AT1G30330;AT2G33810;AT5G37020	AT1G30330	1.0
miR169	FLT_BRIC_vs_VEGGIE	factorial	4	4	0	0	0	0.0	1.0	0.21512536366937282	0.1140608296749162	UNCHANGED	NF-YA (nuclear factor Y, subunit A)	Drought stress, ABA signaling, flowering	NF-YA regulates drought stress; spaceflight induces stress-like transcriptional responses	AT1G54160;AT5G12840;AT3G05690;AT3G20910		1.0
miR171	FLT_BRIC_vs_VEGGIE	factorial	4	4	2	1	1	2.771339656194428	0.28759521615881045	0.2599764379850218	0.2004665723298335	UNCHANGED	SCL6/SCL22/SCL27 (GRAS domain)	Meristem maintenance, leaf development	Meristem function is altered in microgravity	AT2G45160;AT3G60150;AT4G00150;AT1G69170	AT3G60150;AT4G00150	1.0
miR172	FLT_BRIC_vs_VEGGIE	factorial	4	4	2	2	0	2.771339656194428	0.28759521615881045	1.2530525883186532	0.9421024164314595	DOWN (targets de-repressed)	AP2/TOE1/TOE2/SMZ	Flowering time, floral identity	Flowering time is altered in spaceflight	AT2G28550;AT5G67030;AT4G36920;AT5G11560	AT2G28550;AT5G67030	1.0
miR319	FLT_BRIC_vs_VEGGIE	factorial	4	4	0	0	0	0.0	1.0	-0.2133976821328651	-0.0912561057920902	UNCHANGED	TCP2/TCP3/TCP4/TCP10	Leaf development, jasmonate biosynthesis	TCPs regulate leaf morphology; spaceflight affects leaf development	AT1G53230;AT2G31070;AT3G15030;AT5G08310		1.0
miR393	FLT_BRIC_vs_VEGGIE	factorial	4	4	0	0	0	0.0	1.0	0.19102875276787482	0.15750847786524053	UNCHANGED	TIR1/AFB2/AFB3 (auxin receptors)	Auxin perception, stress response	TIR1 is the auxin receptor; miR393-mediated downregulation would alter auxin sensitivity in microgravity	AT3G62980;AT5G44750;AT5G64360;AT2G39360		1.0
miR396	FLT_BRIC_vs_VEGGIE	factorial	5	5	0	0	0	0.0	1.0	-0.37432786456109757	-0.0768395835630309	UP (targets suppressed)	GRF1-7 (GROWTH REGULATING FACTOR)	Leaf growth, root development	GRFs regulate organ growth; spaceflight alters growth patterns	AT2G36400;AT4G24150;AT5G53460;AT3G46980;AT5G07680		1.0
miR397	FLT_BRIC_vs_VEGGIE	factorial	3	3	1	0	1	1.385464513261224	0.6032669201584624	-1.8778223262225942	-1.72826111143162	UP (targets suppressed)	LAC2/LAC4/LAC17 (laccases)	Lignin biosynthesis, secondary cell wall	Cell wall remodeling occurs in microgravity; lignin deposition is altered	AT2G40370;AT2G46570;AT5G05990	AT2G40370	1.0
miR398	FLT_BRIC_vs_VEGGIE	factorial	3	3	0	0	0	0.0	1.0	0.2662666468407343	0.357667430973742	UNCHANGED	CSD1/CSD2/CCS (Cu/Zn superoxide dismutases)	Oxidative stress response	Oxidative stress is a major spaceflight stress; miR398 downregulation would increase CSD levels	AT1G08830;AT2G28190;AT5G18100		1.0
miR408	FLT_BRIC_vs_VEGGIE	factorial	2	2	1	0	1	2.7710771966217216	0.4600687869607521	-0.2446931996540751	-0.2446931996540751	UNCHANGED	Plantacyanin, laccase	Copper homeostasis, cell wall	Cell wall remodeling in microgravity	AT2G44790;AT5G20230	AT2G44790	1.0
miR157	FLT_BRIC_vs_VEGGIE	factorial	4	4	0	0	0	0.0	1.0	-0.7244962330459312	-0.72571828150758	UP (targets suppressed)	SPL (SQUAMOSA PROMOTER BINDING PROTEIN-LIKE)	Developmental timing	Same as miR156	AT2G42200;AT5G43270;AT1G20980;AT2G33810		1.0
miR158	FLT_BRIC_vs_VEGGIE	factorial	2	2	0	0	0	0.0	1.0	-0.335559250064629	-0.335559250064629	UP (targets suppressed)	PPR (pentatricopeptide repeat)	RNA processing in organelles	Organelle function may be affected in microgravity	AT1G06580;AT1G62670		1.0
miR395	FLT_BRIC_vs_VEGGIE	factorial	4	4	0	0	0	0.0	1.0	1.0401022709950702	0.680819570435074	DOWN (targets de-repressed)	APS1/APS3/APS4/SULTR2;1	Sulfate assimilation and transport	Nutrient metabolism may be altered in spaceflight	AT3G22890;AT5G67500;AT1G80840;AT3G22890		1.0
miR156	FLT_BRIC_vs_CARA	factorial	8	8	3	0	3	0.9172927847346452	0.6750230755005651	-3.986581568596578	-4.4820990230945945	UP (targets suppressed)	SPL (SQUAMOSA PROMOTER BINDING PROTEIN-LIKE)	Developmental timing, vegetative phase change	SPLs regulate juvenile-to-adult transition; spaceflight may alter developmental timing	AT2G42200;AT5G43270;AT1G20980;AT2G33810;AT3G15270;AT1G53160;AT5G50570;AT1G28550	AT1G20980;AT1G53160;AT2G42200	1.0
miR159	FLT_BRIC_vs_CARA	factorial	4	4	2	0	2	1.5289675047202624	0.5169028486947603	-3.314295675596272	-3.5699390946594303	UP (targets suppressed)	MYB33/MYB65/GAMYB	ABA signaling, germination, stress response	ABA signaling is altered in microgravity; miR159 is a key ABA-responsive miRNA	AT1G66370;AT2G42200;AT5G06100;AT3G11400	AT1G66370;AT2G42200	1.0
miR160	FLT_BRIC_vs_CARA	factorial	3	3	1	0	1	0.7644077901430842	0.7790489262158622	-1.2405294785413286	-1.3153074960533	UP (targets suppressed)	ARF10/ARF16/ARF17	Auxin signaling, root cap formation, leaf development	Auxin redistribution is central to gravitropic response; ARF10/16/17 regulate root gravitropism	AT2G28350;AT4G30080;AT1G77850	AT2G28350	1.0
miR164	FLT_BRIC_vs_CARA	factorial	4	4	2	0	2	1.5289675047202624	0.5169028486947603	-4.285750816918287	-5.137785267186585	UP (targets suppressed)	NAC1/CUC1/CUC2	Lateral root development, organ boundary formation	Lateral root development is altered in microgravity; NAC1 mediates auxin signaling in roots	AT1G56010;AT5G61430;AT5G07680;AT3G15170	AT5G61430;AT3G15170	1.0
miR165	FLT_BRIC_vs_CARA	factorial	4	4	0	0	0	0.0	1.0	-2.1106575272610977	-1.498117257271975	UP (targets suppressed)	PHB/PHV/REV/CNA (HD-ZIP III)	Leaf polarity, vascular development, meristem	Vascular patterning may be affected by altered auxin flow in microgravity	AT1G52150;AT1G30490;AT5G60690;AT5G65600		1.0
miR166	FLT_BRIC_vs_CARA	factorial	4	4	0	0	0	0.0	1.0	-2.1106575272610977	-1.498117257271975	UP (targets suppressed)	PHB/PHV/REV/CNA (HD-ZIP III)	Leaf polarity, vascular development	Same as miR165	AT1G52150;AT1G30490;AT5G60690;AT5G65600		1.0
miR167	FLT_BRIC_vs_CARA	factorial	3	3	2	0	2	3.0581337573288283	0.34543280292767525	-3.8455004732877067	-3.41209300337827	UP (targets suppressed)	ARF6/ARF8	Auxin signaling, root development, flower development	ARF6/8 regulate lateral root initiation; auxin redistribution in microgravity affects root architecture	AT1G30330;AT2G33810;AT5G37020	AT1G30330;AT5G37020	1.0
miR169	FLT_BRIC_vs_CARA	factorial	4	4	0	0	0	0.0	1.0	-1.552420645589498	-1.0452592077603007	UP (targets suppressed)	NF-YA (nuclear factor Y, subunit A)	Drought stress, ABA signaling, flowering	NF-YA regulates drought stress; spaceflight induces stress-like transcriptional responses	AT1G54160;AT5G12840;AT3G05690;AT3G20910		1.0
miR171	FLT_BRIC_vs_CARA	factorial	4	4	1	1	0	0.5095720720720721	0.8664309520562294	0.660386475996587	-0.481438130976671	DOWN (targets de-repressed)	SCL6/SCL22/SCL27 (GRAS domain)	Meristem maintenance, leaf development	Meristem function is altered in microgravity	AT2G45160;AT3G60150;AT4G00150;AT1G69170	AT3G60150	1.0
miR172	FLT_BRIC_vs_CARA	factorial	4	4	2	1	1	1.5289675047202624	0.5169028486947603	-0.831791058269595	-0.552440506741025	UP (targets suppressed)	AP2/TOE1/TOE2/SMZ	Flowering time, floral identity	Flowering time is altered in spaceflight	AT2G28550;AT5G67030;AT4G36920;AT5G11560	AT2G28550;AT5G67030	1.0
miR319	FLT_BRIC_vs_CARA	factorial	4	4	2	0	2	1.5289675047202624	0.5169028486947603	-3.7407952921456253	-2.276795750716575	UP (targets suppressed)	TCP2/TCP3/TCP4/TCP10	Leaf development, jasmonate biosynthesis	TCPs regulate leaf morphology; spaceflight affects leaf development	AT1G53230;AT2G31070;AT3G15030;AT5G08310	AT5G08310;AT1G53230	1.0
miR393	FLT_BRIC_vs_CARA	factorial	4	4	3	0	3	4.587656529516995	0.17396275716059037	-1.432343448340165	-1.676953405587845	UP (targets suppressed)	TIR1/AFB2/AFB3 (auxin receptors)	Auxin perception, stress response	TIR1 is the auxin receptor; miR393-mediated downregulation would alter auxin sensitivity in microgravity	AT3G62980;AT5G44750;AT5G64360;AT2G39360	AT3G62980;AT2G39360;AT5G44750	1.0
miR396	FLT_BRIC_vs_CARA	factorial	5	5	0	0	0	0.0	1.0	-0.8005282927325114	-0.326549908533938	UP (targets suppressed)	GRF1-7 (GROWTH REGULATING FACTOR)	Leaf growth, root development	GRFs regulate organ growth; spaceflight alters growth patterns	AT2G36400;AT4G24150;AT5G53460;AT3G46980;AT5G07680		1.0
miR397	FLT_BRIC_vs_CARA	factorial	3	3	0	0	0	0.0	1.0	-1.110354688018308	0.694931245974442	UP (targets suppressed)	LAC2/LAC4/LAC17 (laccases)	Lignin biosynthesis, secondary cell wall	Cell wall remodeling occurs in microgravity; lignin deposition is altered	AT2G40370;AT2G46570;AT5G05990		1.0
miR398	FLT_BRIC_vs_CARA	factorial	3	3	0	0	0	0.0	1.0	0.34845529860602736	0.566768734402033	DOWN (targets de-repressed)	CSD1/CSD2/CCS (Cu/Zn superoxide dismutases)	Oxidative stress response	Oxidative stress is a major spaceflight stress; miR398 downregulation would increase CSD levels	AT1G08830;AT2G28190;AT5G18100		1.0
miR408	FLT_BRIC_vs_CARA	factorial	2	2	0	0	0	0.0	1.0	0.08960676496369513	0.08960676496369513	UNCHANGED	Plantacyanin, laccase	Copper homeostasis, cell wall	Cell wall remodeling in microgravity	AT2G44790;AT5G20230		1.0
miR157	FLT_BRIC_vs_CARA	factorial	4	4	2	0	2	1.5289675047202624	0.5169028486947603	-3.9704234337389748	-3.73358975585424	UP (targets suppressed)	SPL (SQUAMOSA PROMOTER BINDING PROTEIN-LIKE)	Developmental timing	Same as miR156	AT2G42200;AT5G43270;AT1G20980;AT2G33810	AT1G20980;AT2G42200	1.0
miR158	FLT_BRIC_vs_CARA	factorial	2	2	0	0	0	0.0	1.0	-0.2873111370838151	-0.2873111370838151	UNCHANGED	PPR (pentatricopeptide repeat)	RNA processing in organelles	Organelle function may be affected in microgravity	AT1G06580;AT1G62670		1.0
miR395	FLT_BRIC_vs_CARA	factorial	4	4	0	0	0	0.0	1.0	-0.11544915736144268	0.48400233747302	UNCHANGED	APS1/APS3/APS4/SULTR2;1	Sulfate assimilation and transport	Nutrient metabolism may be altered in spaceflight	AT3G22890;AT5G67500;AT1G80840;AT3G22890		1.0
miR156	FLT_CARA_vs_VEGGIE	factorial	8	8	1	1	0	0.717905348262914	0.7658849161797245	2.5392757092044147	3.26524125417579	DOWN (targets de-repressed)	SPL (SQUAMOSA PROMOTER BINDING PROTEIN-LIKE)	Developmental timing, vegetative phase change	SPLs regulate juvenile-to-adult transition; spaceflight may alter developmental timing	AT2G42200;AT5G43270;AT1G20980;AT2G33810;AT3G15270;AT1G53160;AT5G50570;AT1G28550	AT1G20980	1.0
miR159	FLT_CARA_vs_VEGGIE	factorial	4	4	0	0	0	0.0	1.0	1.3878528242750217	0.529614979190276	DOWN (targets de-repressed)	MYB33/MYB65/GAMYB	ABA signaling, germination, stress response	ABA signaling is altered in microgravity; miR159 is a key ABA-responsive miRNA	AT1G66370;AT2G42200;AT5G06100;AT3G11400		1.0
miR160	FLT_CARA_vs_VEGGIE	factorial	3	3	0	0	0	0.0	1.0	0.6002433246482454	0.5318692075445	DOWN (targets de-repressed)	ARF10/ARF16/ARF17	Auxin signaling, root cap formation, leaf development	Auxin redistribution is central to gravitropic response; ARF10/16/17 regulate root gravitropism	AT2G28350;AT4G30080;AT1G77850		1.0
miR164	FLT_CARA_vs_VEGGIE	factorial	4	4	2	2	0	5.027711984841307	0.1309407563936286	3.4039416507062357	4.010174354522281	DOWN (targets de-repressed)	NAC1/CUC1/CUC2	Lateral root development, organ boundary formation	Lateral root development is altered in microgravity; NAC1 mediates auxin signaling in roots	AT1G56010;AT5G61430;AT5G07680;AT3G15170	AT5G61430;AT3G15170	1.0
miR165	FLT_CARA_vs_VEGGIE	factorial	4	4	0	0	0	0.0	1.0	1.3700888969877114	1.3564580766805299	DOWN (targets de-repressed)	PHB/PHV/REV/CNA (HD-ZIP III)	Leaf polarity, vascular development, meristem	Vascular patterning may be affected by altered auxin flow in microgravity	AT1G52150;AT1G30490;AT5G60690;AT5G65600		1.0
miR166	FLT_CARA_vs_VEGGIE	factorial	4	4	0	0	0	0.0	1.0	1.3700888969877114	1.3564580766805299	DOWN (targets de-repressed)	PHB/PHV/REV/CNA (HD-ZIP III)	Leaf polarity, vascular development	Same as miR165	AT1G52150;AT1G30490;AT5G60690;AT5G65600		1.0
miR167	FLT_CARA_vs_VEGGIE	factorial	3	3	2	2	0	10.055897678825202	0.07346941523867043	2.8276487303406768	2.35489959398179	DOWN (targets de-repressed)	ARF6/ARF8	Auxin signaling, root development, flower development	ARF6/8 regulate lateral root initiation; auxin redistribution in microgravity affects root architecture	AT1G30330;AT2G33810;AT5G37020	AT1G30330;AT5G37020	1.0
miR169	FLT_CARA_vs_VEGGIE	factorial	4	4	0	0	0	0.0	1.0	1.7675460092588688	1.361449105424125	DOWN (targets de-repressed)	NF-YA (nuclear factor Y, subunit A)	Drought stress, ABA signaling, flowering	NF-YA regulates drought stress; spaceflight induces stress-like transcriptional responses	AT1G54160;AT5G12840;AT3G05690;AT3G20910		1.0
miR171	FLT_CARA_vs_VEGGIE	factorial	4	4	1	0	1	1.6754282105927856	0.516115326982088	-0.40041003801156605	0.09151886219042799	UP (targets suppressed)	SCL6/SCL22/SCL27 (GRAS domain)	Meristem maintenance, leaf development	Meristem function is altered in microgravity	AT2G45160;AT3G60150;AT4G00150;AT1G69170	AT3G60150	1.0
miR172	FLT_CARA_vs_VEGGIE	factorial	4	4	1	1	0	1.6754282105927856	0.516115326982088	2.084843646588247	0.6877544225300816	DOWN (targets de-repressed)	AP2/TOE1/TOE2/SMZ	Flowering time, floral identity	Flowering time is altered in spaceflight	AT2G28550;AT5G67030;AT4G36920;AT5G11560	AT5G67030	1.0
miR319	FLT_CARA_vs_VEGGIE	factorial	4	4	1	1	0	1.6754282105927856	0.516115326982088	3.5273976100127578	2.3175221251384297	DOWN (targets de-repressed)	TCP2/TCP3/TCP4/TCP10	Leaf development, jasmonate biosynthesis	TCPs regulate leaf morphology; spaceflight affects leaf development	AT1G53230;AT2G31070;AT3G15030;AT5G08310	AT1G53230	1.0
miR393	FLT_CARA_vs_VEGGIE	factorial	4	4	1	1	0	1.6754282105927856	0.516115326982088	1.623372201108039	1.254086057908675	DOWN (targets de-repressed)	TIR1/AFB2/AFB3 (auxin receptors)	Auxin perception, stress response	TIR1 is the auxin receptor; miR393-mediated downregulation would alter auxin sensitivity in microgravity	AT3G62980;AT5G44750;AT5G64360;AT2G39360	AT5G44750	1.0
miR396	FLT_CARA_vs_VEGGIE	factorial	5	5	0	0	0	0.0	1.0	0.42620042817141385	1.10071597839865	DOWN (targets de-repressed)	GRF1-7 (GROWTH REGULATING FACTOR)	Leaf growth, root development	GRFs regulate organ growth; spaceflight alters growth patterns	AT2G36400;AT4G24150;AT5G53460;AT3G46980;AT5G07680		1.0
miR397	FLT_CARA_vs_VEGGIE	factorial	3	3	0	0	0	0.0	1.0	-0.7674676382042834	-1.11503734361365	UP (targets suppressed)	LAC2/LAC4/LAC17 (laccases)	Lignin biosynthesis, secondary cell wall	Cell wall remodeling occurs in microgravity; lignin deposition is altered	AT2G40370;AT2G46570;AT5G05990		1.0
miR398	FLT_CARA_vs_VEGGIE	factorial	3	3	0	0	0	0.0	1.0	-0.08218865176529301	-0.459364127692575	UNCHANGED	CSD1/CSD2/CCS (Cu/Zn superoxide dismutases)	Oxidative stress response	Oxidative stress is a major spaceflight stress; miR398 downregulation would increase CSD levels	AT1G08830;AT2G28190;AT5G18100		1.0
miR408	FLT_CARA_vs_VEGGIE	factorial	2	2	1	0	1	5.026758228747336	0.3043709279695389	-0.3342999646177698	-0.3342999646177698	UP (targets suppressed)	Plantacyanin, laccase	Copper homeostasis, cell wall	Cell wall remodeling in microgravity	AT2G44790;AT5G20230	AT2G44790	1.0
miR157	FLT_CARA_vs_VEGGIE	factorial	4	4	1	1	0	1.6754282105927856	0.516115326982088	3.2459272006930426	3.26524125417579	DOWN (targets de-repressed)	SPL (SQUAMOSA PROMOTER BINDING PROTEIN-LIKE)	Developmental timing	Same as miR156	AT2G42200;AT5G43270;AT1G20980;AT2G33810	AT1G20980	1.0
miR158	FLT_CARA_vs_VEGGIE	factorial	2	2	0	0	0	0.0	1.0	-0.048248112980814	-0.048248112980814	UNCHANGED	PPR (pentatricopeptide repeat)	RNA processing in organelles	Organelle function may be affected in microgravity	AT1G06580;AT1G62670		1.0
miR395	FLT_CARA_vs_VEGGIE	factorial	4	4	1	1	0	1.6754282105927856	0.516115326982088	1.1555514283565147	0.196817232962054	DOWN (targets de-repressed)	APS1/APS3/APS4/SULTR2;1	Sulfate assimilation and transport	Nutrient metabolism may be altered in spaceflight	AT3G22890;AT5G67500;AT1G80840;AT3G22890	AT1G80840	1.0
miR156	CFDmodel_Flight_FLT_vs_GC	cfd_covariate	8	8	0	0	0	0.0	1.0	0.05628551601844608	0.0232905225538658	UNCHANGED	SPL (SQUAMOSA PROMOTER BINDING PROTEIN-LIKE)	Developmental timing, vegetative phase change	SPLs regulate juvenile-to-adult transition; spaceflight may alter developmental timing	AT2G42200;AT5G43270;AT1G20980;AT2G33810;AT3G15270;AT1G53160;AT5G50570;AT1G28550		1.0
miR159	CFDmodel_Flight_FLT_vs_GC	cfd_covariate	4	4	0	0	0	0.0	1.0	0.1076367807700942	0.1223121177134474	UNCHANGED	MYB33/MYB65/GAMYB	ABA signaling, germination, stress response	ABA signaling is altered in microgravity; miR159 is a key ABA-responsive miRNA	AT1G66370;AT2G42200;AT5G06100;AT3G11400		1.0
miR160	CFDmodel_Flight_FLT_vs_GC	cfd_covariate	3	3	0	0	0	0.0	1.0	-0.41764054177349563	-0.387629790885142	UP (targets suppressed)	ARF10/ARF16/ARF17	Auxin signaling, root cap formation, leaf development	Auxin redistribution is central to gravitropic response; ARF10/16/17 regulate root gravitropism	AT2G28350;AT4G30080;AT1G77850		1.0
miR164	CFDmodel_Flight_FLT_vs_GC	cfd_covariate	4	4	0	0	0	0.0	1.0	-0.5591153257219356	-0.5839471588610881	UP (targets suppressed)	NAC1/CUC1/CUC2	Lateral root development, organ boundary formation	Lateral root development is altered in microgravity; NAC1 mediates auxin signaling in roots	AT1G56010;AT5G61430;AT5G07680;AT3G15170		1.0
miR165	CFDmodel_Flight_FLT_vs_GC	cfd_covariate	4	4	1	0	1	5.590549348230913	0.20689626689951504	-0.5836433562745322	-0.17096134438238342	UP (targets suppressed)	PHB/PHV/REV/CNA (HD-ZIP III)	Leaf polarity, vascular development, meristem	Vascular patterning may be affected by altered auxin flow in microgravity	AT1G52150;AT1G30490;AT5G60690;AT5G65600	AT5G65600	1.0
miR166	CFDmodel_Flight_FLT_vs_GC	cfd_covariate	4	4	1	0	1	5.590549348230913	0.20689626689951504	-0.5836433562745322	-0.17096134438238342	UP (targets suppressed)	PHB/PHV/REV/CNA (HD-ZIP III)	Leaf polarity, vascular development	Same as miR165	AT1G52150;AT1G30490;AT5G60690;AT5G65600	AT5G65600	1.0
miR167	CFDmodel_Flight_FLT_vs_GC	cfd_covariate	3	3	0	0	0	0.0	1.0	0.17550593301223735	-0.112788018163032	UNCHANGED	ARF6/ARF8	Auxin signaling, root development, flower development	ARF6/8 regulate lateral root initiation; auxin redistribution in microgravity affects root architecture	AT1G30330;AT2G33810;AT5G37020		1.0
miR169	CFDmodel_Flight_FLT_vs_GC	cfd_covariate	4	4	0	0	0	0.0	1.0	0.22560037932658172	0.48442997137983	UNCHANGED	NF-YA (nuclear factor Y, subunit A)	Drought stress, ABA signaling, flowering	NF-YA regulates drought stress; spaceflight induces stress-like transcriptional responses	AT1G54160;AT5G12840;AT3G05690;AT3G20910		1.0
miR171	CFDmodel_Flight_FLT_vs_GC	cfd_covariate	4	4	0	0	0	0.0	1.0	-0.2880349537993129	-0.25393224724965	UNCHANGED	SCL6/SCL22/SCL27 (GRAS domain)	Meristem maintenance, leaf development	Meristem function is altered in microgravity	AT2G45160;AT3G60150;AT4G00150;AT1G69170		1.0
miR172	CFDmodel_Flight_FLT_vs_GC	cfd_covariate	4	4	0	0	0	0.0	1.0	-0.28969221422414065	-0.24242267980958	UNCHANGED	AP2/TOE1/TOE2/SMZ	Flowering time, floral identity	Flowering time is altered in spaceflight	AT2G28550;AT5G67030;AT4G36920;AT5G11560		1.0
miR319	CFDmodel_Flight_FLT_vs_GC	cfd_covariate	4	4	1	0	1	5.590549348230913	0.20689626689951504	-0.7485990548163525	-0.7768396745953721	UP (targets suppressed)	TCP2/TCP3/TCP4/TCP10	Leaf development, jasmonate biosynthesis	TCPs regulate leaf morphology; spaceflight affects leaf development	AT1G53230;AT2G31070;AT3G15030;AT5G08310	AT2G31070	1.0
miR393	CFDmodel_Flight_FLT_vs_GC	cfd_covariate	4	4	0	0	0	0.0	1.0	-0.07524584891783834	0.1114577681968843	UNCHANGED	TIR1/AFB2/AFB3 (auxin receptors)	Auxin perception, stress response	TIR1 is the auxin receptor; miR393-mediated downregulation would alter auxin sensitivity in microgravity	AT3G62980;AT5G44750;AT5G64360;AT2G39360		1.0
miR396	CFDmodel_Flight_FLT_vs_GC	cfd_covariate	5	5	0	0	0	0.0	1.0	0.0164658252054514	0.0545840370120131	UNCHANGED	GRF1-7 (GROWTH REGULATING FACTOR)	Leaf growth, root development	GRFs regulate organ growth; spaceflight alters growth patterns	AT2G36400;AT4G24150;AT5G53460;AT3G46980;AT5G07680		1.0
miR397	CFDmodel_Flight_FLT_vs_GC	cfd_covariate	3	3	1	0	1	8.386173184357542	0.1595748841484223	-1.1110361746829684	-1.65385616374537	UP (targets suppressed)	LAC2/LAC4/LAC17 (laccases)	Lignin biosynthesis, secondary cell wall	Cell wall remodeling occurs in microgravity; lignin deposition is altered	AT2G40370;AT2G46570;AT5G05990	AT2G46570	1.0
miR398	CFDmodel_Flight_FLT_vs_GC	cfd_covariate	3	3	0	0	0	0.0	1.0	0.06657936539468902	-0.111911252166731	UNCHANGED	CSD1/CSD2/CCS (Cu/Zn superoxide dismutases)	Oxidative stress response	Oxidative stress is a major spaceflight stress; miR398 downregulation would increase CSD levels	AT1G08830;AT2G28190;AT5G18100		1.0
miR408	CFDmodel_Flight_FLT_vs_GC	cfd_covariate	2	2	0	0	0	0.0	1.0	-1.058574942391811	-1.058574942391811	UP (targets suppressed)	Plantacyanin, laccase	Copper homeostasis, cell wall	Cell wall remodeling in microgravity	AT2G44790;AT5G20230		1.0
miR157	CFDmodel_Flight_FLT_vs_GC	cfd_covariate	4	4	0	0	0	0.0	1.0	0.013554230572347007	-0.1555863916782065	UNCHANGED	SPL (SQUAMOSA PROMOTER BINDING PROTEIN-LIKE)	Developmental timing	Same as miR156	AT2G42200;AT5G43270;AT1G20980;AT2G33810		1.0
miR158	CFDmodel_Flight_FLT_vs_GC	cfd_covariate	2	2	0	0	0	0.0	1.0	-0.311573705938351	-0.311573705938351	UP (targets suppressed)	PPR (pentatricopeptide repeat)	RNA processing in organelles	Organelle function may be affected in microgravity	AT1G06580;AT1G62670		1.0
miR395	CFDmodel_Flight_FLT_vs_GC	cfd_covariate	4	4	0	0	0	0.0	1.0	0.06151637377693012	0.133743968511723	UNCHANGED	APS1/APS3/APS4/SULTR2;1	Sulfate assimilation and transport	Nutrient metabolism may be altered in spaceflight	AT3G22890;AT5G67500;AT1G80840;AT3G22890		1.0
miR156	CFD_g_bl	cfd_covariate	8	8	0	0	0	0.0	1.0	0.20785502008564388	0.20601628357513202	UNCHANGED	SPL (SQUAMOSA PROMOTER BINDING PROTEIN-LIKE)	Developmental timing, vegetative phase change	SPLs regulate juvenile-to-adult transition; spaceflight may alter developmental timing	AT2G42200;AT5G43270;AT1G20980;AT2G33810;AT3G15270;AT1G53160;AT5G50570;AT1G28550		1.0
miR159	CFD_g_bl	cfd_covariate	4	4	0	0	0	0.0	1.0	0.18799618047210026	0.074982954639768	UNCHANGED	MYB33/MYB65/GAMYB	ABA signaling, germination, stress response	ABA signaling is altered in microgravity; miR159 is a key ABA-responsive miRNA	AT1G66370;AT2G42200;AT5G06100;AT3G11400		1.0
miR160	CFD_g_bl	cfd_covariate	3	3	0	0	0	0.0	1.0	-0.6137132838822064	-0.60293637242688	UP (targets suppressed)	ARF10/ARF16/ARF17	Auxin signaling, root cap formation, leaf development	Auxin redistribution is central to gravitropic response; ARF10/16/17 regulate root gravitropism	AT2G28350;AT4G30080;AT1G77850		1.0
miR164	CFD_g_bl	cfd_covariate	4	4	0	0	0	0.0	1.0	-1.124527493129804	-1.233532530558255	UP (targets suppressed)	NAC1/CUC1/CUC2	Lateral root development, organ boundary formation	Lateral root development is altered in microgravity; NAC1 mediates auxin signaling in roots	AT1G56010;AT5G61430;AT5G07680;AT3G15170		1.0
miR165	CFD_g_bl	cfd_covariate	4	4	1	0	1	2.0022944199706316	0.45993500617630423	-0.7925722083765585	0.10389264198597681	UP (targets suppressed)	PHB/PHV/REV/CNA (HD-ZIP III)	Leaf polarity, vascular development, meristem	Vascular patterning may be affected by altered auxin flow in microgravity	AT1G52150;AT1G30490;AT5G60690;AT5G65600	AT5G65600	1.0
miR166	CFD_g_bl	cfd_covariate	4	4	1	0	1	2.0022944199706316	0.45993500617630423	-0.7925722083765585	0.10389264198597681	UP (targets suppressed)	PHB/PHV/REV/CNA (HD-ZIP III)	Leaf polarity, vascular development	Same as miR165	AT1G52150;AT1G30490;AT5G60690;AT5G65600	AT5G65600	1.0
miR167	CFD_g_bl	cfd_covariate	3	3	0	0	0	0.0	1.0	0.18736876090762533	0.15995845162142	UNCHANGED	ARF6/ARF8	Auxin signaling, root development, flower development	ARF6/8 regulate lateral root initiation; auxin redistribution in microgravity affects root architecture	AT1G30330;AT2G33810;AT5G37020		1.0
miR169	CFD_g_bl	cfd_covariate	4	4	0	0	0	0.0	1.0	-0.050689742943711515	0.2621218916077395	UNCHANGED	NF-YA (nuclear factor Y, subunit A)	Drought stress, ABA signaling, flowering	NF-YA regulates drought stress; spaceflight induces stress-like transcriptional responses	AT1G54160;AT5G12840;AT3G05690;AT3G20910		1.0
miR171	CFD_g_bl	cfd_covariate	4	4	1	0	1	2.0022944199706316	0.45993500617630423	-0.5557841025266238	-0.5650748157341774	UP (targets suppressed)	SCL6/SCL22/SCL27 (GRAS domain)	Meristem maintenance, leaf development	Meristem function is altered in microgravity	AT2G45160;AT3G60150;AT4G00150;AT1G69170	AT3G60150	1.0
miR172	CFD_g_bl	cfd_covariate	4	4	1	0	1	2.0022944199706316	0.45993500617630423	-0.8788906191567418	-0.5101433645751972	UP (targets suppressed)	AP2/TOE1/TOE2/SMZ	Flowering time, floral identity	Flowering time is altered in spaceflight	AT2G28550;AT5G67030;AT4G36920;AT5G11560	AT5G67030	1.0
miR319	CFD_g_bl	cfd_covariate	4	4	1	0	1	2.0022944199706316	0.45993500617630423	-1.178284638777263	-0.8478034743132937	UP (targets suppressed)	TCP2/TCP3/TCP4/TCP10	Leaf development, jasmonate biosynthesis	TCPs regulate leaf morphology; spaceflight affects leaf development	AT1G53230;AT2G31070;AT3G15030;AT5G08310	AT2G31070	1.0
miR393	CFD_g_bl	cfd_covariate	4	4	1	0	1	2.0022944199706316	0.45993500617630423	-0.2734229748621415	0.0600347956672694	UNCHANGED	TIR1/AFB2/AFB3 (auxin receptors)	Auxin perception, stress response	TIR1 is the auxin receptor; miR393-mediated downregulation would alter auxin sensitivity in microgravity	AT3G62980;AT5G44750;AT5G64360;AT2G39360	AT2G39360	1.0
miR396	CFD_g_bl	cfd_covariate	5	5	1	1	0	1.5016519823788546	0.5370325786766571	0.022138074836642783	0.555780702801814	UNCHANGED	GRF1-7 (GROWTH REGULATING FACTOR)	Leaf growth, root development	GRFs regulate organ growth; spaceflight alters growth patterns	AT2G36400;AT4G24150;AT5G53460;AT3G46980;AT5G07680	AT5G53460	1.0
miR397	CFD_g_bl	cfd_covariate	3	3	0	0	0	0.0	1.0	-0.43436784404260037	0.23982752754509	UP (targets suppressed)	LAC2/LAC4/LAC17 (laccases)	Lignin biosynthesis, secondary cell wall	Cell wall remodeling occurs in microgravity; lignin deposition is altered	AT2G40370;AT2G46570;AT5G05990		1.0
miR398	CFD_g_bl	cfd_covariate	3	3	0	0	0	0.0	1.0	0.1666039812003856	0.165119297957197	UNCHANGED	CSD1/CSD2/CCS (Cu/Zn superoxide dismutases)	Oxidative stress response	Oxidative stress is a major spaceflight stress; miR398 downregulation would increase CSD levels	AT1G08830;AT2G28190;AT5G18100		1.0
miR408	CFD_g_bl	cfd_covariate	2	2	1	0	1	6.0074339207048455	0.26509924005404895	-3.8946882901879154	-3.8946882901879154	UP (targets suppressed)	Plantacyanin, laccase	Copper homeostasis, cell wall	Cell wall remodeling in microgravity	AT2G44790;AT5G20230	AT5G20230	1.0
miR157	CFD_g_bl	cfd_covariate	4	4	0	0	0	0.0	1.0	0.02194123205111173	0.07140113574048396	UNCHANGED	SPL (SQUAMOSA PROMOTER BINDING PROTEIN-LIKE)	Developmental timing	Same as miR156	AT2G42200;AT5G43270;AT1G20980;AT2G33810		1.0
miR158	CFD_g_bl	cfd_covariate	2	2	0	0	0	0.0	1.0	-0.5488694590776401	-0.5488694590776401	UP (targets suppressed)	PPR (pentatricopeptide repeat)	RNA processing in organelles	Organelle function may be affected in microgravity	AT1G06580;AT1G62670		1.0
miR395	CFD_g_bl	cfd_covariate	4	4	0	0	0	0.0	1.0	-0.6220664882418735	0.0114591645180002	UP (targets suppressed)	APS1/APS3/APS4/SULTR2;1	Sulfate assimilation and transport	Nutrient metabolism may be altered in spaceflight	AT3G22890;AT5G67500;AT1G80840;AT3G22890		1.0
miR156	CFD_carbon_12h	cfd_covariate	8	8	0	0	0		1.0	-0.004781993152516713	-0.0051760493278571	UNCHANGED	SPL (SQUAMOSA PROMOTER BINDING PROTEIN-LIKE)	Developmental timing, vegetative phase change	SPLs regulate juvenile-to-adult transition; spaceflight may alter developmental timing	AT2G42200;AT5G43270;AT1G20980;AT2G33810;AT3G15270;AT1G53160;AT5G50570;AT1G28550		1.0
miR159	CFD_carbon_12h	cfd_covariate	4	4	0	0	0		1.0	-0.00029672111410900003	0.0009343315989440999	UNCHANGED	MYB33/MYB65/GAMYB	ABA signaling, germination, stress response	ABA signaling is altered in microgravity; miR159 is a key ABA-responsive miRNA	AT1G66370;AT2G42200;AT5G06100;AT3G11400		1.0
miR160	CFD_carbon_12h	cfd_covariate	3	3	0	0	0		1.0	0.0010086910008944002	0.0010820702845623	UNCHANGED	ARF10/ARF16/ARF17	Auxin signaling, root cap formation, leaf development	Auxin redistribution is central to gravitropic response; ARF10/16/17 regulate root gravitropism	AT2G28350;AT4G30080;AT1G77850		1.0
miR164	CFD_carbon_12h	cfd_covariate	4	4	0	0	0		1.0	0.0012056392200312251	0.0018762870427274998	UNCHANGED	NAC1/CUC1/CUC2	Lateral root development, organ boundary formation	Lateral root development is altered in microgravity; NAC1 mediates auxin signaling in roots	AT1G56010;AT5G61430;AT5G07680;AT3G15170		1.0
miR165	CFD_carbon_12h	cfd_covariate	4	4	0	0	0		1.0	-0.001994613458609875	-0.0011064021298180999	UNCHANGED	PHB/PHV/REV/CNA (HD-ZIP III)	Leaf polarity, vascular development, meristem	Vascular patterning may be affected by altered auxin flow in microgravity	AT1G52150;AT1G30490;AT5G60690;AT5G65600		1.0
miR166	CFD_carbon_12h	cfd_covariate	4	4	0	0	0		1.0	-0.001994613458609875	-0.0011064021298180999	UNCHANGED	PHB/PHV/REV/CNA (HD-ZIP III)	Leaf polarity, vascular development	Same as miR165	AT1G52150;AT1G30490;AT5G60690;AT5G65600		1.0
miR167	CFD_carbon_12h	cfd_covariate	3	3	0	0	0		1.0	-0.0022518179901494335	-0.0019343596595034	UNCHANGED	ARF6/ARF8	Auxin signaling, root development, flower development	ARF6/8 regulate lateral root initiation; auxin redistribution in microgravity affects root architecture	AT1G30330;AT2G33810;AT5G37020		1.0
miR169	CFD_carbon_12h	cfd_covariate	4	4	0	0	0		1.0	0.004964951496544075	0.0048457410563229	UNCHANGED	NF-YA (nuclear factor Y, subunit A)	Drought stress, ABA signaling, flowering	NF-YA regulates drought stress; spaceflight induces stress-like transcriptional responses	AT1G54160;AT5G12840;AT3G05690;AT3G20910		1.0
miR171	CFD_carbon_12h	cfd_covariate	4	4	0	0	0		1.0	0.00113930201032115	-0.00031935929823174997	UNCHANGED	SCL6/SCL22/SCL27 (GRAS domain)	Meristem maintenance, leaf development	Meristem function is altered in microgravity	AT2G45160;AT3G60150;AT4G00150;AT1G69170		1.0
miR172	CFD_carbon_12h	cfd_covariate	4	4	0	0	0		1.0	-0.00013895900338603952	-0.0003062970156769789	UNCHANGED	AP2/TOE1/TOE2/SMZ	Flowering time, floral identity	Flowering time is altered in spaceflight	AT2G28550;AT5G67030;AT4G36920;AT5G11560		1.0
miR319	CFD_carbon_12h	cfd_covariate	4	4	0	0	0		1.0	-0.00901515629763145	-0.01112039326247975	UNCHANGED	TCP2/TCP3/TCP4/TCP10	Leaf development, jasmonate biosynthesis	TCPs regulate leaf morphology; spaceflight affects leaf development	AT1G53230;AT2G31070;AT3G15030;AT5G08310		1.0
miR393	CFD_carbon_12h	cfd_covariate	4	4	0	0	0		1.0	0.0008888973266923	0.0016416651831307	UNCHANGED	TIR1/AFB2/AFB3 (auxin receptors)	Auxin perception, stress response	TIR1 is the auxin receptor; miR393-mediated downregulation would alter auxin sensitivity in microgravity	AT3G62980;AT5G44750;AT5G64360;AT2G39360		1.0
miR396	CFD_carbon_12h	cfd_covariate	5	5	0	0	0		1.0	0.0018819024175198262	0.0016232595396098	UNCHANGED	GRF1-7 (GROWTH REGULATING FACTOR)	Leaf growth, root development	GRFs regulate organ growth; spaceflight alters growth patterns	AT2G36400;AT4G24150;AT5G53460;AT3G46980;AT5G07680		1.0
miR397	CFD_carbon_12h	cfd_covariate	3	3	0	0	0		1.0	-0.010213949324384033	-0.0049035906433979	UNCHANGED	LAC2/LAC4/LAC17 (laccases)	Lignin biosynthesis, secondary cell wall	Cell wall remodeling occurs in microgravity; lignin deposition is altered	AT2G40370;AT2G46570;AT5G05990		1.0
miR398	CFD_carbon_12h	cfd_covariate	3	3	0	0	0		1.0	0.0014223633957980333	0.0013595519255339	UNCHANGED	CSD1/CSD2/CCS (Cu/Zn superoxide dismutases)	Oxidative stress response	Oxidative stress is a major spaceflight stress; miR398 downregulation would increase CSD levels	AT1G08830;AT2G28190;AT5G18100		1.0
miR408	CFD_carbon_12h	cfd_covariate	2	2	0	0	0		1.0	0.010379726545879101	0.010379726545879101	UNCHANGED	Plantacyanin, laccase	Copper homeostasis, cell wall	Cell wall remodeling in microgravity	AT2G44790;AT5G20230		1.0
miR157	CFD_carbon_12h	cfd_covariate	4	4	0	0	0		1.0	-0.003928753034991275	-0.0045249788291538496	UNCHANGED	SPL (SQUAMOSA PROMOTER BINDING PROTEIN-LIKE)	Developmental timing	Same as miR156	AT2G42200;AT5G43270;AT1G20980;AT2G33810		1.0
miR158	CFD_carbon_12h	cfd_covariate	2	2	0	0	0		1.0	-0.0013987181489384	-0.0013987181489384	UNCHANGED	PPR (pentatricopeptide repeat)	RNA processing in organelles	Organelle function may be affected in microgravity	AT1G06580;AT1G62670		1.0
miR395	CFD_carbon_12h	cfd_covariate	4	4	0	0	0		1.0	0.0021930756486540667	0.0002316105218459	UNCHANGED	APS1/APS3/APS4/SULTR2;1	Sulfate assimilation and transport	Nutrient metabolism may be altered in spaceflight	AT3G22890;AT5G67500;AT1G80840;AT3G22890		1.0
miR156	CFDmodel_Organ_organ_simpleleaf	cfd_covariate	8	8	0	0	0	0.0	1.0	0.1568565892252776	-0.09436563233598565	UNCHANGED	SPL (SQUAMOSA PROMOTER BINDING PROTEIN-LIKE)	Developmental timing, vegetative phase change	SPLs regulate juvenile-to-adult transition; spaceflight may alter developmental timing	AT2G42200;AT5G43270;AT1G20980;AT2G33810;AT3G15270;AT1G53160;AT5G50570;AT1G28550		1.0
miR159	CFDmodel_Organ_organ_simpleleaf	cfd_covariate	4	4	0	0	0	0.0	1.0	-0.20163562527984263	-0.0885044949614313	UNCHANGED	MYB33/MYB65/GAMYB	ABA signaling, germination, stress response	ABA signaling is altered in microgravity; miR159 is a key ABA-responsive miRNA	AT1G66370;AT2G42200;AT5G06100;AT3G11400		1.0
miR160	CFDmodel_Organ_organ_simpleleaf	cfd_covariate	3	3	0	0	0	0.0	1.0	0.060137990998090286	0.0555623729099244	UNCHANGED	ARF10/ARF16/ARF17	Auxin signaling, root cap formation, leaf development	Auxin redistribution is central to gravitropic response; ARF10/16/17 regulate root gravitropism	AT2G28350;AT4G30080;AT1G77850		1.0
miR164	CFDmodel_Organ_organ_simpleleaf	cfd_covariate	4	4	0	0	0	0.0	1.0	0.5063160916046993	0.64607780015825	DOWN (targets de-repressed)	NAC1/CUC1/CUC2	Lateral root development, organ boundary formation	Lateral root development is altered in microgravity; NAC1 mediates auxin signaling in roots	AT1G56010;AT5G61430;AT5G07680;AT3G15170		1.0
miR165	CFDmodel_Organ_organ_simpleleaf	cfd_covariate	4	4	0	0	0	0.0	1.0	-0.28934734765653625	-0.2948362544555455	UNCHANGED	PHB/PHV/REV/CNA (HD-ZIP III)	Leaf polarity, vascular development, meristem	Vascular patterning may be affected by altered auxin flow in microgravity	AT1G52150;AT1G30490;AT5G60690;AT5G65600		1.0
miR166	CFDmodel_Organ_organ_simpleleaf	cfd_covariate	4	4	0	0	0	0.0	1.0	-0.28934734765653625	-0.2948362544555455	UNCHANGED	PHB/PHV/REV/CNA (HD-ZIP III)	Leaf polarity, vascular development	Same as miR165	AT1G52150;AT1G30490;AT5G60690;AT5G65600		1.0
miR167	CFDmodel_Organ_organ_simpleleaf	cfd_covariate	3	3	0	0	0	0.0	1.0	-0.15655811307773945	-0.0670737502809103	UNCHANGED	ARF6/ARF8	Auxin signaling, root development, flower development	ARF6/8 regulate lateral root initiation; auxin redistribution in microgravity affects root architecture	AT1G30330;AT2G33810;AT5G37020		1.0
miR169	CFDmodel_Organ_organ_simpleleaf	cfd_covariate	4	4	0	0	0	0.0	1.0	-0.30151458216362637	-0.376800971236261	UP (targets suppressed)	NF-YA (nuclear factor Y, subunit A)	Drought stress, ABA signaling, flowering	NF-YA regulates drought stress; spaceflight induces stress-like transcriptional responses	AT1G54160;AT5G12840;AT3G05690;AT3G20910		1.0
miR171	CFDmodel_Organ_organ_simpleleaf	cfd_covariate	4	4	1	1	0	45.52072072072072	0.02891318454716858	0.9066038306400336	0.2529708460180371	DOWN (targets de-repressed)	SCL6/SCL22/SCL27 (GRAS domain)	Meristem maintenance, leaf development	Meristem function is altered in microgravity	AT2G45160;AT3G60150;AT4G00150;AT1G69170	AT3G60150	1.0
miR172	CFDmodel_Organ_organ_simpleleaf	cfd_covariate	4	4	0	0	0	0.0	1.0	0.15665620013456436	0.1674895078908095	UNCHANGED	AP2/TOE1/TOE2/SMZ	Flowering time, floral identity	Flowering time is altered in spaceflight	AT2G28550;AT5G67030;AT4G36920;AT5G11560		1.0
miR319	CFDmodel_Organ_organ_simpleleaf	cfd_covariate	4	4	0	0	0	0.0	1.0	0.17996594479585182	0.18972930171040936	UNCHANGED	TCP2/TCP3/TCP4/TCP10	Leaf development, jasmonate biosynthesis	TCPs regulate leaf morphology; spaceflight affects leaf development	AT1G53230;AT2G31070;AT3G15030;AT5G08310		1.0
miR393	CFDmodel_Organ_organ_simpleleaf	cfd_covariate	4	4	0	0	0	0.0	1.0	0.32521694211292307	0.1751913493205318	DOWN (targets de-repressed)	TIR1/AFB2/AFB3 (auxin receptors)	Auxin perception, stress response	TIR1 is the auxin receptor; miR393-mediated downregulation would alter auxin sensitivity in microgravity	AT3G62980;AT5G44750;AT5G64360;AT2G39360		1.0
miR396	CFDmodel_Organ_organ_simpleleaf	cfd_covariate	5	5	0	0	0	0.0	1.0	0.28440622619747064	0.511572301972308	UNCHANGED	GRF1-7 (GROWTH REGULATING FACTOR)	Leaf growth, root development	GRFs regulate organ growth; spaceflight alters growth patterns	AT2G36400;AT4G24150;AT5G53460;AT3G46980;AT5G07680		1.0
miR397	CFDmodel_Organ_organ_simpleleaf	cfd_covariate	3	3	0	0	0	0.0	1.0	-0.04556843869955691	0.0178492624015433	UNCHANGED	LAC2/LAC4/LAC17 (laccases)	Lignin biosynthesis, secondary cell wall	Cell wall remodeling occurs in microgravity; lignin deposition is altered	AT2G40370;AT2G46570;AT5G05990		1.0
miR398	CFDmodel_Organ_organ_simpleleaf	cfd_covariate	3	3	0	0	0	0.0	1.0	-0.040580321273625	-0.106188825104098	UNCHANGED	CSD1/CSD2/CCS (Cu/Zn superoxide dismutases)	Oxidative stress response	Oxidative stress is a major spaceflight stress; miR398 downregulation would increase CSD levels	AT1G08830;AT2G28190;AT5G18100		1.0
miR408	CFDmodel_Organ_organ_simpleleaf	cfd_covariate	2	2	0	0	0	0.0	1.0	0.747301700317459	0.747301700317459	DOWN (targets de-repressed)	Plantacyanin, laccase	Copper homeostasis, cell wall	Cell wall remodeling in microgravity	AT2G44790;AT5G20230		1.0
miR157	CFDmodel_Organ_organ_simpleleaf	cfd_covariate	4	4	0	0	0	0.0	1.0	0.08434207025291468	-0.09436563233598565	UNCHANGED	SPL (SQUAMOSA PROMOTER BINDING PROTEIN-LIKE)	Developmental timing	Same as miR156	AT2G42200;AT5G43270;AT1G20980;AT2G33810		1.0
miR158	CFDmodel_Organ_organ_simpleleaf	cfd_covariate	2	2	0	0	0	0.0	1.0	-0.2805856585795381	-0.2805856585795381	UNCHANGED	PPR (pentatricopeptide repeat)	RNA processing in organelles	Organelle function may be affected in microgravity	AT1G06580;AT1G62670		1.0
miR395	CFDmodel_Organ_organ_simpleleaf	cfd_covariate	4	4	0	0	0	0.0	1.0	0.2932784872400623	0.357637706786984	UNCHANGED	APS1/APS3/APS4/SULTR2;1	Sulfate assimilation and transport	Nutrient metabolism may be altered in spaceflight	AT3G22890;AT5G67500;AT1G80840;AT3G22890		1.0
miR156	CFDmodel_Organ_organ_simpleroot	cfd_covariate	8	8	0	0	0	0.0	1.0	-0.3001354400524848	-0.2650752354782155	UP (targets suppressed)	SPL (SQUAMOSA PROMOTER BINDING PROTEIN-LIKE)	Developmental timing, vegetative phase change	SPLs regulate juvenile-to-adult transition; spaceflight may alter developmental timing	AT2G42200;AT5G43270;AT1G20980;AT2G33810;AT3G15270;AT1G53160;AT5G50570;AT1G28550		1.0
miR159	CFDmodel_Organ_organ_simpleroot	cfd_covariate	4	4	0	0	0	0.0	1.0	-0.3941943923050348	-0.3935898562381555	UP (targets suppressed)	MYB33/MYB65/GAMYB	ABA signaling, germination, stress response	ABA signaling is altered in microgravity; miR159 is a key ABA-responsive miRNA	AT1G66370;AT2G42200;AT5G06100;AT3G11400		1.0
miR160	CFDmodel_Organ_organ_simpleroot	cfd_covariate	3	3	0	0	0	0.0	1.0	0.03642100088580147	0.0654781727945542	UNCHANGED	ARF10/ARF16/ARF17	Auxin signaling, root cap formation, leaf development	Auxin redistribution is central to gravitropic response; ARF10/16/17 regulate root gravitropism	AT2G28350;AT4G30080;AT1G77850		1.0
miR164	CFDmodel_Organ_organ_simpleroot	cfd_covariate	4	4	0	0	0	0.0	1.0	-0.015430674725860218	0.1976391453144225	UNCHANGED	NAC1/CUC1/CUC2	Lateral root development, organ boundary formation	Lateral root development is altered in microgravity; NAC1 mediates auxin signaling in roots	AT1G56010;AT5G61430;AT5G07680;AT3G15170		1.0
miR165	CFDmodel_Organ_organ_simpleroot	cfd_covariate	4	4	0	0	0	0.0	1.0	-0.35580054815000806	-0.324716613411294	UP (targets suppressed)	PHB/PHV/REV/CNA (HD-ZIP III)	Leaf polarity, vascular development, meristem	Vascular patterning may be affected by altered auxin flow in microgravity	AT1G52150;AT1G30490;AT5G60690;AT5G65600		1.0
miR166	CFDmodel_Organ_organ_simpleroot	cfd_covariate	4	4	0	0	0	0.0	1.0	-0.35580054815000806	-0.324716613411294	UP (targets suppressed)	PHB/PHV/REV/CNA (HD-ZIP III)	Leaf polarity, vascular development	Same as miR165	AT1G52150;AT1G30490;AT5G60690;AT5G65600		1.0
miR167	CFDmodel_Organ_organ_simpleroot	cfd_covariate	3	3	0	0	0	0.0	1.0	-0.37265058975413146	-0.299766146329403	UP (targets suppressed)	ARF6/ARF8	Auxin signaling, root development, flower development	ARF6/8 regulate lateral root initiation; auxin redistribution in microgravity affects root architecture	AT1G30330;AT2G33810;AT5G37020		1.0
miR169	CFDmodel_Organ_organ_simpleroot	cfd_covariate	4	4	0	0	0	0.0	1.0	-0.29145645952189586	-0.343676610857154	UNCHANGED	NF-YA (nuclear factor Y, subunit A)	Drought stress, ABA signaling, flowering	NF-YA regulates drought stress; spaceflight induces stress-like transcriptional responses	AT1G54160;AT5G12840;AT3G05690;AT3G20910		1.0
miR171	CFDmodel_Organ_organ_simpleroot	cfd_covariate	4	4	0	0	0	0.0	1.0	0.19258069697011249	0.2629734604608	UNCHANGED	SCL6/SCL22/SCL27 (GRAS domain)	Meristem maintenance, leaf development	Meristem function is altered in microgravity	AT2G45160;AT3G60150;AT4G00150;AT1G69170		1.0
miR172	CFDmodel_Organ_organ_simpleroot	cfd_covariate	4	4	0	0	0	0.0	1.0	0.19874911710175994	0.226752036014376	UNCHANGED	AP2/TOE1/TOE2/SMZ	Flowering time, floral identity	Flowering time is altered in spaceflight	AT2G28550;AT5G67030;AT4G36920;AT5G11560		1.0
miR319	CFDmodel_Organ_organ_simpleroot	cfd_covariate	4	4	0	0	0	0.0	1.0	0.29939227698392706	0.2578046554359975	UNCHANGED	TCP2/TCP3/TCP4/TCP10	Leaf development, jasmonate biosynthesis	TCPs regulate leaf morphology; spaceflight affects leaf development	AT1G53230;AT2G31070;AT3G15030;AT5G08310		1.0
miR393	CFDmodel_Organ_organ_simpleroot	cfd_covariate	4	4	0	0	0	0.0	1.0	0.1509257633326439	0.0009070891548065979	UNCHANGED	TIR1/AFB2/AFB3 (auxin receptors)	Auxin perception, stress response	TIR1 is the auxin receptor; miR393-mediated downregulation would alter auxin sensitivity in microgravity	AT3G62980;AT5G44750;AT5G64360;AT2G39360		1.0
miR396	CFDmodel_Organ_organ_simpleroot	cfd_covariate	5	5	0	0	0	0.0	1.0	0.158308403606974	0.240995452455987	UNCHANGED	GRF1-7 (GROWTH REGULATING FACTOR)	Leaf growth, root development	GRFs regulate organ growth; spaceflight alters growth patterns	AT2G36400;AT4G24150;AT5G53460;AT3G46980;AT5G07680		1.0
miR397	CFDmodel_Organ_organ_simpleroot	cfd_covariate	3	3	0	0	0	0.0	1.0	-0.599584281725766	-0.624068557872484	UP (targets suppressed)	LAC2/LAC4/LAC17 (laccases)	Lignin biosynthesis, secondary cell wall	Cell wall remodeling occurs in microgravity; lignin deposition is altered	AT2G40370;AT2G46570;AT5G05990		1.0
miR398	CFDmodel_Organ_organ_simpleroot	cfd_covariate	3	3	0	0	0	0.0	1.0	0.007630795339553992	0.135342497733281	UNCHANGED	CSD1/CSD2/CCS (Cu/Zn superoxide dismutases)	Oxidative stress response	Oxidative stress is a major spaceflight stress; miR398 downregulation would increase CSD levels	AT1G08830;AT2G28190;AT5G18100		1.0
miR408	CFDmodel_Organ_organ_simpleroot	cfd_covariate	2	2	0	0	0	0.0	1.0	-0.66599518132307	-0.66599518132307	UP (targets suppressed)	Plantacyanin, laccase	Copper homeostasis, cell wall	Cell wall remodeling in microgravity	AT2G44790;AT5G20230		1.0
miR157	CFDmodel_Organ_organ_simpleroot	cfd_covariate	4	4	0	0	0	0.0	1.0	-0.30490611570402376	-0.45583080069001397	UP (targets suppressed)	SPL (SQUAMOSA PROMOTER BINDING PROTEIN-LIKE)	Developmental timing	Same as miR156	AT2G42200;AT5G43270;AT1G20980;AT2G33810		1.0
miR158	CFDmodel_Organ_organ_simpleroot	cfd_covariate	2	2	0	0	0	0.0	1.0	-0.3265113788764855	-0.3265113788764855	UP (targets suppressed)	PPR (pentatricopeptide repeat)	RNA processing in organelles	Organelle function may be affected in microgravity	AT1G06580;AT1G62670		1.0
miR395	CFDmodel_Organ_organ_simpleroot	cfd_covariate	4	4	0	0	0	0.0	1.0	0.1524260559537452	0.173662398447788	UNCHANGED	APS1/APS3/APS4/SULTR2;1	Sulfate assimilation and transport	Nutrient metabolism may be altered in spaceflight	AT3G22890;AT5G67500;AT1G80840;AT3G22890		1.0
miR156	CFDmodel_Organ_organ_simpleshoot	cfd_covariate	8	8	0	0	0	0.0	1.0	0.08003781466773102	0.0310032433688064	UNCHANGED	SPL (SQUAMOSA PROMOTER BINDING PROTEIN-LIKE)	Developmental timing, vegetative phase change	SPLs regulate juvenile-to-adult transition; spaceflight may alter developmental timing	AT2G42200;AT5G43270;AT1G20980;AT2G33810;AT3G15270;AT1G53160;AT5G50570;AT1G28550		1.0
miR159	CFDmodel_Organ_organ_simpleshoot	cfd_covariate	4	4	0	0	0	0.0	1.0	0.0052742492310518495	0.01562552327245675	UNCHANGED	MYB33/MYB65/GAMYB	ABA signaling, germination, stress response	ABA signaling is altered in microgravity; miR159 is a key ABA-responsive miRNA	AT1G66370;AT2G42200;AT5G06100;AT3G11400		1.0
miR160	CFDmodel_Organ_organ_simpleshoot	cfd_covariate	3	3	0	0	0	0.0	1.0	-0.08432465443058468	-0.118995072548545	UNCHANGED	ARF10/ARF16/ARF17	Auxin signaling, root cap formation, leaf development	Auxin redistribution is central to gravitropic response; ARF10/16/17 regulate root gravitropism	AT2G28350;AT4G30080;AT1G77850		1.0
miR164	CFDmodel_Organ_organ_simpleshoot	cfd_covariate	4	4	0	0	0	0.0	1.0	-0.16653724712788276	-0.1734646930622385	UNCHANGED	NAC1/CUC1/CUC2	Lateral root development, organ boundary formation	Lateral root development is altered in microgravity; NAC1 mediates auxin signaling in roots	AT1G56010;AT5G61430;AT5G07680;AT3G15170		1.0
miR165	CFDmodel_Organ_organ_simpleshoot	cfd_covariate	4	4	0	0	0	0.0	1.0	-0.20106994991350674	-0.18747045072256652	UNCHANGED	PHB/PHV/REV/CNA (HD-ZIP III)	Leaf polarity, vascular development, meristem	Vascular patterning may be affected by altered auxin flow in microgravity	AT1G52150;AT1G30490;AT5G60690;AT5G65600		1.0
miR166	CFDmodel_Organ_organ_simpleshoot	cfd_covariate	4	4	0	0	0	0.0	1.0	-0.20106994991350674	-0.18747045072256652	UNCHANGED	PHB/PHV/REV/CNA (HD-ZIP III)	Leaf polarity, vascular development	Same as miR165	AT1G52150;AT1G30490;AT5G60690;AT5G65600		1.0
miR167	CFDmodel_Organ_organ_simpleshoot	cfd_covariate	3	3	0	0	0	0.0	1.0	0.06741999836328218	-0.0067019562974069	UNCHANGED	ARF6/ARF8	Auxin signaling, root development, flower development	ARF6/8 regulate lateral root initiation; auxin redistribution in microgravity affects root architecture	AT1G30330;AT2G33810;AT5G37020		1.0
miR169	CFDmodel_Organ_organ_simpleshoot	cfd_covariate	4	4	0	0	0	0.0	1.0	-0.14487984142054738	-0.16027750644703098	UNCHANGED	NF-YA (nuclear factor Y, subunit A)	Drought stress, ABA signaling, flowering	NF-YA regulates drought stress; spaceflight induces stress-like transcriptional responses	AT1G54160;AT5G12840;AT3G05690;AT3G20910		1.0
miR171	CFDmodel_Organ_organ_simpleshoot	cfd_covariate	4	4	0	0	0	0.0	1.0	-0.0059197036505165	-0.0050172657440265	UNCHANGED	SCL6/SCL22/SCL27 (GRAS domain)	Meristem maintenance, leaf development	Meristem function is altered in microgravity	AT2G45160;AT3G60150;AT4G00150;AT1G69170		1.0
miR172	CFDmodel_Organ_organ_simpleshoot	cfd_covariate	4	4	0	0	0	0.0	1.0	0.014550964003957402	-0.0143205568128912	UNCHANGED	AP2/TOE1/TOE2/SMZ	Flowering time, floral identity	Flowering time is altered in spaceflight	AT2G28550;AT5G67030;AT4G36920;AT5G11560		1.0
miR319	CFDmodel_Organ_organ_simpleshoot	cfd_covariate	4	4	0	0	0	0.0	1.0	0.5303538189611237	0.6526511054505	DOWN (targets de-repressed)	TCP2/TCP3/TCP4/TCP10	Leaf development, jasmonate biosynthesis	TCPs regulate leaf morphology; spaceflight affects leaf development	AT1G53230;AT2G31070;AT3G15030;AT5G08310		1.0
miR393	CFDmodel_Organ_organ_simpleshoot	cfd_covariate	4	4	0	0	0	0.0	1.0	0.04287403333997683	-0.02346099113546185	UNCHANGED	TIR1/AFB2/AFB3 (auxin receptors)	Auxin perception, stress response	TIR1 is the auxin receptor; miR393-mediated downregulation would alter auxin sensitivity in microgravity	AT3G62980;AT5G44750;AT5G64360;AT2G39360		1.0
miR396	CFDmodel_Organ_organ_simpleshoot	cfd_covariate	5	5	0	0	0	0.0	1.0	0.09455637692069292	-0.0413276513545709	UNCHANGED	GRF1-7 (GROWTH REGULATING FACTOR)	Leaf growth, root development	GRFs regulate organ growth; spaceflight alters growth patterns	AT2G36400;AT4G24150;AT5G53460;AT3G46980;AT5G07680		1.0
miR397	CFDmodel_Organ_organ_simpleshoot	cfd_covariate	3	3	0	0	0	0.0	1.0	-0.403095139052936	-0.288211969508229	UP (targets suppressed)	LAC2/LAC4/LAC17 (laccases)	Lignin biosynthesis, secondary cell wall	Cell wall remodeling occurs in microgravity; lignin deposition is altered	AT2G40370;AT2G46570;AT5G05990		1.0
miR398	CFDmodel_Organ_organ_simpleshoot	cfd_covariate	3	3	0	0	0	0.0	1.0	0.01597500051461567	0.0192788124153619	UNCHANGED	CSD1/CSD2/CCS (Cu/Zn superoxide dismutases)	Oxidative stress response	Oxidative stress is a major spaceflight stress; miR398 downregulation would increase CSD levels	AT1G08830;AT2G28190;AT5G18100		1.0
miR408	CFDmodel_Organ_organ_simpleshoot	cfd_covariate	2	2	0	0	0	0.0	1.0	-0.037818447755345	-0.037818447755345	UNCHANGED	Plantacyanin, laccase	Copper homeostasis, cell wall	Cell wall remodeling in microgravity	AT2G44790;AT5G20230		1.0
miR157	CFDmodel_Organ_organ_simpleshoot	cfd_covariate	4	4	0	0	0	0.0	1.0	0.09596333708628707	0.0310032433688064	UNCHANGED	SPL (SQUAMOSA PROMOTER BINDING PROTEIN-LIKE)	Developmental timing	Same as miR156	AT2G42200;AT5G43270;AT1G20980;AT2G33810		1.0
miR158	CFDmodel_Organ_organ_simpleshoot	cfd_covariate	2	2	0	0	0	0.0	1.0	-0.11207630345748425	-0.11207630345748425	UNCHANGED	PPR (pentatricopeptide repeat)	RNA processing in organelles	Organelle function may be affected in microgravity	AT1G06580;AT1G62670		1.0
miR395	CFDmodel_Organ_organ_simpleshoot	cfd_covariate	4	4	0	0	0	0.0	1.0	0.13421515971849055	0.0558055854925174	UNCHANGED	APS1/APS3/APS4/SULTR2;1	Sulfate assimilation and transport	Nutrient metabolism may be altered in spaceflight	AT3G22890;AT5G67500;AT1G80840;AT3G22890		1.0
miR156	CFDmodel_Organ_organ_simpleundifferentiated cell culture	cfd_covariate	8	8	0	0	0	0.0	1.0	0.23655459394346373	0.10944779711081354	UNCHANGED	SPL (SQUAMOSA PROMOTER BINDING PROTEIN-LIKE)	Developmental timing, vegetative phase change	SPLs regulate juvenile-to-adult transition; spaceflight may alter developmental timing	AT2G42200;AT5G43270;AT1G20980;AT2G33810;AT3G15270;AT1G53160;AT5G50570;AT1G28550		1.0
miR159	CFDmodel_Organ_organ_simpleundifferentiated cell culture	cfd_covariate	4	4	1	0	1	10.431895093062606	0.1183527411792294	-0.12264376264849475	0.011180509204122502	UNCHANGED	MYB33/MYB65/GAMYB	ABA signaling, germination, stress response	ABA signaling is altered in microgravity; miR159 is a key ABA-responsive miRNA	AT1G66370;AT2G42200;AT5G06100;AT3G11400	AT1G66370	1.0
miR160	CFDmodel_Organ_organ_simpleundifferentiated cell culture	cfd_covariate	3	3	0	0	0	0.0	1.0	0.008700286066016265	-0.0067045480581807	UNCHANGED	ARF10/ARF16/ARF17	Auxin signaling, root cap formation, leaf development	Auxin redistribution is central to gravitropic response; ARF10/16/17 regulate root gravitropism	AT2G28350;AT4G30080;AT1G77850		1.0
miR164	CFDmodel_Organ_organ_simpleundifferentiated cell culture	cfd_covariate	4	4	0	0	0	0.0	1.0	0.8067552205923336	0.5369379430342	DOWN (targets de-repressed)	NAC1/CUC1/CUC2	Lateral root development, organ boundary formation	Lateral root development is altered in microgravity; NAC1 mediates auxin signaling in roots	AT1G56010;AT5G61430;AT5G07680;AT3G15170		1.0
miR165	CFDmodel_Organ_organ_simpleundifferentiated cell culture	cfd_covariate	4	4	0	0	0	0.0	1.0	-0.1271503470607165	-0.027997997014882994	UNCHANGED	PHB/PHV/REV/CNA (HD-ZIP III)	Leaf polarity, vascular development, meristem	Vascular patterning may be affected by altered auxin flow in microgravity	AT1G52150;AT1G30490;AT5G60690;AT5G65600		1.0
miR166	CFDmodel_Organ_organ_simpleundifferentiated cell culture	cfd_covariate	4	4	0	0	0	0.0	1.0	-0.1271503470607165	-0.027997997014882994	UNCHANGED	PHB/PHV/REV/CNA (HD-ZIP III)	Leaf polarity, vascular development	Same as miR165	AT1G52150;AT1G30490;AT5G60690;AT5G65600		1.0
miR167	CFDmodel_Organ_organ_simpleundifferentiated cell culture	cfd_covariate	3	3	0	0	0	0.0	1.0	-0.16647094762227632	-0.109190600233006	UNCHANGED	ARF6/ARF8	Auxin signaling, root development, flower development	ARF6/8 regulate lateral root initiation; auxin redistribution in microgravity affects root architecture	AT1G30330;AT2G33810;AT5G37020		1.0
miR169	CFDmodel_Organ_organ_simpleundifferentiated cell culture	cfd_covariate	4	4	0	0	0	0.0	1.0	-0.400456723244173	-0.601253717235655	UP (targets suppressed)	NF-YA (nuclear factor Y, subunit A)	Drought stress, ABA signaling, flowering	NF-YA regulates drought stress; spaceflight induces stress-like transcriptional responses	AT1G54160;AT5G12840;AT3G05690;AT3G20910		1.0
miR171	CFDmodel_Organ_organ_simpleundifferentiated cell culture	cfd_covariate	4	4	1	1	0	10.431895093062606	0.1183527411792294	0.8671046556694396	0.2572669129408125	DOWN (targets de-repressed)	SCL6/SCL22/SCL27 (GRAS domain)	Meristem maintenance, leaf development	Meristem function is altered in microgravity	AT2G45160;AT3G60150;AT4G00150;AT1G69170	AT3G60150	1.0
miR172	CFDmodel_Organ_organ_simpleundifferentiated cell culture	cfd_covariate	4	4	0	0	0	0.0	1.0	0.12437356921752941	0.12601578667428534	UNCHANGED	AP2/TOE1/TOE2/SMZ	Flowering time, floral identity	Flowering time is altered in spaceflight	AT2G28550;AT5G67030;AT4G36920;AT5G11560		1.0
miR319	CFDmodel_Organ_organ_simpleundifferentiated cell culture	cfd_covariate	4	4	0	0	0	0.0	1.0	-0.024977311933641236	0.060323628274360996	UNCHANGED	TCP2/TCP3/TCP4/TCP10	Leaf development, jasmonate biosynthesis	TCPs regulate leaf morphology; spaceflight affects leaf development	AT1G53230;AT2G31070;AT3G15030;AT5G08310		1.0
miR393	CFDmodel_Organ_organ_simpleundifferentiated cell culture	cfd_covariate	4	4	0	0	0	0.0	1.0	0.5632693384555666	0.41703672225529953	DOWN (targets de-repressed)	TIR1/AFB2/AFB3 (auxin receptors)	Auxin perception, stress response	TIR1 is the auxin receptor; miR393-mediated downregulation would alter auxin sensitivity in microgravity	AT3G62980;AT5G44750;AT5G64360;AT2G39360		1.0
miR396	CFDmodel_Organ_organ_simpleundifferentiated cell culture	cfd_covariate	5	5	0	0	0	0.0	1.0	0.06128065982213758	0.117116291023639	UNCHANGED	GRF1-7 (GROWTH REGULATING FACTOR)	Leaf growth, root development	GRFs regulate organ growth; spaceflight alters growth patterns	AT2G36400;AT4G24150;AT5G53460;AT3G46980;AT5G07680		1.0
miR397	CFDmodel_Organ_organ_simpleundifferentiated cell culture	cfd_covariate	3	3	0	0	0	0.0	1.0	0.03726261903573669	-0.447940471203317	UNCHANGED	LAC2/LAC4/LAC17 (laccases)	Lignin biosynthesis, secondary cell wall	Cell wall remodeling occurs in microgravity; lignin deposition is altered	AT2G40370;AT2G46570;AT5G05990		1.0
miR398	CFDmodel_Organ_organ_simpleundifferentiated cell culture	cfd_covariate	3	3	0	0	0	0.0	1.0	0.31651805505748626	0.493478867620567	DOWN (targets de-repressed)	CSD1/CSD2/CCS (Cu/Zn superoxide dismutases)	Oxidative stress response	Oxidative stress is a major spaceflight stress; miR398 downregulation would increase CSD levels	AT1G08830;AT2G28190;AT5G18100		1.0
miR408	CFDmodel_Organ_organ_simpleundifferentiated cell culture	cfd_covariate	2	2	0	0	0	0.0	1.0	0.067460650777378	0.067460650777378	UNCHANGED	Plantacyanin, laccase	Copper homeostasis, cell wall	Cell wall remodeling in microgravity	AT2G44790;AT5G20230		1.0
miR157	CFDmodel_Organ_organ_simpleundifferentiated cell culture	cfd_covariate	4	4	0	0	0	0.0	1.0	0.420325355263316	0.3892042013018985	DOWN (targets de-repressed)	SPL (SQUAMOSA PROMOTER BINDING PROTEIN-LIKE)	Developmental timing	Same as miR156	AT2G42200;AT5G43270;AT1G20980;AT2G33810		1.0
miR158	CFDmodel_Organ_organ_simpleundifferentiated cell culture	cfd_covariate	2	2	0	0	0	0.0	1.0	-0.0693179931268615	-0.0693179931268615	UNCHANGED	PPR (pentatricopeptide repeat)	RNA processing in organelles	Organelle function may be affected in microgravity	AT1G06580;AT1G62670		1.0
miR395	CFDmodel_Organ_organ_simpleundifferentiated cell culture	cfd_covariate	4	4	0	0	0	0.0	1.0	0.5595728483008654	0.66432348504028	DOWN (targets de-repressed)	APS1/APS3/APS4/SULTR2;1	Sulfate assimilation and transport	Nutrient metabolism may be altered in spaceflight	AT3G22890;AT5G67500;AT1G80840;AT3G22890		1.0
miR156	CFDmodel_Organ_organ_simplewhole_seedling	cfd_covariate	8	8	0	0	0	0.0	1.0	0.48604280248022924	0.284356156079928	DOWN (targets de-repressed)	SPL (SQUAMOSA PROMOTER BINDING PROTEIN-LIKE)	Developmental timing, vegetative phase change	SPLs regulate juvenile-to-adult transition; spaceflight may alter developmental timing	AT2G42200;AT5G43270;AT1G20980;AT2G33810;AT3G15270;AT1G53160;AT5G50570;AT1G28550		1.0
miR159	CFDmodel_Organ_organ_simplewhole_seedling	cfd_covariate	4	4	0	0	0	0.0	1.0	0.10776311167040824	0.2819848957119354	UNCHANGED	MYB33/MYB65/GAMYB	ABA signaling, germination, stress response	ABA signaling is altered in microgravity; miR159 is a key ABA-responsive miRNA	AT1G66370;AT2G42200;AT5G06100;AT3G11400		1.0
miR160	CFDmodel_Organ_organ_simplewhole_seedling	cfd_covariate	3	3	0	0	0	0.0	1.0	-0.07929281742090026	-0.0999595125157258	UNCHANGED	ARF10/ARF16/ARF17	Auxin signaling, root cap formation, leaf development	Auxin redistribution is central to gravitropic response; ARF10/16/17 regulate root gravitropism	AT2G28350;AT4G30080;AT1G77850		1.0
miR164	CFDmodel_Organ_organ_simplewhole_seedling	cfd_covariate	4	4	0	0	0	0.0	1.0	0.3971954808422074	0.3499848731314345	DOWN (targets de-repressed)	NAC1/CUC1/CUC2	Lateral root development, organ boundary formation	Lateral root development is altered in microgravity; NAC1 mediates auxin signaling in roots	AT1G56010;AT5G61430;AT5G07680;AT3G15170		1.0
miR165	CFDmodel_Organ_organ_simplewhole_seedling	cfd_covariate	4	4	0	0	0	0.0	1.0	-0.38852451705078933	-0.11449573440398206	UP (targets suppressed)	PHB/PHV/REV/CNA (HD-ZIP III)	Leaf polarity, vascular development, meristem	Vascular patterning may be affected by altered auxin flow in microgravity	AT1G52150;AT1G30490;AT5G60690;AT5G65600		1.0
miR166	CFDmodel_Organ_organ_simplewhole_seedling	cfd_covariate	4	4	0	0	0	0.0	1.0	-0.38852451705078933	-0.11449573440398206	UP (targets suppressed)	PHB/PHV/REV/CNA (HD-ZIP III)	Leaf polarity, vascular development	Same as miR165	AT1G52150;AT1G30490;AT5G60690;AT5G65600		1.0
miR167	CFDmodel_Organ_organ_simplewhole_seedling	cfd_covariate	3	3	0	0	0	0.0	1.0	-0.017790571322344666	0.090059014524563	UNCHANGED	ARF6/ARF8	Auxin signaling, root development, flower development	ARF6/8 regulate lateral root initiation; auxin redistribution in microgravity affects root architecture	AT1G30330;AT2G33810;AT5G37020		1.0
miR169	CFDmodel_Organ_organ_simplewhole_seedling	cfd_covariate	4	4	0	0	0	0.0	1.0	-0.18840978926274163	0.07723931594079375	UNCHANGED	NF-YA (nuclear factor Y, subunit A)	Drought stress, ABA signaling, flowering	NF-YA regulates drought stress; spaceflight induces stress-like transcriptional responses	AT1G54160;AT5G12840;AT3G05690;AT3G20910		1.0
miR171	CFDmodel_Organ_organ_simplewhole_seedling	cfd_covariate	4	4	1	1	0	32.04452926208651	0.04069724655414814	0.7412134401187684	-0.00034058310407034977	DOWN (targets de-repressed)	SCL6/SCL22/SCL27 (GRAS domain)	Meristem maintenance, leaf development	Meristem function is altered in microgravity	AT2G45160;AT3G60150;AT4G00150;AT1G69170	AT3G60150	1.0
miR172	CFDmodel_Organ_organ_simplewhole_seedling	cfd_covariate	4	4	0	0	0	0.0	1.0	-0.128849931377057	-0.03064888009354	UNCHANGED	AP2/TOE1/TOE2/SMZ	Flowering time, floral identity	Flowering time is altered in spaceflight	AT2G28550;AT5G67030;AT4G36920;AT5G11560		1.0
miR319	CFDmodel_Organ_organ_simplewhole_seedling	cfd_covariate	4	4	0	0	0	0.0	1.0	-0.1631320823830653	-0.01219977671536765	UNCHANGED	TCP2/TCP3/TCP4/TCP10	Leaf development, jasmonate biosynthesis	TCPs regulate leaf morphology; spaceflight affects leaf development	AT1G53230;AT2G31070;AT3G15030;AT5G08310		1.0
miR393	CFDmodel_Organ_organ_simplewhole_seedling	cfd_covariate	4	4	0	0	0	0.0	1.0	0.2989243058950968	0.32373901350224	UNCHANGED	TIR1/AFB2/AFB3 (auxin receptors)	Auxin perception, stress response	TIR1 is the auxin receptor; miR393-mediated downregulation would alter auxin sensitivity in microgravity	AT3G62980;AT5G44750;AT5G64360;AT2G39360		1.0
miR396	CFDmodel_Organ_organ_simplewhole_seedling	cfd_covariate	5	5	0	0	0	0.0	1.0	0.3711188906274348	0.323292002759844	DOWN (targets de-repressed)	GRF1-7 (GROWTH REGULATING FACTOR)	Leaf growth, root development	GRFs regulate organ growth; spaceflight alters growth patterns	AT2G36400;AT4G24150;AT5G53460;AT3G46980;AT5G07680		1.0
miR397	CFDmodel_Organ_organ_simplewhole_seedling	cfd_covariate	3	3	0	0	0	0.0	1.0	0.15037748038090268	-0.0619383392202099	UNCHANGED	LAC2/LAC4/LAC17 (laccases)	Lignin biosynthesis, secondary cell wall	Cell wall remodeling occurs in microgravity; lignin deposition is altered	AT2G40370;AT2G46570;AT5G05990		1.0
miR398	CFDmodel_Organ_organ_simplewhole_seedling	cfd_covariate	3	3	0	0	0	0.0	1.0	-0.01950394231653337	-0.0556968527386396	UNCHANGED	CSD1/CSD2/CCS (Cu/Zn superoxide dismutases)	Oxidative stress response	Oxidative stress is a major spaceflight stress; miR398 downregulation would increase CSD levels	AT1G08830;AT2G28190;AT5G18100		1.0
miR408	CFDmodel_Organ_organ_simplewhole_seedling	cfd_covariate	2	2	0	0	0	0.0	1.0	-1.2109887003407085	-1.2109887003407085	UP (targets suppressed)	Plantacyanin, laccase	Copper homeostasis, cell wall	Cell wall remodeling in microgravity	AT2G44790;AT5G20230		1.0
miR157	CFDmodel_Organ_organ_simplewhole_seedling	cfd_covariate	4	4	0	0	0	0.0	1.0	0.3898560341800489	0.392293488393342	DOWN (targets de-repressed)	SPL (SQUAMOSA PROMOTER BINDING PROTEIN-LIKE)	Developmental timing	Same as miR156	AT2G42200;AT5G43270;AT1G20980;AT2G33810		1.0
miR158	CFDmodel_Organ_organ_simplewhole_seedling	cfd_covariate	2	2	0	0	0	0.0	1.0	-0.1286994489354015	-0.1286994489354015	UNCHANGED	PPR (pentatricopeptide repeat)	RNA processing in organelles	Organelle function may be affected in microgravity	AT1G06580;AT1G62670		1.0
miR395	CFDmodel_Organ_organ_simplewhole_seedling	cfd_covariate	4	4	0	0	0	0.0	1.0	0.08218853069635297	0.199151669522996	UNCHANGED	APS1/APS3/APS4/SULTR2;1	Sulfate assimilation and transport	Nutrient metabolism may be altered in spaceflight	AT3G22890;AT5G67500;AT1G80840;AT3G22890		1.0
miR156	CFDmodel_Light_lightdark	cfd_covariate	8	8	1	1	0	0.8511269971483261	0.7110232081959573	0.2778352053030935	0.15020186483106365	UNCHANGED	SPL (SQUAMOSA PROMOTER BINDING PROTEIN-LIKE)	Developmental timing, vegetative phase change	SPLs regulate juvenile-to-adult transition; spaceflight may alter developmental timing	AT2G42200;AT5G43270;AT1G20980;AT2G33810;AT3G15270;AT1G53160;AT5G50570;AT1G28550	AT3G15270	1.0
miR159	CFDmodel_Light_lightdark	cfd_covariate	4	4	0	0	0	0.0	1.0	0.22533829926635615	0.08822275715167285	UNCHANGED	MYB33/MYB65/GAMYB	ABA signaling, germination, stress response	ABA signaling is altered in microgravity; miR159 is a key ABA-responsive miRNA	AT1G66370;AT2G42200;AT5G06100;AT3G11400		1.0
miR160	CFDmodel_Light_lightdark	cfd_covariate	3	3	0	0	0	0.0	1.0	0.1814571773943283	0.153624175500117	UNCHANGED	ARF10/ARF16/ARF17	Auxin signaling, root cap formation, leaf development	Auxin redistribution is central to gravitropic response; ARF10/16/17 regulate root gravitropism	AT2G28350;AT4G30080;AT1G77850		1.0
miR164	CFDmodel_Light_lightdark	cfd_covariate	4	4	0	0	0	0.0	1.0	0.3641927454403076	0.40276113077571396	DOWN (targets de-repressed)	NAC1/CUC1/CUC2	Lateral root development, organ boundary formation	Lateral root development is altered in microgravity; NAC1 mediates auxin signaling in roots	AT1G56010;AT5G61430;AT5G07680;AT3G15170		1.0
miR165	CFDmodel_Light_lightdark	cfd_covariate	4	4	1	1	0	1.9863275909215203	0.4624060169282445	0.6426572969910532	0.511688011621344	DOWN (targets de-repressed)	PHB/PHV/REV/CNA (HD-ZIP III)	Leaf polarity, vascular development, meristem	Vascular patterning may be affected by altered auxin flow in microgravity	AT1G52150;AT1G30490;AT5G60690;AT5G65600	AT5G65600	1.0
miR166	CFDmodel_Light_lightdark	cfd_covariate	4	4	1	1	0	1.9863275909215203	0.4624060169282445	0.6426572969910532	0.511688011621344	DOWN (targets de-repressed)	PHB/PHV/REV/CNA (HD-ZIP III)	Leaf polarity, vascular development	Same as miR165	AT1G52150;AT1G30490;AT5G60690;AT5G65600	AT5G65600	1.0
miR167	CFDmodel_Light_lightdark	cfd_covariate	3	3	0	0	0	0.0	1.0	0.31776925844175535	0.719197127599815	DOWN (targets de-repressed)	ARF6/ARF8	Auxin signaling, root development, flower development	ARF6/8 regulate lateral root initiation; auxin redistribution in microgravity affects root architecture	AT1G30330;AT2G33810;AT5G37020		1.0
miR169	CFDmodel_Light_lightdark	cfd_covariate	4	4	0	0	0	0.0	1.0	0.00496656677016778	-0.03953990433765595	UNCHANGED	NF-YA (nuclear factor Y, subunit A)	Drought stress, ABA signaling, flowering	NF-YA regulates drought stress; spaceflight induces stress-like transcriptional responses	AT1G54160;AT5G12840;AT3G05690;AT3G20910		1.0
miR171	CFDmodel_Light_lightdark	cfd_covariate	4	4	0	0	0	0.0	1.0	0.10921957993911376	0.2609285204895855	UNCHANGED	SCL6/SCL22/SCL27 (GRAS domain)	Meristem maintenance, leaf development	Meristem function is altered in microgravity	AT2G45160;AT3G60150;AT4G00150;AT1G69170		1.0
miR172	CFDmodel_Light_lightdark	cfd_covariate	4	4	2	0	2	5.960886214442013	0.1014444181623708	-0.5438918237400179	-0.526595920009313	UP (targets suppressed)	AP2/TOE1/TOE2/SMZ	Flowering time, floral identity	Flowering time is altered in spaceflight	AT2G28550;AT5G67030;AT4G36920;AT5G11560	AT2G28550;AT5G67030	1.0
miR319	CFDmodel_Light_lightdark	cfd_covariate	4	4	0	0	0	0.0	1.0	0.278573685668955	0.480475676964208	UNCHANGED	TCP2/TCP3/TCP4/TCP10	Leaf development, jasmonate biosynthesis	TCPs regulate leaf morphology; spaceflight affects leaf development	AT1G53230;AT2G31070;AT3G15030;AT5G08310		1.0
miR393	CFDmodel_Light_lightdark	cfd_covariate	4	4	0	0	0	0.0	1.0	-0.04557907748102615	-0.1011731293983583	UNCHANGED	TIR1/AFB2/AFB3 (auxin receptors)	Auxin perception, stress response	TIR1 is the auxin receptor; miR393-mediated downregulation would alter auxin sensitivity in microgravity	AT3G62980;AT5G44750;AT5G64360;AT2G39360		1.0
miR396	CFDmodel_Light_lightdark	cfd_covariate	5	5	0	0	0	0.0	1.0	0.06694897933247194	0.0368815624688884	UNCHANGED	GRF1-7 (GROWTH REGULATING FACTOR)	Leaf growth, root development	GRFs regulate organ growth; spaceflight alters growth patterns	AT2G36400;AT4G24150;AT5G53460;AT3G46980;AT5G07680		1.0
miR397	CFDmodel_Light_lightdark	cfd_covariate	3	3	1	1	0	2.9796281104730653	0.37216561723677616	1.2598744302500076	0.395342577959452	DOWN (targets de-repressed)	LAC2/LAC4/LAC17 (laccases)	Lignin biosynthesis, secondary cell wall	Cell wall remodeling occurs in microgravity; lignin deposition is altered	AT2G40370;AT2G46570;AT5G05990	AT2G40370	1.0
miR398	CFDmodel_Light_lightdark	cfd_covariate	3	3	0	0	0	0.0	1.0	-0.04322853001408453	-0.0469846866132816	UNCHANGED	CSD1/CSD2/CCS (Cu/Zn superoxide dismutases)	Oxidative stress response	Oxidative stress is a major spaceflight stress; miR398 downregulation would increase CSD levels	AT1G08830;AT2G28190;AT5G18100		1.0
miR408	CFDmodel_Light_lightdark	cfd_covariate	2	2	2	1	1	inf	0.020649415801147607	-1.21164932086828	-1.21164932086828	UP (targets suppressed)	Plantacyanin, laccase	Copper homeostasis, cell wall	Cell wall remodeling in microgravity	AT2G44790;AT5G20230	AT5G20230;AT2G44790	1.0
miR157	CFDmodel_Light_lightdark	cfd_covariate	4	4	0	0	0	0.0	1.0	0.1722233790855568	0.26191690092459163	UNCHANGED	SPL (SQUAMOSA PROMOTER BINDING PROTEIN-LIKE)	Developmental timing	Same as miR156	AT2G42200;AT5G43270;AT1G20980;AT2G33810		1.0
miR158	CFDmodel_Light_lightdark	cfd_covariate	2	2	0	0	0	0.0	1.0	0.2822031355333856	0.2822031355333856	UNCHANGED	PPR (pentatricopeptide repeat)	RNA processing in organelles	Organelle function may be affected in microgravity	AT1G06580;AT1G62670		1.0
miR395	CFDmodel_Light_lightdark	cfd_covariate	4	4	1	0	1	1.9863275909215203	0.4624060169282445	-0.7125446034815298	-0.0543240489039995	UP (targets suppressed)	APS1/APS3/APS4/SULTR2;1	Sulfate assimilation and transport	Nutrient metabolism may be altered in spaceflight	AT3G22890;AT5G67500;AT1G80840;AT3G22890	AT1G80840	1.0
miR156	CFDmodel_Light_lightred_light	cfd_covariate	8	8	2	2	0	1.1520723876240513	0.5660248149785507	-0.0011322674927326248	-0.252816519742806	UNCHANGED	SPL (SQUAMOSA PROMOTER BINDING PROTEIN-LIKE)	Developmental timing, vegetative phase change	SPLs regulate juvenile-to-adult transition; spaceflight may alter developmental timing	AT2G42200;AT5G43270;AT1G20980;AT2G33810;AT3G15270;AT1G53160;AT5G50570;AT1G28550	AT3G15270;AT2G42200	1.0
miR159	CFDmodel_Light_lightred_light	cfd_covariate	4	4	1	1	0	1.1520457596451292	0.6381812583990658	0.091523876707019	-0.14900776854771802	UNCHANGED	MYB33/MYB65/GAMYB	ABA signaling, germination, stress response	ABA signaling is altered in microgravity; miR159 is a key ABA-responsive miRNA	AT1G66370;AT2G42200;AT5G06100;AT3G11400	AT2G42200	1.0
miR160	CFDmodel_Light_lightred_light	cfd_covariate	3	3	0	0	0	0.0	1.0	-0.020956487104189347	-0.15457750057766	UNCHANGED	ARF10/ARF16/ARF17	Auxin signaling, root cap formation, leaf development	Auxin redistribution is central to gravitropic response; ARF10/16/17 regulate root gravitropism	AT2G28350;AT4G30080;AT1G77850		1.0
miR164	CFDmodel_Light_lightred_light	cfd_covariate	4	4	0	0	0	0.0	1.0	0.33942478310409374	0.5985582818475405	DOWN (targets de-repressed)	NAC1/CUC1/CUC2	Lateral root development, organ boundary formation	Lateral root development is altered in microgravity; NAC1 mediates auxin signaling in roots	AT1G56010;AT5G61430;AT5G07680;AT3G15170		1.0
miR165	CFDmodel_Light_lightred_light	cfd_covariate	4	4	0	0	0	0.0	1.0	0.38253670904344883	0.295086730017064	DOWN (targets de-repressed)	PHB/PHV/REV/CNA (HD-ZIP III)	Leaf polarity, vascular development, meristem	Vascular patterning may be affected by altered auxin flow in microgravity	AT1G52150;AT1G30490;AT5G60690;AT5G65600		1.0
miR166	CFDmodel_Light_lightred_light	cfd_covariate	4	4	0	0	0	0.0	1.0	0.38253670904344883	0.295086730017064	DOWN (targets de-repressed)	PHB/PHV/REV/CNA (HD-ZIP III)	Leaf polarity, vascular development	Same as miR165	AT1G52150;AT1G30490;AT5G60690;AT5G65600		1.0
miR167	CFDmodel_Light_lightred_light	cfd_covariate	3	3	1	1	0	1.7281561898091402	0.5334741628460951	0.05850106035495598	0.444357214330738	UNCHANGED	ARF6/ARF8	Auxin signaling, root development, flower development	ARF6/8 regulate lateral root initiation; auxin redistribution in microgravity affects root architecture	AT1G30330;AT2G33810;AT5G37020	AT5G37020	1.0
miR169	CFDmodel_Light_lightred_light	cfd_covariate	4	4	1	0	1	1.1520457596451292	0.6381812583990658	-0.21378497454792172	-0.09223570328047101	UNCHANGED	NF-YA (nuclear factor Y, subunit A)	Drought stress, ABA signaling, flowering	NF-YA regulates drought stress; spaceflight induces stress-like transcriptional responses	AT1G54160;AT5G12840;AT3G05690;AT3G20910	AT5G12840	1.0
miR171	CFDmodel_Light_lightred_light	cfd_covariate	4	4	1	0	1	1.1520457596451292	0.6381812583990658	-0.45136737493600615	-0.0848025756492343	UP (targets suppressed)	SCL6/SCL22/SCL27 (GRAS domain)	Meristem maintenance, leaf development	Meristem function is altered in microgravity	AT2G45160;AT3G60150;AT4G00150;AT1G69170	AT3G60150	1.0
miR172	CFDmodel_Light_lightred_light	cfd_covariate	4	4	1	0	1	1.1520457596451292	0.6381812583990658	-0.36951095455075816	-0.4147238892034808	UP (targets suppressed)	AP2/TOE1/TOE2/SMZ	Flowering time, floral identity	Flowering time is altered in spaceflight	AT2G28550;AT5G67030;AT4G36920;AT5G11560	AT5G67030	1.0
miR319	CFDmodel_Light_lightred_light	cfd_covariate	4	4	0	0	0	0.0	1.0	0.19421790410041773	0.39018228251742804	UNCHANGED	TCP2/TCP3/TCP4/TCP10	Leaf development, jasmonate biosynthesis	TCPs regulate leaf morphology; spaceflight affects leaf development	AT1G53230;AT2G31070;AT3G15030;AT5G08310		1.0
miR393	CFDmodel_Light_lightred_light	cfd_covariate	4	4	0	0	0	0.0	1.0	-0.38160144764904447	-0.3517494266924755	UP (targets suppressed)	TIR1/AFB2/AFB3 (auxin receptors)	Auxin perception, stress response	TIR1 is the auxin receptor; miR393-mediated downregulation would alter auxin sensitivity in microgravity	AT3G62980;AT5G44750;AT5G64360;AT2G39360		1.0
miR396	CFDmodel_Light_lightred_light	cfd_covariate	5	5	0	0	0	0.0	1.0	-0.0792619224239172	-0.103883433859604	UNCHANGED	GRF1-7 (GROWTH REGULATING FACTOR)	Leaf growth, root development	GRFs regulate organ growth; spaceflight alters growth patterns	AT2G36400;AT4G24150;AT5G53460;AT3G46980;AT5G07680		1.0
miR397	CFDmodel_Light_lightred_light	cfd_covariate	3	3	1	1	0	1.7281561898091402	0.5334741628460951	2.5419201048676414	0.867449649181994	DOWN (targets de-repressed)	LAC2/LAC4/LAC17 (laccases)	Lignin biosynthesis, secondary cell wall	Cell wall remodeling occurs in microgravity; lignin deposition is altered	AT2G40370;AT2G46570;AT5G05990	AT2G40370	1.0
miR398	CFDmodel_Light_lightred_light	cfd_covariate	3	3	0	0	0	0.0	1.0	0.240166694825119	0.700351508690813	UNCHANGED	CSD1/CSD2/CCS (Cu/Zn superoxide dismutases)	Oxidative stress response	Oxidative stress is a major spaceflight stress; miR398 downregulation would increase CSD levels	AT1G08830;AT2G28190;AT5G18100		1.0
miR408	CFDmodel_Light_lightred_light	cfd_covariate	2	2	1	0	1	3.456487480301173	0.3984726135364489	-3.385865454211291	-3.385865454211291	UP (targets suppressed)	Plantacyanin, laccase	Copper homeostasis, cell wall	Cell wall remodeling in microgravity	AT2G44790;AT5G20230	AT5G20230	1.0
miR157	CFDmodel_Light_lightred_light	cfd_covariate	4	4	1	1	0	1.1520457596451292	0.6381812583990658	-0.1441847047425972	-0.2686944452583845	UNCHANGED	SPL (SQUAMOSA PROMOTER BINDING PROTEIN-LIKE)	Developmental timing	Same as miR156	AT2G42200;AT5G43270;AT1G20980;AT2G33810	AT2G42200	1.0
miR158	CFDmodel_Light_lightred_light	cfd_covariate	2	2	0	0	0	0.0	1.0	0.12730916188992403	0.12730916188992403	UNCHANGED	PPR (pentatricopeptide repeat)	RNA processing in organelles	Organelle function may be affected in microgravity	AT1G06580;AT1G62670		1.0
miR395	CFDmodel_Light_lightred_light	cfd_covariate	4	4	1	0	1	1.1520457596451292	0.6381812583990658	-0.6106932865601516	0.307343565527527	UP (targets suppressed)	APS1/APS3/APS4/SULTR2;1	Sulfate assimilation and transport	Nutrient metabolism may be altered in spaceflight	AT3G22890;AT5G67500;AT1G80840;AT3G22890	AT1G80840	1.0
miR156	CFDmodel_Light_lightunspecified	cfd_covariate	8	8	1	0	1	1.19403141911417	0.5951585045063138	-0.4987439950140252	-0.5538655276692019	UP (targets suppressed)	SPL (SQUAMOSA PROMOTER BINDING PROTEIN-LIKE)	Developmental timing, vegetative phase change	SPLs regulate juvenile-to-adult transition; spaceflight may alter developmental timing	AT2G42200;AT5G43270;AT1G20980;AT2G33810;AT3G15270;AT1G53160;AT5G50570;AT1G28550	AT1G28550	1.0
miR159	CFDmodel_Light_lightunspecified	cfd_covariate	4	4	0	0	0	0.0	1.0	-0.4707592930909742	-0.47076686792799605	UP (targets suppressed)	MYB33/MYB65/GAMYB	ABA signaling, germination, stress response	ABA signaling is altered in microgravity; miR159 is a key ABA-responsive miRNA	AT1G66370;AT2G42200;AT5G06100;AT3G11400		1.0
miR160	CFDmodel_Light_lightunspecified	cfd_covariate	3	3	0	0	0	0.0	1.0	-0.04010198982582866	-0.12499436724117	UNCHANGED	ARF10/ARF16/ARF17	Auxin signaling, root cap formation, leaf development	Auxin redistribution is central to gravitropic response; ARF10/16/17 regulate root gravitropism	AT2G28350;AT4G30080;AT1G77850		1.0
miR164	CFDmodel_Light_lightunspecified	cfd_covariate	4	4	0	0	0	0.0	1.0	-0.16754187318313613	-0.4331025741513993	UNCHANGED	NAC1/CUC1/CUC2	Lateral root development, organ boundary formation	Lateral root development is altered in microgravity; NAC1 mediates auxin signaling in roots	AT1G56010;AT5G61430;AT5G07680;AT3G15170		1.0
miR165	CFDmodel_Light_lightunspecified	cfd_covariate	4	4	0	0	0	0.0	1.0	-0.23860975904490803	-0.17469294149918085	UNCHANGED	PHB/PHV/REV/CNA (HD-ZIP III)	Leaf polarity, vascular development, meristem	Vascular patterning may be affected by altered auxin flow in microgravity	AT1G52150;AT1G30490;AT5G60690;AT5G65600		1.0
miR166	CFDmodel_Light_lightunspecified	cfd_covariate	4	4	0	0	0	0.0	1.0	-0.23860975904490803	-0.17469294149918085	UNCHANGED	PHB/PHV/REV/CNA (HD-ZIP III)	Leaf polarity, vascular development	Same as miR165	AT1G52150;AT1G30490;AT5G60690;AT5G65600		1.0
miR167	CFDmodel_Light_lightunspecified	cfd_covariate	3	3	0	0	0	0.0	1.0	-0.5937244995979486	-0.748097342350271	UP (targets suppressed)	ARF6/ARF8	Auxin signaling, root development, flower development	ARF6/8 regulate lateral root initiation; auxin redistribution in microgravity affects root architecture	AT1G30330;AT2G33810;AT5G37020		1.0
miR169	CFDmodel_Light_lightunspecified	cfd_covariate	4	4	0	0	0	0.0	1.0	0.10984806723291649	0.15052440830632852	UNCHANGED	NF-YA (nuclear factor Y, subunit A)	Drought stress, ABA signaling, flowering	NF-YA regulates drought stress; spaceflight induces stress-like transcriptional responses	AT1G54160;AT5G12840;AT3G05690;AT3G20910		1.0
miR171	CFDmodel_Light_lightunspecified	cfd_covariate	4	4	0	0	0	0.0	1.0	-0.14545436386954308	-0.1839858125471577	UNCHANGED	SCL6/SCL22/SCL27 (GRAS domain)	Meristem maintenance, leaf development	Meristem function is altered in microgravity	AT2G45160;AT3G60150;AT4G00150;AT1G69170		1.0
miR172	CFDmodel_Light_lightunspecified	cfd_covariate	4	4	0	0	0	0.0	1.0	0.07069876069771018	0.13784870627179585	UNCHANGED	AP2/TOE1/TOE2/SMZ	Flowering time, floral identity	Flowering time is altered in spaceflight	AT2G28550;AT5G67030;AT4G36920;AT5G11560		1.0
miR319	CFDmodel_Light_lightunspecified	cfd_covariate	4	4	1	0	1	2.7865636876302564	0.3637045066342888	-0.7293231702622539	-0.6155889555706965	UP (targets suppressed)	TCP2/TCP3/TCP4/TCP10	Leaf development, jasmonate biosynthesis	TCPs regulate leaf morphology; spaceflight affects leaf development	AT1G53230;AT2G31070;AT3G15030;AT5G08310	AT2G31070	1.0
miR393	CFDmodel_Light_lightunspecified	cfd_covariate	4	4	0	0	0	0.0	1.0	-0.040979469645933894	-0.0500859398026178	UNCHANGED	TIR1/AFB2/AFB3 (auxin receptors)	Auxin perception, stress response	TIR1 is the auxin receptor; miR393-mediated downregulation would alter auxin sensitivity in microgravity	AT3G62980;AT5G44750;AT5G64360;AT2G39360		1.0
miR396	CFDmodel_Light_lightunspecified	cfd_covariate	5	5	1	1	0	2.0898308201544684	0.4317120409953534	0.19194802377234743	0.0261401390042886	UNCHANGED	GRF1-7 (GROWTH REGULATING FACTOR)	Leaf growth, root development	GRFs regulate organ growth; spaceflight alters growth patterns	AT2G36400;AT4G24150;AT5G53460;AT3G46980;AT5G07680	AT4G24150	1.0
miR397	CFDmodel_Light_lightunspecified	cfd_covariate	3	3	0	0	0	0.0	1.0	-0.17340173728804578	-0.253061177268907	UNCHANGED	LAC2/LAC4/LAC17 (laccases)	Lignin biosynthesis, secondary cell wall	Cell wall remodeling occurs in microgravity; lignin deposition is altered	AT2G40370;AT2G46570;AT5G05990		1.0
miR398	CFDmodel_Light_lightunspecified	cfd_covariate	3	3	0	0	0	0.0	1.0	0.2597487762972123	0.348738986457525	UNCHANGED	CSD1/CSD2/CCS (Cu/Zn superoxide dismutases)	Oxidative stress response	Oxidative stress is a major spaceflight stress; miR398 downregulation would increase CSD levels	AT1G08830;AT2G28190;AT5G18100		1.0
miR408	CFDmodel_Light_lightunspecified	cfd_covariate	2	2	1	0	1	8.360426627436558	0.2023111763331846	-2.0637576252582117	-2.0637576252582117	UP (targets suppressed)	Plantacyanin, laccase	Copper homeostasis, cell wall	Cell wall remodeling in microgravity	AT2G44790;AT5G20230	AT5G20230	1.0
miR157	CFDmodel_Light_lightunspecified	cfd_covariate	4	4	0	0	0	0.0	1.0	-0.6446784876691783	-0.7493068331314555	UP (targets suppressed)	SPL (SQUAMOSA PROMOTER BINDING PROTEIN-LIKE)	Developmental timing	Same as miR156	AT2G42200;AT5G43270;AT1G20980;AT2G33810		1.0
miR158	CFDmodel_Light_lightunspecified	cfd_covariate	2	2	0	0	0	0.0	1.0	-0.7916963321126655	-0.7916963321126655	UP (targets suppressed)	PPR (pentatricopeptide repeat)	RNA processing in organelles	Organelle function may be affected in microgravity	AT1G06580;AT1G62670		1.0
miR395	CFDmodel_Light_lightunspecified	cfd_covariate	4	4	0	0	0	0.0	1.0	0.10752393911258133	0.227582078261734	UNCHANGED	APS1/APS3/APS4/SULTR2;1	Sulfate assimilation and transport	Nutrient metabolism may be altered in spaceflight	AT3G22890;AT5G67500;AT1G80840;AT3G22890		1.0
miR156	CFDmodel_Ecotype_ecotype_simpleWS	cfd_covariate	8	8	3	1	2	8.444431279620852	0.01272562816928074	-0.1802959191011309	0.060998672896601255	UNCHANGED	SPL (SQUAMOSA PROMOTER BINDING PROTEIN-LIKE)	Developmental timing, vegetative phase change	SPLs regulate juvenile-to-adult transition; spaceflight may alter developmental timing	AT2G42200;AT5G43270;AT1G20980;AT2G33810;AT3G15270;AT1G53160;AT5G50570;AT1G28550	AT3G15270;AT5G50570;AT5G43270	1.0
miR159	CFDmodel_Ecotype_ecotype_simpleWS	cfd_covariate	4	4	0	0	0	0.0	1.0	0.10171682705428749	0.05045016788578395	UNCHANGED	MYB33/MYB65/GAMYB	ABA signaling, germination, stress response	ABA signaling is altered in microgravity; miR159 is a key ABA-responsive miRNA	AT1G66370;AT2G42200;AT5G06100;AT3G11400		1.0
miR160	CFDmodel_Ecotype_ecotype_simpleWS	cfd_covariate	3	3	0	0	0	0.0	1.0	-0.112758571336611	-0.0231316870064888	UNCHANGED	ARF10/ARF16/ARF17	Auxin signaling, root cap formation, leaf development	Auxin redistribution is central to gravitropic response; ARF10/16/17 regulate root gravitropism	AT2G28350;AT4G30080;AT1G77850		1.0
miR164	CFDmodel_Ecotype_ecotype_simpleWS	cfd_covariate	4	4	1	0	1	4.6861932938856015	0.24042830959158057	-0.48512971331946875	-0.332251741676003	UP (targets suppressed)	NAC1/CUC1/CUC2	Lateral root development, organ boundary formation	Lateral root development is altered in microgravity; NAC1 mediates auxin signaling in roots	AT1G56010;AT5G61430;AT5G07680;AT3G15170	AT1G56010	1.0
miR165	CFDmodel_Ecotype_ecotype_simpleWS	cfd_covariate	4	4	0	0	0	0.0	1.0	0.07611226867866547	0.12654402302569545	UNCHANGED	PHB/PHV/REV/CNA (HD-ZIP III)	Leaf polarity, vascular development, meristem	Vascular patterning may be affected by altered auxin flow in microgravity	AT1G52150;AT1G30490;AT5G60690;AT5G65600		1.0
miR166	CFDmodel_Ecotype_ecotype_simpleWS	cfd_covariate	4	4	0	0	0	0.0	1.0	0.07611226867866547	0.12654402302569545	UNCHANGED	PHB/PHV/REV/CNA (HD-ZIP III)	Leaf polarity, vascular development	Same as miR165	AT1G52150;AT1G30490;AT5G60690;AT5G65600		1.0
miR167	CFDmodel_Ecotype_ecotype_simpleWS	cfd_covariate	3	3	0	0	0	0.0	1.0	0.3136435512470543	0.362825138363964	DOWN (targets de-repressed)	ARF6/ARF8	Auxin signaling, root development, flower development	ARF6/8 regulate lateral root initiation; auxin redistribution in microgravity affects root architecture	AT1G30330;AT2G33810;AT5G37020		1.0
miR169	CFDmodel_Ecotype_ecotype_simpleWS	cfd_covariate	4	4	0	0	0	0.0	1.0	0.04640870505183526	0.06968064433286104	UNCHANGED	NF-YA (nuclear factor Y, subunit A)	Drought stress, ABA signaling, flowering	NF-YA regulates drought stress; spaceflight induces stress-like transcriptional responses	AT1G54160;AT5G12840;AT3G05690;AT3G20910		1.0
miR171	CFDmodel_Ecotype_ecotype_simpleWS	cfd_covariate	4	4	1	0	1	4.6861932938856015	0.24042830959158057	-1.234319418839977	-0.19898667678519885	UP (targets suppressed)	SCL6/SCL22/SCL27 (GRAS domain)	Meristem maintenance, leaf development	Meristem function is altered in microgravity	AT2G45160;AT3G60150;AT4G00150;AT1G69170	AT3G60150	1.0
miR172	CFDmodel_Ecotype_ecotype_simpleWS	cfd_covariate	4	4	0	0	0	0.0	1.0	-0.23091554982488502	-0.23519626591299253	UNCHANGED	AP2/TOE1/TOE2/SMZ	Flowering time, floral identity	Flowering time is altered in spaceflight	AT2G28550;AT5G67030;AT4G36920;AT5G11560		1.0
miR319	CFDmodel_Ecotype_ecotype_simpleWS	cfd_covariate	4	4	0	0	0	0.0	1.0	0.160285317983868	0.08990517736121045	UNCHANGED	TCP2/TCP3/TCP4/TCP10	Leaf development, jasmonate biosynthesis	TCPs regulate leaf morphology; spaceflight affects leaf development	AT1G53230;AT2G31070;AT3G15030;AT5G08310		1.0
miR393	CFDmodel_Ecotype_ecotype_simpleWS	cfd_covariate	4	4	0	0	0	0.0	1.0	-0.20645637051305976	-0.13794945478999449	UNCHANGED	TIR1/AFB2/AFB3 (auxin receptors)	Auxin perception, stress response	TIR1 is the auxin receptor; miR393-mediated downregulation would alter auxin sensitivity in microgravity	AT3G62980;AT5G44750;AT5G64360;AT2G39360		1.0
miR396	CFDmodel_Ecotype_ecotype_simpleWS	cfd_covariate	5	5	1	0	1	3.5144970414201184	0.29089928010046634	-0.35936867382257265	-0.319711093661407	UP (targets suppressed)	GRF1-7 (GROWTH REGULATING FACTOR)	Leaf growth, root development	GRFs regulate organ growth; spaceflight alters growth patterns	AT2G36400;AT4G24150;AT5G53460;AT3G46980;AT5G07680	AT3G46980	1.0
miR397	CFDmodel_Ecotype_ecotype_simpleWS	cfd_covariate	3	3	1	0	1	7.029585798816568	0.18636729151503537	-0.323404016870213	-0.0992448274513518	UP (targets suppressed)	LAC2/LAC4/LAC17 (laccases)	Lignin biosynthesis, secondary cell wall	Cell wall remodeling occurs in microgravity; lignin deposition is altered	AT2G40370;AT2G46570;AT5G05990	AT2G40370	1.0
miR398	CFDmodel_Ecotype_ecotype_simpleWS	cfd_covariate	3	3	0	0	0	0.0	1.0	0.11617663930420892	0.0751690491787162	UNCHANGED	CSD1/CSD2/CCS (Cu/Zn superoxide dismutases)	Oxidative stress response	Oxidative stress is a major spaceflight stress; miR398 downregulation would increase CSD levels	AT1G08830;AT2G28190;AT5G18100		1.0
miR408	CFDmodel_Ecotype_ecotype_simpleWS	cfd_covariate	2	2	0	0	0	0.0	1.0	-0.18288882168654214	-0.18288882168654214	UNCHANGED	Plantacyanin, laccase	Copper homeostasis, cell wall	Cell wall remodeling in microgravity	AT2G44790;AT5G20230		1.0
miR157	CFDmodel_Ecotype_ecotype_simpleWS	cfd_covariate	4	4	1	0	1	4.6861932938856015	0.24042830959158057	-0.14136032393336684	0.18699635014927474	UNCHANGED	SPL (SQUAMOSA PROMOTER BINDING PROTEIN-LIKE)	Developmental timing	Same as miR156	AT2G42200;AT5G43270;AT1G20980;AT2G33810	AT5G43270	1.0
miR158	CFDmodel_Ecotype_ecotype_simpleWS	cfd_covariate	2	2	0	0	0	0.0	1.0	0.06040478927087051	0.06040478927087051	UNCHANGED	PPR (pentatricopeptide repeat)	RNA processing in organelles	Organelle function may be affected in microgravity	AT1G06580;AT1G62670		1.0
miR395	CFDmodel_Ecotype_ecotype_simpleWS	cfd_covariate	4	4	0	0	0	0.0	1.0	-0.414084108318499	-0.493026074480926	UP (targets suppressed)	APS1/APS3/APS4/SULTR2;1	Sulfate assimilation and transport	Nutrient metabolism may be altered in spaceflight	AT3G22890;AT5G67500;AT1G80840;AT3G22890		1.0
miR156	CFDmodel_Ecotype_ecotype_simpleother	cfd_covariate	8	8	1	0	1	0.7949653545628778	0.7334554656291496	-0.17637535425344086	0.3995831540235635	UNCHANGED	SPL (SQUAMOSA PROMOTER BINDING PROTEIN-LIKE)	Developmental timing, vegetative phase change	SPLs regulate juvenile-to-adult transition; spaceflight may alter developmental timing	AT2G42200;AT5G43270;AT1G20980;AT2G33810;AT3G15270;AT1G53160;AT5G50570;AT1G28550	AT5G50570	1.0
miR159	CFDmodel_Ecotype_ecotype_simpleother	cfd_covariate	4	4	0	0	0	0.0	1.0	0.39478341970880826	0.5104917387159725	DOWN (targets de-repressed)	MYB33/MYB65/GAMYB	ABA signaling, germination, stress response	ABA signaling is altered in microgravity; miR159 is a key ABA-responsive miRNA	AT1G66370;AT2G42200;AT5G06100;AT3G11400		1.0
miR160	CFDmodel_Ecotype_ecotype_simpleother	cfd_covariate	3	3	0	0	0	0.0	1.0	0.0788700382622158	0.075186935195823	UNCHANGED	ARF10/ARF16/ARF17	Auxin signaling, root cap formation, leaf development	Auxin redistribution is central to gravitropic response; ARF10/16/17 regulate root gravitropism	AT2G28350;AT4G30080;AT1G77850		1.0
miR164	CFDmodel_Ecotype_ecotype_simpleother	cfd_covariate	4	4	1	0	1	1.855263157894737	0.48369132036609547	-0.128342824231498	0.005928039987653497	UNCHANGED	NAC1/CUC1/CUC2	Lateral root development, organ boundary formation	Lateral root development is altered in microgravity; NAC1 mediates auxin signaling in roots	AT1G56010;AT5G61430;AT5G07680;AT3G15170	AT1G56010	1.0
miR165	CFDmodel_Ecotype_ecotype_simpleother	cfd_covariate	4	4	0	0	0	0.0	1.0	-0.21029985802648524	-0.2369961624053	UNCHANGED	PHB/PHV/REV/CNA (HD-ZIP III)	Leaf polarity, vascular development, meristem	Vascular patterning may be affected by altered auxin flow in microgravity	AT1G52150;AT1G30490;AT5G60690;AT5G65600		1.0
miR166	CFDmodel_Ecotype_ecotype_simpleother	cfd_covariate	4	4	0	0	0	0.0	1.0	-0.21029985802648524	-0.2369961624053	UNCHANGED	PHB/PHV/REV/CNA (HD-ZIP III)	Leaf polarity, vascular development	Same as miR165	AT1G52150;AT1G30490;AT5G60690;AT5G65600		1.0
miR167	CFDmodel_Ecotype_ecotype_simpleother	cfd_covariate	3	3	0	0	0	0.0	1.0	0.7226453110503144	0.724060248060448	DOWN (targets de-repressed)	ARF6/ARF8	Auxin signaling, root development, flower development	ARF6/8 regulate lateral root initiation; auxin redistribution in microgravity affects root architecture	AT1G30330;AT2G33810;AT5G37020		1.0
miR169	CFDmodel_Ecotype_ecotype_simpleother	cfd_covariate	4	4	0	0	0	0.0	1.0	-0.0788041621251157	-0.06694485622238885	UNCHANGED	NF-YA (nuclear factor Y, subunit A)	Drought stress, ABA signaling, flowering	NF-YA regulates drought stress; spaceflight induces stress-like transcriptional responses	AT1G54160;AT5G12840;AT3G05690;AT3G20910		1.0
miR171	CFDmodel_Ecotype_ecotype_simpleother	cfd_covariate	4	4	2	0	2	5.567483870967742	0.11253686786701866	-1.1502243662678708	-0.5526715187410656	UP (targets suppressed)	SCL6/SCL22/SCL27 (GRAS domain)	Meristem maintenance, leaf development	Meristem function is altered in microgravity	AT2G45160;AT3G60150;AT4G00150;AT1G69170	AT3G60150;AT4G00150	1.0
miR172	CFDmodel_Ecotype_ecotype_simpleother	cfd_covariate	4	4	0	0	0	0.0	1.0	0.06295414758761725	0.12481063519671551	UNCHANGED	AP2/TOE1/TOE2/SMZ	Flowering time, floral identity	Flowering time is altered in spaceflight	AT2G28550;AT5G67030;AT4G36920;AT5G11560		1.0
miR319	CFDmodel_Ecotype_ecotype_simpleother	cfd_covariate	4	4	0	0	0	0.0	1.0	0.555920371361333	0.6904635500050316	DOWN (targets de-repressed)	TCP2/TCP3/TCP4/TCP10	Leaf development, jasmonate biosynthesis	TCPs regulate leaf morphology; spaceflight affects leaf development	AT1G53230;AT2G31070;AT3G15030;AT5G08310		1.0
miR393	CFDmodel_Ecotype_ecotype_simpleother	cfd_covariate	4	4	0	0	0	0.0	1.0	-0.11304330197644895	-0.13509025140890785	UNCHANGED	TIR1/AFB2/AFB3 (auxin receptors)	Auxin perception, stress response	TIR1 is the auxin receptor; miR393-mediated downregulation would alter auxin sensitivity in microgravity	AT3G62980;AT5G44750;AT5G64360;AT2G39360		1.0
miR396	CFDmodel_Ecotype_ecotype_simpleother	cfd_covariate	5	5	1	0	1	1.3913828689370484	0.5623478000289761	-0.19115345226126523	-0.116296570298408	UNCHANGED	GRF1-7 (GROWTH REGULATING FACTOR)	Leaf growth, root development	GRFs regulate organ growth; spaceflight alters growth patterns	AT2G36400;AT4G24150;AT5G53460;AT3G46980;AT5G07680	AT3G46980	1.0
miR397	CFDmodel_Ecotype_ecotype_simpleother	cfd_covariate	3	3	0	0	0	0.0	1.0	0.08349698450904101	0.092862069679961	UNCHANGED	LAC2/LAC4/LAC17 (laccases)	Lignin biosynthesis, secondary cell wall	Cell wall remodeling occurs in microgravity; lignin deposition is altered	AT2G40370;AT2G46570;AT5G05990		1.0
miR398	CFDmodel_Ecotype_ecotype_simpleother	cfd_covariate	3	3	0	0	0	0.0	1.0	0.01720518447975261	-0.0848143697004822	UNCHANGED	CSD1/CSD2/CCS (Cu/Zn superoxide dismutases)	Oxidative stress response	Oxidative stress is a major spaceflight stress; miR398 downregulation would increase CSD levels	AT1G08830;AT2G28190;AT5G18100		1.0
miR408	CFDmodel_Ecotype_ecotype_simpleother	cfd_covariate	2	2	2	0	2	inf	0.023196297886631807	-2.343544564516705	-2.343544564516705	UP (targets suppressed)	Plantacyanin, laccase	Copper homeostasis, cell wall	Cell wall remodeling in microgravity	AT2G44790;AT5G20230	AT5G20230;AT2G44790	1.0
miR157	CFDmodel_Ecotype_ecotype_simpleother	cfd_covariate	4	4	0	0	0	0.0	1.0	0.2600700360866795	0.3995831540235635	UNCHANGED	SPL (SQUAMOSA PROMOTER BINDING PROTEIN-LIKE)	Developmental timing	Same as miR156	AT2G42200;AT5G43270;AT1G20980;AT2G33810		1.0
miR158	CFDmodel_Ecotype_ecotype_simpleother	cfd_covariate	2	2	1	1	0	5.5663054695562435	0.2814436266802169	1.0038574251376806	1.0038574251376806	DOWN (targets de-repressed)	PPR (pentatricopeptide repeat)	RNA processing in organelles	Organelle function may be affected in microgravity	AT1G06580;AT1G62670	AT1G62670	1.0
miR395	CFDmodel_Ecotype_ecotype_simpleother	cfd_covariate	4	4	1	0	1	1.855263157894737	0.48369132036609547	-0.3927665493403916	-0.0344163184329176	UP (targets suppressed)	APS1/APS3/APS4/SULTR2;1	Sulfate assimilation and transport	Nutrient metabolism may be altered in spaceflight	AT3G22890;AT5G67500;AT1G80840;AT3G22890	AT1G80840	1.0
