	auxin_biosynthesis	auxin_signaling	auxin_transport	auxin_response_genes	cytokinin_biosynthesis	cytokinin_signaling	ethylene_biosynthesis	ethylene_signaling	aba_biosynthesis	aba_signaling	ga_biosynthesis	ga_signaling	ja_biosynthesis	ja_signaling	sa_biosynthesis	sa_signaling	photosynthesis_light_reactions	calvin_cycle	starch_metabolism	sucrose_metabolism	glycolysis	trehalose_metabolism	cell_wall_biosynthesis	lignin_biosynthesis	oxidative_stress	heat_shock	dna_damage_response	gravitropism_signaling
OSD-37__Atha_Ws-2_sl-pool_FLT_Rep1_R1-FL-C1	0.24495559442132783	0.4880284706255013	0.12097860957296036	0.625328254966981	0.23562797660446377	0.02184735712026372	0.4850555559327514	0.3173166181607805	0.5107051798836956	0.3558114142884515	0.30171771583049484	0.5754268737147801	0.4410468797628158	0.49994051352859736	0.0596893463093042	0.30301967334114316	1.23531305412762	0.6115302142190875	0.31024758768471183	0.20080491720230098	0.3348521361194664	0.2846803614711607	0.32886502810004176	0.3360259155642751	0.19995450080389246	0.7586995258890772	0.3440410758136341	0.2238779304783792
OSD-37__Atha_Ler-0_sl-pool_FLT_Rep1_R1-FL-C2	0.03262364305642714	0.5270589540944149	0.28925202495808505	0.5696641358199886	0.37235551728206767	0.35205447186408184	0.5366895105245755	0.38891502608586875	0.6667775559879587	0.44716421488660935	0.31552721570234005	0.7125933005154249	0.24918392134853184	0.2220163860462504	0.17431074021185314	0.2938980096154913	1.1218660993321565	0.5816726238531184	0.28764346139376745	0.2745263320071618	0.3928216551892586	0.44469240626419143	0.34556936883333866	0.2979989423758471	0.26468778100716883	1.053474597804621	0.4053021402669954	0.31208402123677975
OSD-37__Atha_Cvi-0_sl-pool_FLT_Rep1_R1-FL-C3	0.21250721320491636	0.45273669280132567	0.16174481556667739	0.7170897271683203	0.14935358179187122	0.1415405547719411	0.3587829500742363	0.40217642224362465	0.3813625528865917	0.4395491779332097	0.16792881074420768	0.5442266225480376	0.3860038208941503	0.18372684617463464	0.24582652830219667	0.28119255998550485	1.3158499958053165	0.6914156139466217	0.29753428518321995	0.20372863294260898	0.3959520660847007	0.2906429849197428	0.2788889054247164	0.2508817016920019	0.2958363470366131	0.9289273540919585	0.38099264400727895	0.2983103291618323
OSD-37__Atha_Ws-2_sl-pool_FLT_Rep2_R1-FL-C4	0.09565217076106537	0.44048315160680684	0.0664786447682297	0.685189036396722	0.28909618965072387	0.1031092066924754	0.34673517563194123	0.3161868808174563	0.38948708838957374	0.3344848343954544	0.13749948917093902	0.2647839378021828	0.39374120411843816	0.8055141301959743	0.02036645459122488	0.3609300421034307	1.5016843956683332	0.5185293485535696	0.15148287098493238	0.3067658706482717	0.33310432279691676	0.2733460046502681	0.08784468803044838	0.38685503383852105	0.2177492822779717	0.8070437297784718	0.24951276300676092	0.20283661251921337
OSD-37__Atha_Ler-0_sl-pool_FLT_Rep2_R1-FL-C5	0.12028399975656096	0.5045290324508476	0.12423511163473834	0.3988239048200492	0.2728227506661309	0.2035913233955771	0.4528788517029544	0.37302067686042767	0.6427030005702725	0.48948488466886986	0.21539220723031516	0.6938832956402609	0.24791239191410414	0.4063995814703281	0.23737742395377845	0.30019080676250226	1.2388720164871332	0.7783768530714762	0.17573266988968034	0.2904320538204495	0.3772009611237269	0.34519442604488226	0.16775478033642852	0.26999582509571435	0.22730559813426002	0.8876651117348282	0.3438184742257565	0.33936098279019994
OSD-37__Atha_Ws-2_sl-pool_FLT_Rep3_R1-FL-D1	-0.13000587620577508	0.3450645177777523	0.03647875696958893	0.5435525422381329	0.13660397317404055	0.14334567065977574	0.2634373389099536	0.2828472273885414	0.2175857060384429	0.3427952514685564	0.0995856255379747	0.2643205768173065	0.39428393843905146	0.6655866029484121	0.04917814991826053	0.36574953744798167	1.2948402950830495	0.5727936786975356	0.14133916554673656	0.19477506859169502	0.35628403738194253	0.40220384647480956	0.03454479098825117	0.3322552195310418	0.1943936481178039	0.7159749080931392	0.27295576033328073	0.16654060760404635
OSD-37__Atha_Cvi-0_sl-pool_FLT_Rep2_R1-FL-D2	-0.04687091604369268	0.3684830476734063	0.14362995095145084	0.807072542109074	0.0891395334924209	0.08820408341541895	0.31209172095864823	0.28893215625015267	0.3208929864518708	0.3316369609875128	0.1324083935557064	0.4839686475163294	0.4025438044079403	0.1334590391468583	0.16612406929334592	0.26637111255561463	1.2831675115817915	0.5913032040977189	0.26635076871341323	0.04592362779344175	0.34711896694275735	0.22104104633607588	0.318878459821618	0.26554826263364867	0.24373799828146317	0.5221985956190229	0.3805302477034741	0.3029104663617043
OSD-37__Atha_Ler-0_sl-pool_FLT_Rep3_R1-FL-D3	0.13631370381474192	0.6013926469169315	0.20693825895884804	0.5614620727260989	0.16765932897093944	0.20677280171586035	0.5199162289849765	0.2842751350744601	0.48667441942245937	0.480298577346929	0.3886734191678285	0.4788884241004711	0.30038630828638735	0.6416779041744194	0.3123491146712612	0.42472122774591187	1.3670078772864251	0.6275738893785338	0.2756740489356523	0.29314524076898385	0.31922960924562627	0.471620420677496	0.24363194788248976	0.21647300078864556	0.2839616141302621	0.8669346566737015	0.32300371871458833	0.34650821919146463
OSD-37__Atha_Ws-2_sl-pool_FLT_Rep4_R1-FL-D4	0.03834515437615152	0.3555309477987897	0.12183236173647616	0.6321559226435753	0.263413165439189	0.337997566901684	0.31600391161091423	0.2779200017341947	0.6641787577759436	0.4907798523535332	0.28953663743937347	0.473650884008876	0.30397178982577294	0.6359265597150372	0.028348350766165688	0.36224990631335896	1.4953623923980222	0.4732073692401598	0.21363233628417236	0.3794281764144468	0.35680793920580844	0.3663016637641524	0.22864696721326622	0.3345365056641618	0.2561878103937182	0.8786922464837355	0.3777377646493237	0.20241959875240823
OSD-37__Atha_Cvi-0_sl-pool_FLT_Rep3_R1-FL-D5	0.08456994667182965	0.5283698959847557	0.18795019095982365	0.7959343381495575	0.18647472591137065	0.3029186345932391	0.4604956671593929	0.3350304388355805	0.1782267113367199	0.4200942084024544	0.42339011100125307	0.481582971132541	0.34965529691796166	0.3252542972328584	0.20848187309400454	0.3118279374935996	1.2887625292151563	0.7244278000693467	0.26399740821883017	0.45251995459849215	0.3627742203663559	0.23454056221289107	0.30090168815418794	0.31600942842176116	0.2649256910341993	0.5607291924229514	0.3681291939759936	0.28193522104607627
OSD-37__Atha_Ws-2_sl-pool_GC_Rep1_R1-GC-C1	0.0698580350738897	0.43116280490927233	0.11526191575065635	0.6055023502152544	0.3252068842528048	0.1655856417911619	0.5310678298664202	0.32107122383957276	0.3127990211605322	0.3186270085370222	0.032848629434697324	0.36172032575588253	0.4107819897635093	0.5510598582907119	0.06550856757583372	0.4071754602769167	1.1094165372951836	0.4257613950967071	0.1271613243612262	0.3805875810148897	0.3047904352099337	0.22853978167618197	0.2997515383445785	0.38194184245059654	0.19501864059062948	0.40128659197941896	0.38070520858433227	0.18316618951065458
OSD-37__Atha_Ler-0_sl-pool_GC_Rep1_R1-GC-C2	0.003264333738828016	0.39422549908630977	0.19357304395140273	0.5406731879372146	0.2183654206448944	0.23512776260634538	0.46936027507572825	0.2197737432691566	0.4169550787683882	0.3443616796784866	0.15068408179950232	0.4763099027823826	0.26894863265765023	0.3645655103453644	0.23960088141731883	0.34516971312737293	1.0658002316472204	0.5756405291209732	0.12753489876903462	0.13426722277343736	0.2914060236453569	0.25112818137257	0.07984532220621199	0.3279301187647748	0.18373834568894948	0.2963870680089627	0.2750670536824747	0.19584812322267686
OSD-37__Atha_Cvi-0_sl-pool_GC_Rep1_R1-GC-C3	-0.10337634280461468	0.5657122147754009	0.22793210823309504	0.7583934471366031	0.17778158701519267	0.19790763250884205	0.5043479388263925	0.39288114030383836	0.10460345729359177	0.33601406131685085	0.21808522725608764	0.3974464948040344	0.31145431281400515	0.3930067750755806	0.11886781484897518	0.3325389876034902	0.9525693473102805	0.401021699570437	0.12444724215965837	0.10026830487449687	0.2752264956871431	0.24068019532869228	0.19220059776913404	0.25240365284483696	0.19500952083462153	0.29817183684401916	0.3261979857690735	0.24257303347541445
OSD-37__Atha_Ws-2_sl-pool_GC_Rep2_R1-GC-C4	0.05824439928103962	0.433400890832384	0.050567433953519925	0.6266207107897861	0.2846976474955594	0.2608971840930093	0.5525514934273505	0.4049590954772095	0.8331458410232093	0.39953262974342263	0.1131535385791968	0.5513129876494732	0.31622792781438325	0.5006898919043054	-0.13452509632992313	0.33966483152373594	0.9479281802460788	0.21228891430427385	0.12158460069621209	0.13800367262703883	0.2518062092941423	0.40990308059649105	0.17977788103468637	0.3854407364894042	0.16438682625348147	0.5388830156742559	0.34171431367882094	0.2007636160435839
OSD-37__Atha_Ler-0_sl-pool_GC_Rep2_R1-GC-C5	0.047434304646843874	0.3934432760098058	0.19376355338507276	0.6395842288066235	0.45832147924509964	0.28417741850953165	0.510160987228645	0.4225359585621946	0.7009820409555667	0.4023796714992926	0.4397781384666101	0.6969473589398817	0.3105214255724135	0.2833724740328495	0.1916675980777999	0.41765881200124055	0.9432059732988313	0.2677304325210042	0.08524966065966175	0.21432973150545062	0.30302939333099876	0.30326097374534167	0.24676724352982382	0.43215631294320356	0.22284318017688856	0.2837757739061341	0.37582593819556415	0.5286819702782166
OSD-37__Atha_Ws-2_sl-pool_GC_Rep3_R1-GC-D1	0.02456718531786231	0.38549080834396254	-0.01691597284852306	0.47745895679201955	0.30879425762418755	0.15948124257644786	0.45880159232480505	0.45190006463085775	0.9413859296876304	0.47194081934810345	0.23458637607024554	0.5543282872870696	0.2842834601454753	0.5573506628496668	-0.009670373607328107	0.35657062224340674	1.0082675744961176	0.24672190968689087	0.08009121665720455	0.05788059368881146	0.22925658651177028	0.32504790296682196	0.17683248620504696	0.4142262553799661	0.1191151575405147	0.5684382058903092	0.2951008711564199	0.2417441238400731
OSD-37__Atha_Cvi-0_sl-pool_GC_Rep2_R1-GC-D2	0.08018932119180294	0.47905048656778815	0.21503790091512084	0.7412512603340843	0.20997164039483365	0.2667868426853856	0.4711837959501511	0.33365012343008843	0.37693084893031936	0.32052610893785366	0.23530960469843748	0.45281599113136983	0.36396021807642653	0.41547485975598664	0.11361355754365707	0.34552365664322127	0.9102341179483003	0.4580884129083285	0.16111662147609818	0.13162160653306823	0.27008117323735603	0.240480240679865	0.26928272746124654	0.3321739960939724	0.1360949081328698	0.2507770632888626	0.2556855978763192	0.22029615832647936
OSD-37__Atha_Ler-0_sl-pool_GC_Rep3_R1-GC-D3	0.026137754467651805	0.3798600150275741	0.11249097724544244	0.6667364924478758	0.34261465971153127	0.1873219115469267	0.5304318013156948	0.311143179596312	0.6154682596411725	0.41062718188633146	0.34164287270164556	0.7122874037955118	0.24702603242102886	0.10381997524549279	0.13648613815270258	0.3202025878837406	1.0138222057798483	0.43099356487274504	0.12830876001378808	0.040694252176736556	0.2539195106210237	0.19679362963985117	0.3021762332747955	0.3348751364035562	0.10101798062740537	0.19394109029949352	0.3276704902609706	0.2971750515461452
OSD-37__Atha_Ws-2_sl-pool_GC_Rep4_R1-GC-D4	-0.06050281598398328	0.40725723135103514	0.06287617134903996	0.507769630171543	0.31321888113387997	0.14463258835372683	0.380994351675948	0.26868628369790126	0.12543099747318823	0.3408293360265073	0.1821111589680752	0.36899532767098897	0.3153866647306385	0.5670848391011096	0.10302508900167938	0.33582927778987265	1.001665425949509	0.28473944079711117	0.06834382394155065	0.27406767911859403	0.2809071283170771	0.20411218328670575	0.17230824496219535	0.3829001871611039	0.09488524848979428	0.4702269999177568	0.32299814497778084	0.16893916995418798
OSD-37__Atha_Cvi-0_sl-pool_GC_Rep3_R1-GC-D5	-0.017190783309559064	0.49596038544665627	0.061000925605203746	0.6866184243461754	0.23064910200443575	0.28067738372378337	0.4919958514898296	0.40592585216755106	0.4039839497884128	0.3602115448084553	0.10564195464985937	0.48436743496546214	0.30766002573517637	0.3979008300844683	0.031734359020176295	0.3535159425986824	0.9062093832932816	0.40917929273794534	0.12331049608270161	0.10559403469444263	0.290436072619548	0.18574661286216723	0.2554510639564332	0.24450726909029177	0.196897906625968	0.39780597297231923	0.3564370551319806	0.24839375839270525
OSD-37__Atha_Ws-2_sl-pool_FLT_Rep5_R2-FL-C1	0.19641706902281328	0.3973083402611284	0.24451195531180758	0.6977119504037185	0.29306065976945606	0.2848113099499273	0.48497045966534147	0.45264127433729257	0.6490363078480991	0.4209729278421054	0.4724122199319924	0.5534676653209503	0.5715338599546907	0.4542709567787745	0.13018786337530258	0.5343545284157833	1.2916366088207647	0.7635054496165856	0.44183250157697057	0.4631281746367021	0.366298984147969	0.23312326563186528	0.39191733280235785	0.3086892876638014	0.30033689089265925	0.7522144563804101	0.43912416010759286	0.42038631745079513
OSD-37__Atha_Ler-0_sl-pool_FLT_Rep4_R2-FL-C2	0.03857262460236235	0.5169462734553185	0.28250701136321416	0.753294307370854	0.49911113879282365	0.16445706124817	0.51691776643054	0.33766440991271407	0.6897972748588784	0.4623574967462741	0.23001673986095442	0.6477005842091655	0.33679445511750383	0.24690705443981698	0.18939823667104572	0.26072967843948053	1.1193997262927946	0.5622719420935121	0.3977118199636712	0.20296756286902118	0.3068783017033622	0.2150849313790304	0.31503778170936875	0.3763554135072804	0.23417551056402958	0.8261996319857068	0.4143078800239376	0.2515888608042192
OSD-37__Atha_Cvi-0_sl-pool_FLT_Rep4_R2-FL-C3	0.2620441601083071	0.5541761640336936	0.22655370539429678	0.8094200389414209	0.16188142631235508	0.341058957226007	0.4188568369030736	0.4157609042094703	0.4920526900829324	0.4222092211715903	0.26877203558524393	0.5464219771952884	0.3995429523536065	0.2698796372781075	0.24384175799942442	0.28015101811618914	1.1313154977118405	0.7492276490463288	0.40410063710627625	0.21110257138367433	0.3904888731141069	0.42991504748953796	0.30943398731269	0.2608018564658842	0.33308357043128156	0.8849649534792338	0.4091440713385232	0.38398493818074125
OSD-37__Atha_Ws-2_sl-pool_FLT_Rep6_R2-FL-C4	-0.013028740254104457	0.33440749957532395	0.19662230137138786	0.4607303465559751	0.302952380388284	-0.04929352531105698	0.23979038452984583	0.3067464026774902	0.5552663388429124	0.33763221901704676	-0.3083639010078138	0.04125738098978399	0.30958815317658406	0.8238513694609756	-0.3594110936105293	0.3929383090792996	1.4801558886769028	0.6040796682220977	0.03362817134121695	0.29329306270947564	0.2511572248412849	0.26692370691107703	0.1789656143012363	0.16562587570625442	0.0698993273419354	0.8545261555257191	0.14718866598882754	0.14925696750156717
OSD-37__Atha_Ler-0_sl-pool_FLT_Rep5_R2-FL-C5	0.027246627253019243	0.5285922871191452	0.27402467505013667	0.48460704664604304	0.4707488450886962	0.3819110114835853	0.27765345867886493	0.358510915361592	0.666820912380042	0.5019895643658959	0.344867471461702	0.6146489983500873	0.35077465402762575	0.37666340917068575	0.23348560806948282	0.25321276814761506	1.1326712541861756	0.7288923688334217	0.30205695882480893	0.47901682303626186	0.33395240796626086	0.2676975238234086	0.21332946536986916	0.31870401444089974	0.23600698933994063	0.8514513132811277	0.30273628164050204	0.28303818288991656
OSD-37__Atha_Ws-2_sl-pool_FLT_Rep7_R2-FL-D1	0.048011911837642425	0.3546935599852916	0.19834742185138626	0.5967538123497038	0.10705257404253384	-0.02256665193366333	0.20737899902173615	0.34128033326386853	0.10012413209752927	0.407983994605998	-0.03523369962806863	0.42022518226672156	0.31418807979509067	0.6125225897790672	0.16326785943605004	0.3266339346617138	1.188158780846851	0.5548481255414102	0.38030568886848126	0.4777443708805157	0.2546462894700452	0.6137066732557811	0.16366521444095822	0.2467863045019287	0.2721555392846363	0.6571978862918142	0.24661667823682246	0.20193142516228213
OSD-37__Atha_Cvi-0_sl-pool_FLT_Rep5_R2-FL-D2	-0.001554158795214422	0.4180619153197995	0.20182467558909487	0.7589753373194938	0.1418799187729205	0.09620147708391102	0.4830379893679689	0.33645876536102115	0.3648984971446374	0.34818495366811	0.24820434858380017	0.5196616687479312	0.4358390629031438	0.3355484347152356	0.21382195896074815	0.27866017104255203	1.125688504487188	0.7139047949572818	0.32214962935818464	0.17020515795462096	0.42336723948007315	0.1882779471673596	0.3747810962177561	0.26567278628546337	0.33322805161896835	0.5706465227529138	0.34393537161030935	0.22862689251564813
OSD-37__Atha_Ler-0_sl-pool_FLT_Rep6_R2-FL-D3	0.08579476295284975	0.4959939920923447	0.29424327577898374	0.573942548029606	0.22599341190001576	0.23241758077532465	0.551788803428736	0.31692980035244167	0.5580660629005517	0.44548467898719557	0.4573736073087613	0.4392963953568707	0.42787299862085243	0.6825412698266946	0.384631361123866	0.40575289894419264	1.2456997482231917	0.593406686578107	0.4503446795166802	0.2685628708396324	0.32315521234375477	0.4227149282667901	0.23329808975425254	0.20092916142370526	0.31857092400147957	0.9878024048855311	0.37528506206988516	0.3845759327071522
OSD-37__Atha_Ws-2_sl-pool_FLT_Rep8_R2-FL-D4	-0.3622829372817753	0.29082892782119396	-0.2260796249081975	-0.07184694221461722	0.34018530610145975	-0.1725001435996085	-0.0396652955490719	-0.1768978560580866	0.8103886732536281	0.30990118396389105	0.15535844124338713	0.24493763668213747	0.27193111876952863	-0.09674941635832497	-0.2054145129375688	0.25360960659096166	1.261992598961973	0.41939633197475534	-0.19585744619915585	0.04790756930281403	-0.0746903115447494	0.11063864882256112	-0.15504749439624382	0.16489934569308198	0.11170097536421542	0.6597351872369962	0.1515146986469739	0.0361270940160855
OSD-37__Atha_Cvi-0_sl-pool_FLT_Rep6_R2-FL-D5	0.26301319314550836	0.5718491544682888	0.27785698883611715	0.8582145871363013	0.28625442006452423	0.35586829076845394	0.4187514658661744	0.4499022403451086	0.33371773176128156	0.4357207384967962	0.27605866771068155	0.5324212117447868	0.43576588491262086	0.3111638041417416	0.2774060164093978	0.24891725764020148	0.9907994605722971	0.7375794039874795	0.402548855629521	0.48486251949584336	0.3945737771283603	0.3382325399848433	0.38212826993619103	0.29452324025908166	0.27527943109487424	0.594808890180962	0.4458059812175995	0.3805149002373828
OSD-37__Atha_Ws-2_sl-pool_GC_Rep5_R2-GC-C1	0.1303191592080302	0.3988802196587235	0.3222131309823954	0.8309152860557214	0.3167469906002415	0.1674296446272742	0.5689942999460877	0.33338394251454145	0.45374027895009583	0.4366655243244035	-0.06907405076335602	0.45310446555138484	0.42443357312747454	0.5473322330350868	0.09637765938014575	0.2765981165230796	1.176002919084958	0.504976147021274	0.25615915052994825	0.22537209474295497	0.43294339612064925	0.18656264123481622	0.30111723141801994	0.43451386251007773	0.2277217755591429	0.43985284625323995	0.367143662016664	0.32414626460655327
OSD-37__Atha_Ler-0_sl-pool_GC_Rep4_R2-GC-C2	0.13824651476425126	0.4943571512291441	0.4859053625168458	0.7751065448026464	0.49055086917376717	0.31456597825562976	0.42234857388863634	0.2678008582242535	0.451684859157819	0.45751840130526955	0.1865326069750172	0.5738595146120753	0.3623251185966027	0.18053928825093252	0.3483025166966157	0.2548099730021712	1.4442238882803546	0.642114256801225	0.2617669714328778	0.14478662218970084	0.4555363704312827	0.4395431665802536	0.22917434077881513	0.273764837118926	0.20607641194643317	0.29067232473579147	0.3994932740012341	0.3696909084869415
OSD-37__Atha_Cvi-0_sl-pool_GC_Rep4_R2-GC-C3	-0.0039858397342222894	0.3339536095829365	0.13158280242673984	0.9907164750214904	0.2563486969528382	0.29101343217613235	0.5399692028076795	0.3129486333658177	0.3175229195702835	0.4146195025911956	0.22334779742328864	0.4555505545560174	0.3963874980071261	0.39851016848209475	0.22608456077571246	0.31296356281784293	1.1984286093911714	0.36732324395946025	0.17852309190979695	0.33434385151984897	0.36305760097587	0.408704169827998	0.23846193721067516	0.26699106941595335	0.1982132882041527	0.28309582615841944	0.3690445728743137	0.2935619879898027
OSD-37__Atha_Ws-2_sl-pool_GC_Rep6_R2-GC-C4	0.011513379925966202	0.19248134423309154	0.15958576391451945	0.8691543923768634	0.42554685208232385	0.20156889907791228	0.5945477199934244	0.48321885921539154	0.8845958748551912	0.38102274754381293	-0.08023222603911138	0.6141321095528348	0.3609293278274058	0.6103597183180246	0.13976145143272523	0.46338510980057224	0.955452093968149	0.28967184763470266	0.1340540545141756	0.2663632369592087	0.40381651733000246	0.6414562534726244	0.30625115471766495	0.40805168346335013	0.22274697577755975	0.40286056323851094	0.434068082673292	0.21277963253507645
OSD-37__Atha_Ler-0_sl-pool_GC_Rep5_R2-GC-C5	0.14513442324805437	0.393302961968331	0.45468316425111127	0.8527816927209425	0.6581549838481582	0.5984760519639063	0.5624064259668068	0.5340244276898555	0.6532373339809914	0.44220403966386185	0.47394530322102024	0.6755569816439927	0.3337240655512321	0.4374875160026532	0.3036738950037532	0.4517822038305829	0.9087897176255314	0.3458001166289279	0.2633960339200895	0.440522413891652	0.338754097004084	0.5222475789089769	0.2843204428583843	0.3941359741824695	0.12781870788969354	0.4134171461598784	0.4028635400933215	0.7916516896967033
OSD-37__Atha_Ws-2_sl-pool_GC_Rep7_R2-GC-D1	-0.06922591674292147	0.30147221534346086	0.10386355233798858	0.42577301055715766	0.5461077366858308	0.35110674159259453	0.46460745414987903	0.499407900768516	0.8614334419425635	0.4070960367711982	0.46155519986556964	0.509836463757674	0.26882070578081546	0.650761296168774	-0.26644586916695173	0.6345881870473808	0.9051693456824553	0.26156456164636394	0.05584365203461833	0.31746083738934217	0.2344488116487355	0.24431477406401234	0.20339731154453514	0.4019323055898534	0.111983064922503	0.5622567210481553	0.3859106818147374	0.7784879783897272
OSD-37__Atha_Cvi-0_sl-pool_GC_Rep5_R2-GC-D2	-0.020773414601521583	0.45193514163752097	0.23496074826661023	0.9546797563248843	0.18043829187284238	0.33223164964133023	0.5136117626679717	0.2929876692488844	0.5285459862547637	0.38210964940454245	0.33557459674408785	0.3761609221593648	0.4297799657176251	0.377835276553211	0.22346695398417601	0.2991530209009612	0.948556831578628	0.5152318789022019	0.2467522598545937	0.14181716033043676	0.26043124519932404	0.18115663466291163	0.3172990887407375	0.3126645530592708	0.17529417329798658	0.1489999901198522	0.4120166727370434	0.24427922051554224
OSD-37__Atha_Ler-0_sl-pool_GC_Rep6_R2-GC-D3	0.20738905362836726	0.24553563700507625	0.29219991120734284	1.0238743762548492	0.30531444651929157	0.14014038713409088	0.6177961908129102	0.29947437691678985	0.42455876350643407	0.36988335773537423	0.1367580969656587	0.6230190625302291	0.41179376204539814	0.14908804296704115	0.31508501381258514	0.2642586993505289	1.1664485161503066	0.7509540663226397	0.3940875733146673	0.2026336565960369	0.3408518503789367	0.3030323326562096	0.3077014764318279	0.3742401696817579	0.1662414476496455	0.03244475711083338	0.4894184341910381	0.23537206408726935
OSD-37__Atha_Ws-2_sl-pool_GC_Rep8_R2-GC-D4	-0.06379961247068004	0.473093263899498	0.12233268865937903	0.5299048858027253	0.1720723081859961	0.21621914286483837	0.3732253108188658	0.2519128892801016	0.14978898889771866	0.37388770204937216	0.024795517853856794	0.3141166069414743	0.2916808441683212	0.6287968140845839	0.04739270099247033	0.3226845470809302	1.1228295968485782	0.4643340485600048	0.11448588051547928	0.332664870356728	0.2487400082482814	0.22518644096491217	0.17111190874204116	0.32356071556214905	0.10975829551698875	0.34139934635003066	0.43866112215592656	0.1418676090695098
OSD-37__Atha_Cvi-0_sl-pool_GC_Rep6_R2-GC-D5	-0.1784341718925062	0.35075127453730026	0.283271669254862	0.7326527650960897	0.4636888025949541	0.09449821340966068	0.6607768972841068	0.28227219526051267	0.3880614390928814	0.432103862011778	0.27011342764235924	0.5282028251523995	0.394923871782499	0.47007319414616866	0.24611633496711952	0.2906303268348797	0.9026245737308082	0.3450940334224586	0.2692545472434118	0.1393581919659497	0.3188621429328082	0.18584796147950736	0.2652675395819651	0.2969057099108335	0.14894848882516418	0.3642358278214538	0.3741084763192867	0.2033928991743502
OSD-37__Atha_Col-0_sl-pool_FLT_Rep1_R1-FL-A1	-0.12424713844397928	0.4598916282092817	0.08005743521892306	0.3706793571193096	0.1623246940050715	0.11787728870330702	0.3616152380245256	0.2835395464748407	0.49462587668932184	0.3886042561856398	0.10861337522010488	0.32850807152326666	0.4584766796834959	0.8349097065667694	0.1934698182356169	0.37806562988016523	0.8308983281059237	0.3077851798505429	0.057563136076379494	0.22712984844692327	0.24826314675284025	0.3798025032924956	0.21609951075022318	0.3681693029279906	0.19380588901051155	0.9533387524602076	0.15360968260011015	0.2645356213341497
OSD-37__Atha_Col-0_sl-pool_FLT_Rep2_R1-FL-A4	0.031052103615260795	0.5645657477971393	0.1312932714369757	0.39750198160122313	0.15056246857474379	0.10972096685992416	0.2998838504526895	0.2891833050316	0.44662380187797823	0.43064144571912866	-0.002556199519257433	0.34477125179065415	0.4668411030211339	0.7739292477959814	0.22151539702446546	0.34723683771301145	0.9161248510849483	0.4050283894157068	0.0611328768335459	0.20251022459013213	0.2825001819949372	0.3077873184182645	0.2544252150832608	0.3146593423793513	0.16605335478180566	0.8240040458264222	0.22960580894179417	0.20960350389277385
OSD-37__Atha_Col-0_sl-pool_FLT_Rep3_R1-FL-B1	-0.07675594454356553	0.5596934494323023	0.3647822481336429	0.534108759977194	0.17226873294234357	0.13209276438231174	0.42789217269376945	0.36412150510073843	0.45613316874904053	0.4271201125108259	0.20618631986299324	0.39355055116695703	0.4553438372869284	0.6698857540799931	0.23243746873690413	0.3538566540758389	1.3266609419143305	0.43781875650907204	0.12055181475166935	0.05768483206283719	0.2874682465387773	0.31935659482019896	0.26465859088335	0.2448442027737507	0.2547479307296413	0.9001715740332676	0.2437331313417412	0.2827024303454659
OSD-37__Atha_Col-0_sl-pool_FLT_Rep4_R1-FL-B4	-0.009161196813112548	0.5286284869201349	0.30897814310466404	0.5024006263056303	0.3629024095019567	0.3323074567783756	0.4253879940517147	0.34377770118621165	0.3869942000480986	0.3949945472868213	0.20412265983728503	0.3423619865323755	0.4947689200127717	0.7300389376727001	0.2666400274351421	0.44411933025773676	1.0365284056516744	0.5192756199210166	0.07401703864705454	0.3390545362485868	0.37647596335194494	0.3570066268479777	0.31799627150766224	0.2861284925780048	0.265454349846536	0.7911888583224452	0.2532155329636356	0.43650298441349233
OSD-37__Atha_Col-0_sl-pool_GC_Rep1_R1-GC-A1	-0.11017464506131595	0.48391743880927857	0.11324200413002741	0.43183126615970563	0.1949939374325281	0.12519429359831497	0.394170196179499	0.3826731098930789	0.4558481993268201	0.33434433220454535	0.09408061705791129	0.42753246571015746	0.43319385799305965	0.6805436644453785	0.3496554972846284	0.35172658639268567	0.9370187358943791	0.29457241765876363	-0.020500040500513333	0.05282067087380516	0.2411703358989466	0.30885248163006135	0.19554589634792546	0.3601809427241236	0.17399442606782384	0.4522229034287186	0.20537567013500294	0.2465299523754536
OSD-37__Atha_Col-0_sl-pool_GC_Rep2_R1-GC-A4	0.0951260224958833	0.4819898281218436	0.11997969153431594	0.3167058377889888	0.1506104309867404	0.2669156584333224	0.3500084302126825	0.38221447831361915	0.4414541312217869	0.3713894178155099	0.07268044448931443	0.4397013322723079	0.38864847001557473	0.6183737800162054	0.24037385825374227	0.3256327490070302	0.95285045145881	0.45480641231544794	0.18991096014188283	0.13949577527621146	0.2475906476560158	0.3796162995322092	0.31881041821157546	0.2356322862272285	0.17812531700259757	0.4060205898056079	0.2430415681134041	0.18824588269137374
OSD-37__Atha_Col-0_sl-pool_GC_Rep3_R1-GC-B1	-0.05214061073540566	0.46063255697941236	0.17024912995329658	0.3412110398103976	0.08576251796439564	0.21628189011330992	0.3824783911529006	0.31314840724965604	0.46259240060998885	0.33601630709028957	0.04023155511537188	0.3933418964810446	0.4280624852156401	0.6722384385658295	0.2543895302401376	0.3036638977826269	1.0079978192130852	0.47180630482166663	0.16854625761318257	0.13494982140290165	0.2730817051214111	0.32690513830529494	0.2788179380495325	0.24989024630018594	0.20816297207713313	0.3665976232409659	0.27168071116142883	0.23760634566596198
OSD-37__Atha_Col-0_sl-pool_GC_Rep4_R1-GC-B4	0.0647962567607837	0.5213492265731846	0.16646352589879784	0.37240722618118993	0.09743840601224327	0.12395967853906407	0.3638896513564399	0.33429290350280544	0.3020122248086233	0.4449181161406837	0.051912712271058675	0.4540506220764366	0.37925893200540545	0.7132842243020286	0.31371023570832046	0.43740681418114175	1.1758102061570592	0.5246551052350837	0.13192289323165227	0.14202277165806135	0.29797039641473855	0.3495114767672492	0.24012182158894294	0.24010705927480946	0.22555096673993533	0.36019412244119103	0.16791329134258748	0.4412272620350473
OSD-37__Atha_Col-0_sl-pool_FLT_Rep5_R2-FL-A1	-0.13989009323003385	0.4726290801159994	0.2581752735110155	0.4087831331744204	0.25194712023413995	0.2910903862013433	0.33911882092505746	0.39041824260589336	0.39729662358158757	0.39340252751011245	0.062096863533075294	0.31354230961271745	0.4984539065717572	0.862953206619818	0.2624889513284074	0.3656544249303104	0.8280143125747762	0.27962685077196503	0.044491423424281785	0.23605021123289063	0.25834953992296894	0.27240993563458954	0.20682272854511075	0.34025114439752213	0.24953417245489393	0.959977177183595	0.164141021230129	0.2970417042318814
OSD-37__Atha_Col-0_sl-pool_FLT_Rep6_R2-FL-A4	-0.06492108671885777	0.39661056303150827	0.21182889287818676	0.29570204506892206	0.11216181559542303	0.02575554154457671	0.30257420173740385	0.2993078864086438	0.22010667812753407	0.3665431920294216	0.24658813118934417	0.3529267056929377	0.5450495054230293	0.7134258961518214	0.28152140179488544	0.32366140386073455	0.9306056531844484	0.44716665824772484	0.12105050262801265	0.11756931453649658	0.28513053530945764	0.5001206672535354	0.303342395225945	0.26877858178674363	0.19071330459807623	0.7939543666589575	0.18961229080624858	0.18991012511692915
OSD-37__Atha_Col-0_sl-pool_FLT_Rep7_R2-FL-B1	0.20079586822010562	0.5728136007975277	0.3936942174149253	0.37185971762323994	0.40578030605950044	0.4958878063997314	0.36918462008473074	0.361570250006302	0.7970376951297797	0.38191807378489495	0.29369916997525297	0.44156931421655826	0.6175349663093239	0.6995478462329547	0.458574364486728	0.605937540566229	0.9862428278563714	0.5360689666558934	0.3325138590325615	0.939214890270221	0.3109222096551472	0.4374232106875259	0.4402941926623507	0.40314464330349015	0.19242091330338412	0.8931925036105848	0.19912814657423686	0.696315086690644
OSD-37__Atha_Col-0_sl-pool_FLT_Rep8_R2-FL-B4	0.07917957696374979	0.572557921172629	0.48038737364763495	0.5356149360199305	0.512805200922593	0.60810768945384	0.5058914829480724	0.413009768319971	0.6525018134444098	0.4516180604393205	0.6056571054273683	0.37364363756295776	0.6103426268849641	0.6421037005048572	0.2983266093596234	0.3957091856799876	0.9734647542535799	0.6055954845822726	0.3627810678629815	0.7177798134796581	0.42204232845711087	0.44711077504357116	0.5209070127838105	0.34185107158062156	0.25647342633456227	0.8373845301622822	0.28196645245023705	0.7467432531405119
OSD-37__Atha_Col-0_sl-pool_GC_Rep5_R2-GC-A1	-0.32856840628385586	0.17874676045457463	0.17134427846509445	0.548806545241276	-0.0706710288830654	-0.04123263101950641	0.26017353456018	0.2145278215958575	0.08707459402860113	0.472544073819869	-0.31048103803387006	0.24520291375260644	0.29582953738847273	0.817279035274999	0.28033624478365754	0.28762823639022145	1.046912908251008	0.3656840626177838	0.015446757486483208	-0.13231671166194012	0.2130624466185486	0.19847572995781243	0.166076336149103	0.30203351223509195	0.06498039389025355	0.37876366406796275	0.211456758852881	0.13988905290179032
OSD-37__Atha_Col-0_sl-pool_GC_Rep6_R2-GC-A4	0.04591344591830166	0.4780021140500731	0.18236570458156406	0.4962600862038575	0.18299105825693554	0.16791467271770635	0.4048779735140734	0.3229261149376177	0.4172323145979663	0.33904575091527844	0.14990142718178198	0.5245340920239598	0.40559930766651847	0.5730372207350996	0.36158566408559617	0.4144278056657221	1.0616641922351249	0.38138743891469823	0.2223403669752271	0.2722954024575788	0.19861014552461534	0.27324522044622324	0.3664968500978638	0.24489680373459757	0.17562435315517919	0.32958408770364683	0.22654377722911082	0.21252834756714029
OSD-37__Atha_Col-0_sl-pool_GC_Rep7_R2-GC-B1	-0.0009933333183600641	0.4985506618618555	0.13936897926404537	0.43941090060486104	0.16112191443063645	0.14743226755858857	0.46801033635059225	0.34609792475371015	0.3725851736788395	0.41067223922451296	0.15424298330345584	0.3510371662468264	0.4716728908181905	0.7992103552341415	0.2418626978738863	0.36364367865917635	0.8961918974431173	0.4371351168008956	0.13017098693841428	0.1938352468240664	0.24439724977555788	0.4023699761312663	0.2740397417113052	0.26594727188288786	0.2522473880938943	0.3529772886161734	0.19860693250429204	0.1643904355141695
OSD-37__Atha_Col-0_sl-pool_GC_Rep8_R2-GC-B4	0.04143671908562514	0.45033566967833366	0.12903693603232572	0.6143249182245422	0.05569156167098439	0.08037188276835482	0.4597111468587654	0.21540801611636343	0.4057706500293409	0.38231009215380624	0.06720720058392635	0.3619254976789093	0.40221007830543926	0.6491624690160805	0.13121995102870151	0.335357929634083	1.3229158814115722	0.33816705756889287	0.06187438978543006	0.05667130715910707	0.24794286632613602	0.26808550399819336	0.08428683825869061	0.16050224322301687	0.2246565512434329	0.4330597416416593	0.2658071767441417	0.19727861165920882
OSD-120__Atha_Col-0_root_GC_Alight_Rep1_GSM2493759_Day13	0.025735462368664714	0.07957594130223684	0.32395759908867705	-0.20449669515374483	-0.06812790621969426	0.08317527297386358	0.02086357943238079	0.10244711787867601	-0.02081292687994983	0.15015394604746846	-0.3289840020305918	0.18084842517938707	-0.07798179998802682	-0.3316307378075415	-0.010835540370824782	0.42381846140322743	-0.1941013849528449	-0.39382423379811127	0.15324239091730435	-0.14913116133371895	0.23423712535525829	-0.02315898111518527	0.03756693264649618	0.19725588357255425	0.14434843043611098	-0.20604927519266697	0.29004546002841436	0.15115620808971136
OSD-120__Atha_Col-0_root_GC_Alight_Rep2_GSM2493760_Day13	0.22929669770973302	-0.016633038147884395	0.47049766306630636	-0.2526417172353075	0.050181699648267526	0.21618255977292142	0.06666563812011947	0.09529103884397343	-0.22253938737572698	0.16839133920848018	0.09407827507055823	0.1732585803767859	-0.0891510553125534	-0.38205604659723047	0.050200197307844814	0.4028705894584335	-0.08164420819957073	-0.218335457427239	0.17245248582434217	-0.24302731123659466	0.21106019190818662	-0.04265639721614935	-0.01279084747374215	0.3205764638169785	0.16429503183343036	-0.4216371956625389	0.14065212349729975	-0.015680439799226314
OSD-120__Atha_Ws_root_GC_Alight_Rep1_GSM2493762_Day13	0.05594757097305131	-0.06397019720892888	0.05754058127277326	-0.21998591761922193	0.005812114704166276	-0.028217032041482296	-0.35080497876621997	-0.01323666892385454	-0.16281323189606461	0.10916046083256364	-0.4238982437978547	0.08441046566129509	-0.03424783726901264	-0.18325310645758502	-0.31266337849843934	0.36707779850016237	-0.0270154524474169	-0.30125525019904476	0.03782361362318954	-0.18864306124636185	0.174734229242263	-0.08753229504103766	-0.22144313027231505	-0.03291220226933824	-0.021339438340210654	-0.23765034490477177	0.3511987856403652	-0.04619951049949729
OSD-120__Atha_Ws_root_GC_Alight_Rep2_GSM2493763_Day13	-0.02116161822949208	-0.06156767998899281	0.4167096791828565	-0.08995629997541646	0.175497846661766	0.09575872071184591	0.09764918433994113	0.34011627382939386	0.07099473038686946	0.17568603060689256	-0.18069355482121555	0.006332427748272991	0.13975419270377548	0.15127126619013856	-0.0903929971343773	0.4319862369127219	-0.14923233100515962	-0.4083885795505918	0.08872369569437576	0.08859198416365725	0.20826600906059062	0.03099319116159358	0.1174469313217059	0.323088347185112	0.12027537186202243	-0.329871443096477	0.20686198475220643	0.1736037931831204
OSD-120__Atha_Ws_root_GC_Alight_Rep3_GSM2493764_Day13	0.1092496462028748	0.02359741011380108	0.07817042491003387	-0.3507244658574258	0.12557144778649473	0.05358112025128274	-0.013928387438563686	0.16833163410374896	-0.28249730753612234	0.1599629769435725	-0.17907032741221268	0.012102468867447709	-0.02236422210927435	0.22988533282305976	-0.15096926568716346	0.39522332998735593	-0.1686061486734349	-0.6271659069018276	0.1369336143404247	-0.04347010396292264	0.15600559165011946	-0.1029227895624213	-0.045074373617537196	0.3357431405951142	0.09190585755446706	-0.2828608165467304	0.20899979123614915	-0.05861057946121615
OSD-120__Atha_Col-0-PhyD_root_GC_Alight_Rep1_GSM2493765_Day13	-0.11032754827014957	0.14924991390498316	-0.018025767983299853	-0.281903088457397	-0.008777172975391163	0.1050263531133491	-0.12295526748622149	0.04049069085619716	-0.09695773794630509	0.08833570982103708	-0.08528184583487326	0.27524780522424114	-0.08797110774501311	-0.678067971044913	0.011059717697081882	0.3947187502150941	-0.1892427305738866	-0.6918545496916542	0.17889097392487657	-0.17029568979084053	0.14318009913792853	0.032600822323348884	-0.10429130143580302	0.5088985373423055	0.17683856289104352	-0.2401720503266707	0.2763243574278023	-0.11886202871987803
OSD-120__Atha_Col-0-PhyD_root_GC_Alight_Rep2_GSM2493766_Day13	0.39033205915340136	0.0839461817104064	0.35008323014861487	-0.17762987917477213	0.0412454594481701	0.07199679051217715	0.2270282685283245	0.3223882549348518	-0.007499939094373742	0.16266654700609345	0.4781318737448821	-0.04794494783571579	0.12949144545598495	0.47019428572297806	-0.030087844364810722	0.3925254213575904	-0.14626861136490638	-0.2985611980499294	0.05697190854180194	-0.16706481281532584	0.17901185456713714	0.11891809498115657	0.19161713222192248	0.44779347547189086	0.3943713971451432	-0.14246845705783293	0.10017424228447602	0.38928878029319974
OSD-120__Atha_Col-0-PhyD_root_GC_Alight_Rep3_GSM2493767_Day13	0.2480306848558893	0.12169821573915003	0.37938552042056173	-0.21107333477833676	0.15438480437705956	0.1246630020691273	0.10392406885362766	0.2231536519604763	-0.07851603205640748	0.18746522036153854	0.3472648869475665	0.1751233259174644	-0.23156757429118996	0.04981660934728975	-0.04772186412805632	0.40976381284086505	-0.10814081411544535	-0.5842727913723983	0.10911284373104584	-0.05583137543583521	0.11533490750158033	-0.0015065804062903956	0.010730841181166925	0.20331491536761506	0.1492785241333781	-0.6760091464087874	0.17997795618386855	0.13650338541260268
OSD-120__Atha_Col-0_root_GC_dark_Rep1_GSM2493768_Day13	-0.17353890148666248	-0.010052339126444227	0.2145885346927837	-0.08861060994038861	-0.046329850315598775	-0.05078371099505159	-0.11832755780132462	0.16439342347933805	-0.25597726694068507	0.050036093804726	-0.0719865384409344	0.33010829631081257	-0.07420607348636847	-0.49494037435805693	-0.04866741369752789	0.33424193431465044	-0.2480173652412524	-0.6833044529709235	0.27027757266189634	-0.3125813148698321	0.14973964209600996	-0.1831384762978027	-0.0017808811987373534	0.2689717262695074	0.000804558210962982	-0.3510027044899716	0.2481678243982957	-0.013499300658439234
OSD-120__Atha_Col-0_root_GC_dark_Rep2_GSM2493769_Day13	-0.2466420816378635	-0.04259530919436401	0.0009461114240147395	-0.22781149598999206	-0.1381594873112981	-0.03959429953967524	-0.4593459952140617	0.02257870193216375	-0.35328738247230695	0.03259003748267056	-0.2024892855433263	0.2997397805572512	-0.2337496357875123	-0.2624889189942338	-0.1388718390618651	0.3036009457812997	-0.0636320865609121	-0.7655172274111604	0.17577805798331142	-0.2990287642888885	0.05617221342468239	-0.02537578137118827	-0.23055595179498142	0.3073741186795639	-0.10215822814003019	-0.48491068974600504	0.22370546183519474	-0.16075812115738886
OSD-120__Atha_Col-0_root_GC_dark_Rep3_GSM2493770_Day13	-0.31402862397475084	-0.014063056651105734	0.12235694758551996	-0.2896544814268877	0.1087243873199468	-0.10907801042480289	-0.06338617423800068	0.03128206391455496	-0.19174624067093812	0.05439335584724371	0.06917884307101078	0.22918290117884496	-0.15342956339162772	-0.6426500045141819	-0.05895308739733591	0.4056813180164535	-0.18297329455612296	-0.7654824647830349	0.17487396128919214	-0.03791260700696091	0.1548027431246395	-0.045633645052488514	-0.004008119963796333	0.5768655206669604	0.1456324904515636	-0.3349614769126042	0.19231953618458833	-0.028719118405294293
OSD-120__Atha_Ws_root_GC_dark_Rep1_GSM2493771_Day13	-0.3076227444353004	-0.0404084237918715	0.17024222304040362	-0.23411724434380718	-0.30419662371942197	-0.10909907535955445	-0.36052884221530945	0.009047483606952504	-0.3126737501720893	-0.08667908342777385	-0.33342916973992565	0.29508818603284115	-0.0007740366182002067	-0.45926394618754324	-0.3175427942842122	0.335255760968061	-0.12816806532757918	-0.7662128893892449	0.23567254732354698	-0.45059853057030724	0.09818099174589265	-0.03769929038082297	-0.13898296668656843	0.006777466888558807	-0.27847640102555304	-0.32889597859767383	0.447654255265623	0.0288176884958574
OSD-120__Atha_Ws_root_GC_dark_Rep2_GSM2493772_Day13	-0.05628165212046932	-0.06652024167444714	0.19654024578925147	-0.00831337829822336	0.03572330589803974	-0.11874892831367571	-0.23081820584331947	-0.0008476941053213722	-0.24553688641715998	-0.021660546223665943	-0.05038152944105213	0.1622775440691263	-0.007279577412835745	-0.3073734520679048	-0.23957537845749444	0.32009064364532097	-0.20654717748399584	-0.7681052477216836	0.20028110151081052	-0.2107900488280564	0.17098849876740455	-0.15357659998476492	-0.056680077967516326	0.2688408321250221	-0.16953495200882304	-0.22567115301187401	0.25590411889219844	0.08115924927237873
OSD-120__Atha_Ws_root_GC_dark_Rep3_GSM2493773_Day13	-0.19588118731873952	0.1442723086804854	0.05207742735164457	-0.24849761597011075	0.03202333390840541	0.03282992953536273	-0.11394134705953307	0.14658330808816017	-0.10831192530720009	-0.05019919641493714	-0.09135158060219162	0.002681709340762586	0.015885013959685668	-0.32499373205920634	0.05705014148569895	0.387453622755863	-0.11414989375737429	-0.7329147433657123	0.193086048370414	-0.11433176902771854	0.17674754366175713	0.03205406425885422	-0.03720049265068469	0.2595232992373449	-0.018702891912921807	-0.13291410499370415	0.45706001271136226	0.2994669225686005
OSD-120__Atha_Col-0-PhyD_root_GC_dark_Rep1_GSM2493774_Day13	-0.18889011293806737	0.16876582282232008	0.3305944422567563	-0.1487541704663425	0.021603558282364006	-0.00024188335815001648	-0.006470092086306292	0.0562829037388798	-0.16567596461388528	0.08674431567946146	-0.005030594844950831	0.4024650307277736	-0.1276785698643869	-0.5389191033575145	-0.008891823229564045	0.4499418872624888	-0.21137382982459563	-0.6903107560391631	0.14936703276735172	-0.13282835557639605	0.13314493752029552	-0.12490420084093916	0.01689390263498501	0.4127766966154534	0.10815063106337171	-0.1811039578208702	0.20656552103217996	0.04018756071146583
OSD-120__Atha_Col-0-PhyD_root_GC_dark_Rep2_GSM2493775_Day13	-0.23914172279804502	0.040720148350522914	0.38149675411350426	-0.12584385007034832	0.08137296384792116	0.04335824386106378	0.08541609053989371	0.32253585434405274	-0.25136453228377886	0.023897453182602304	-0.0675017565786889	0.27147263237750807	-0.10083828844169863	-0.5422270540794352	-0.43243432361034845	0.339845217543893	-0.22954123855075154	-0.6537277075202612	0.22009325543589248	-0.30250745788229566	0.20256044337917842	-0.19211979458509978	-0.041156876161448606	0.5211705108435418	0.09042587231929022	-0.5080251574490966	0.27637318876456024	0.01915527779341756
OSD-120__Atha_Col-0-PhyD_root_GC_dark_Rep3_GSM2493776_Day13	-0.17228135064056074	-0.055122694588564836	0.21382111003010554	-0.07250014805702842	0.1320737367977014	-0.008114513413205533	-0.01109446225500528	0.25561081550901443	-0.22126540282084237	0.03446146811155292	0.3572836476195648	0.2680727440699016	-0.148127680053643	-0.07879345519110124	-0.17483451427229435	0.35157161817817095	-0.24690525486662923	-0.7724966838835002	0.18619806505331776	-0.17255801446139352	0.24898031171839333	-0.3002372213802971	-0.0014171936845916663	0.669128290744352	0.07837802833249628	-0.2506167780645064	0.3101488960911327	0.121435330010909
OSD-120__Atha_Col-0_root_FLT_Alight_Rep1_GSM2493777_Day13	0.05701696473341266	0.041320295668028834	0.15256687053831983	-0.23918117900664523	-0.07318245436802776	0.13337897475261656	0.018514013662846572	0.2729886465008497	-0.19036241139663065	0.18448158348503757	-0.09005332299527723	0.12325760994431831	-0.02854875816624221	-0.31363527750431985	-0.15356594164723117	0.4116927593573592	-0.23661802703595872	-0.4001896721189719	0.2042633027773447	-0.18984802875848245	0.23382290495313443	-0.03767082886402679	0.07238017450107091	0.20006621131484909	0.15345833765945802	-0.14555924613620935	0.24991396342851935	0.1580989254653173
OSD-120__Atha_Col-0_root_FLT_Alight_Rep2_GSM2493778_Day13	-0.0317598191974341	0.07129055128766909	0.15503242197008685	-0.09083758712767	0.055193654204903575	0.030225019690500184	0.14106999155550712	0.02823892574359453	-0.2627976215261615	0.21675622551611326	0.05703058773589712	0.08052864716345831	-0.057550148198256684	-0.20310480810231152	-0.051107690461807985	0.4318946553737209	-0.20206572486522836	-0.49087646144301456	0.23360536039308566	-0.09110895920010678	0.15626259407937232	-0.051345860462504424	0.06800522655707011	0.1846785229376996	0.11378287471967763	-0.0865713626834776	0.2137617785975205	0.13562417141663408
OSD-120__Atha_Col-0_root_FLT_Alight_Rep3_GSM2493779_Day13	0.15182911303765143	0.21520984405181678	0.29220070540478094	-0.1683334457049933	0.10599493245430569	0.12427315276280099	0.04324675308968798	0.17354298601358217	-0.08483910327189369	0.17575943104798086	-0.08712519134601024	0.11456729381855214	0.12934819925124005	0.12603804832918541	0.016489805013025327	0.43666059484787695	-0.19028294105144714	-0.7225931094433606	0.2717137096649101	-0.09961018402575322	0.20274611093453968	-0.0006770027297762256	0.06446562201042359	0.28654138416552183	0.22720546966944946	-0.09281198344808402	0.24002641029424462	0.2146913063095278
OSD-120__Atha_Ws_root_FLT_Alight_Rep1_GSM2493780_Day13	-0.046721731712216164	-0.022316615943578002	0.3560034031556392	-0.21292552733973538	0.018217072835088104	0.06724310193250288	0.032989262317374285	0.21511660792248818	-0.2286852640832922	0.1284197945605681	-0.02643574229983786	0.06355022281534527	0.12351419658589198	-0.40351268884830277	-0.039442251135816904	0.4000279362093406	-0.22530160539030472	-0.42336673356789345	0.03104378143608711	-0.09375571878717252	0.2317649528814238	-0.16585563335096132	0.04797372104899536	0.26752437779021604	0.16257041410117118	-0.19382109152701535	0.2269373787131349	0.3455286372663514
OSD-120__Atha_Ws_root_FLT_Alight_Rep2_GSM2493781_Day13	-0.05356511486093629	0.07016040876125049	0.36111850794462214	-0.1433979370577594	0.21551982003380724	0.0840126161283104	0.079864854287094	0.1944242005144665	-0.01885108860637638	0.24521671008434792	-0.2825735394836007	-0.1456886316825089	-0.13068772269584783	-0.24360022056644787	0.06063805779223124	0.4572779586101778	-0.16837321390312543	-0.3646407620498995	0.09907324842554173	0.021813353767092626	0.1318375199986336	-0.1642781421135549	0.00721430177154298	0.32898452345689216	0.21249004236393482	-0.15642539381736156	0.2586121738811602	0.10784480348944984
OSD-120__Atha_Ws_root_FLT_Alight_Rep3_GSM2493782_Day13	-0.08523988526444942	0.12482973436739885	0.3629662305177773	-0.2067761187410334	0.06250886311863267	0.20609265434149954	0.009568104449725334	0.31689714277612213	-0.1368298831066253	0.19584195133433277	0.26186120817162695	-0.04303985277564679	0.0897713451415697	-0.09130731019323546	-0.006882726862029428	0.3495064511429163	-0.2184948410018269	-0.35434850192736556	0.0782136459415643	-0.17915989238529273	0.19722219012618938	-0.06780025702282283	0.02000173268465073	0.3062437690955476	0.243905938808749	-0.2876902844332266	0.17539481182666394	0.13948915279929536
OSD-120__Atha_Col-0-PhyD_root_FLT_Alight_Rep1_GSM2493783_Day13	0.012019688877598344	-0.03999559105147954	0.2480717348959567	-0.0680781175200534	0.12106421661908462	-0.005510781602398476	0.041774308070266775	0.1186698635628666	-0.08611972888665939	0.15993554396201662	-0.09557534110936741	0.2562350106550803	-0.025921293906032764	-0.4459453612557953	-0.02929746938051414	0.44809804508991824	-0.17375711560014107	-0.6565539468087367	0.15782829222666336	-0.03334370696964233	0.21629465988923832	-0.013255374578867645	0.1094253695732641	0.3586697524056243	0.18680039798934822	-0.20205581082311935	0.09337743442463271	0.20938156928934032
OSD-120__Atha_Col-0-PhyD_root_FLT_Alight_Rep2_GSM2493784_Day13	0.00847574058795908	0.03236967067537152	0.0893198613732825	-0.1286973155797762	0.10376194608927393	0.07468079018444633	0.003814161294315069	0.09762067865032396	-0.19636017560648222	0.1993214639707099	-0.036620112856085574	-0.0091909088092249	0.004006697312042564	-0.21861341629746067	-0.15083528551384864	0.4831067037981986	-0.15447729867416832	-0.5660322679407843	0.20448758678474213	-0.0297059932197985	0.22529640363096834	0.006025408730117046	-0.1250060673362198	0.3388696839940532	0.25835271299121937	0.023769338797955945	0.1447331229533809	0.14892881028463398
OSD-120__Atha_Col-0-PhyD_root_FLT_Alight_Rep3_GSM2493785_Day13	0.05455663409902345	0.28051879039798694	0.2866060596307194	-0.2009365617753609	0.0936151245701202	0.22065485704465473	0.20436227372605026	0.1459872649290785	-0.2513750859752465	0.19888036493020916	0.5819745067857995	-0.0032821980357312097	0.00728190428078855	0.24487883915302472	-0.018915363430779333	0.47171306894666915	-0.2573718762005437	-0.3675415771392112	0.14622614725001154	0.026585793647167635	0.20313251433660895	0.06295847187035385	0.0652124031145005	0.377016302287482	0.27164352149023996	0.07024407880181135	0.2038024147302894	0.24062784041780289
OSD-120__Atha_Col-0_root_FLT_dark_Rep1_GSM2493786_Day13	0.05126298608993513	-0.017738673327562404	0.28475239400089897	-0.09482457911761588	0.11438387847079637	0.22155736170572798	-0.01929101542349894	0.08822336800401369	-0.32682774207757725	0.07361407014025459	0.13506092076209553	0.1571299104500894	0.030481004662340147	-0.2760211812924262	-0.12085962495551339	0.4814782705345116	-0.2888699365340213	-0.5528199939710003	0.2771975057269584	0.034497668531096384	0.23904439460615864	-0.1304005436529065	0.17179756572585098	0.23299398969875448	0.14043566305916658	-0.24881427204264583	0.24298155731688229	0.1037505136254192
OSD-120__Atha_Col-0_root_FLT_dark_Rep2_GSM2493787_Day13	-0.2951946003668196	-0.06847273982125616	0.27288504232854466	-0.19827291848774284	-0.004940741853866741	-0.018346974595922008	-0.042179401909431286	0.1255545708159992	-0.17467229017505742	0.01836996700084991	-0.05519741084557009	0.27386794209240095	-0.12897348532094208	-0.593576483132255	-0.17946526789265205	0.40572735273458144	-0.2154884133043283	-0.8430644340360266	0.1624314445786495	-0.27687892735337666	0.15567668229579903	-0.16453128291573466	-0.11196207486476897	0.19736848334565352	-0.003801556797893218	-0.28385821244905424	0.23596342610419516	0.03908248413634623
OSD-120__Atha_Col-0_root_FLT_dark_Rep3_GSM2493788_Day13	0.057656820116574505	0.26126217714251654	0.28744220629644307	-0.21177035297101343	0.07740358061626895	-0.09650254745825212	0.1687390481027089	0.28657267198759173	-0.18021325808977998	0.11199817492667609	0.0014517811273573138	0.03843341292136546	-0.06949960407895171	0.15032697039635856	-0.011241242069764068	0.3198329858540983	-0.31584460281569426	-0.5137293081070523	0.22784083860451992	-0.19833402703958275	0.11743241602925668	0.018367598689804254	0.03488704875588075	0.37973722002408256	0.41491570248339665	-0.2671353550297546	0.14915978239988262	0.07157493868770148
OSD-120__Atha_Ws_root_FLT_dark_Rep1_GSM2493789_Day13	-0.2673652110863493	-0.023267657059580175	0.31913520114742483	-0.032259587423889485	-0.08649896578982985	-0.07869962292881126	-0.11531509476154328	0.06088298541882068	-0.17732551252690895	-0.03601268259997355	-0.19250698989802636	0.2220585517455785	-0.015769825912357	-0.42809180385672163	-0.23875434424012437	0.31121684439138664	-0.17303785524757448	-0.848795300129686	0.28215955516472935	-0.2283392095041381	0.15108076508210158	-0.08619590564528634	-0.017073464035689274	0.11285344506015117	-0.15581652070345198	-0.37238186670395823	0.4014146627011072	0.10394827391617437
OSD-120__Atha_Ws_root_FLT_dark_Rep2_GSM2493790_Day13	-0.19256760722241206	0.08501475036713556	0.36176234853138534	-0.08754614686418244	-0.009538253940906396	0.02888497414709061	-0.07742971190323449	0.14231298609694595	-0.3131741359230545	-0.02129556718565002	-0.32392554896864034	-0.13173330980563291	-0.04076496527739387	-0.5257756359823027	-0.2388656765394068	0.41774518271009714	-0.2552523715651133	-0.7886946778313162	0.096440184477282	-0.11202086983008817	0.09482156426470853	-0.20105554902503506	-0.10894706051345902	0.4069717236715157	0.002409734953418559	-0.47887909142484886	0.1335411119512271	0.11336019848149832
OSD-120__Atha_Ws_root_FLT_dark_Rep3_GSM2493791_Day13	-0.21507920286389148	0.08326768299279426	0.3363221578649216	-0.18613673312761353	0.1313296011950024	-0.012539206153091887	-0.030642639744934308	0.01559385050856022	-0.33611743101433733	-0.009920778062241063	-0.16859879195986402	-0.003408546657198777	0.09357447903906621	0.24610005686146172	-0.04451476982571041	0.3980385269612027	-0.13929633228809515	-0.6916227675779122	0.19083211964635408	0.053147949088319484	0.19694363019704206	-0.2626172149886759	-0.04968460727825494	0.5673478597851104	-0.060321078976732716	-0.13068286668351944	0.16437826432531022	0.12894404660721592
OSD-120__Atha_Col-0-PhyD_root_FLT_dark_Rep1_GSM2493792_Day13	0.03846459324182951	0.027147818537447712	0.33120823045257514	-0.14166347735793533	0.06687532183956328	0.09562679243344162	0.04689541301791894	0.15397593518497832	-0.058640371382805985	0.0775755235573924	0.33793205067959176	0.1187040777979055	-0.2267317668902291	-0.4715969336797079	0.027167890664759362	0.44522227918791757	-0.25478951936762884	-0.6911517236894495	0.08834369680685175	-0.11184130620084666	0.2371813232467044	-0.09481917151209741	0.07548131194257021	0.43975830918160247	0.24475892436865138	-0.12689324383470427	0.19658010731255704	0.16869129669792682
OSD-120__Atha_Col-0-PhyD_root_FLT_dark_Rep2_GSM2493793_Day13	0.06675752396885781	0.18877774949793633	0.08307164494477348	-0.3834958581279285	-0.14396662663457374	0.15425255820131412	-0.16962878874173873	-0.022461219906927822	-0.06280660863800722	0.05404746866225188	0.04495404985705906	0.16753327682831992	-0.16949455803423538	-0.10019101235379824	-0.09348412249927103	0.25886824880465653	-0.17953196677412706	-0.8259292416005001	0.1390622539001886	-0.42961635978749657	0.11432554539739119	-0.09751000180734279	-0.09992914293791368	0.22428622066259168	-0.07300786430851278	-0.12520934730815406	0.0385568078014626	-0.18424002358117017
OSD-120__Atha_Col-0-PhyD_root_FLT_dark_Rep3_GSM2493794_Day13	-0.25480541815534336	0.12438625992744262	0.03817447297103372	-0.486038987834023	-0.23747568185765394	0.01216880891803803	-0.4184692860251903	0.13987914028886317	-0.2891510205133049	0.10832700916750021	0.3317028464177423	0.5478384745016429	-0.17619499218975776	-0.5059369428351074	-0.07069295777344468	0.47146253612374384	-0.11167619810519962	-0.7865073786654114	0.07251681949977165	-0.2669161033151519	0.11942861341165233	0.2853374462816369	-0.2656437757017409	0.21564088533067036	0.11862031853215257	-0.2484511325101159	0.12174777783847478	-0.04237175458950402
OSD-120__Atha_Col-0_root_GC_Alight_Rep3_GSM2493761_Day13	0.39833200101149147	0.059830058505343404	0.5501663600987544	-0.050152321507573615	0.2071128367666751	0.2929593817130929	0.18830705874824594	0.06482851573335703	-0.0932286184843081	0.16512212746270352	-0.11898987248622055	0.2011579508229056	-0.23824818157816138	0.04682138892966732	-0.043097226604796764	0.3852316191802561	-0.14129633328939456	-0.3211003651911223	0.14691648301355445	-0.11059003828069955	0.19996661485961326	-0.02641331769509609	0.01803038234701356	0.2752403967626226	0.20979249044553044	-0.3493560512412056	0.17940401086424565	0.015338822483125574
OSD-217__Atha_Ws_root_GC_Rep1	0.36171075220726695	0.5013281690708397	1.1086794013378518	0.42755061639750036	0.6322111167056387	0.6213740398797539	0.839797857245779	0.7463279436891962	0.7860421825790095	0.6291361543610382	0.7720667083227702	0.5546560644028775	0.6549676936910712	0.7364196478286407	0.9553408083788468	0.7491654755437647	-0.4754492683940988	0.36320962566090675	1.0175353744242748	1.2305431128523696	0.9270410286910357	0.6688460100000323	0.8804313800776548	1.29295541871849	0.5633515261454755	0.7946621834066145	0.8878085259056293	0.5958400012107303
OSD-217__Atha_Ws_root_GC_Rep2	0.34468276981642426	0.4833547627813658	1.213550367374378	0.3851923868946739	0.6194579470789533	0.5984733192963858	0.8489301906971493	0.8491111498114619	0.7447563021468683	0.6293062505762512	0.8405475880775332	0.621891997875619	0.7435820369026059	1.0559830534299364	1.0700404624612927	0.7619927346166558	-0.47655536499431933	0.38423272005999864	1.0170266709772795	1.230182396518017	0.9387694863549503	0.6979420396594973	0.9480395843531388	1.3366228714671076	0.6424517767711881	0.7636294131153822	0.8415462224020155	0.6971198512942471
OSD-217__Atha_Ws_root_GC_Rep3	0.4178071051687729	0.48811352368649497	1.193440781372754	0.3556159692211469	0.6114835738522965	0.629068630665486	0.8600918033595742	0.8021867287293175	0.7291486312841908	0.6453801743253668	0.7553410715001043	0.673298601776493	0.6547855353330303	0.7109642779698779	0.9456166663896848	0.7552205286235126	-0.3669494196479334	0.43697523181526804	1.0038796899920244	1.2414450809686242	0.9513235050485798	0.6770948551687104	0.8687226846226115	1.2750583147852288	0.5762205443823537	0.8671679848455347	0.8841109013844707	0.6909326772681899
OSD-217__Atha_Ws_root_FLT_Rep1	0.13588984200736062	0.7158164504926087	1.1242591145951817	0.6462680205111248	0.4634497161973813	0.44745016381307157	0.4128373301533165	0.8432242281760678	0.7504741417119742	0.6831986491602715	0.4574631751973002	0.8628989491843924	1.4783102456208186	0.747389768830474	1.0503656178733185	0.7345327673487065	0.1744138526697549	1.5108972094899569	1.298802170574629	0.8671872994435957	1.0888037300036326	0.40491413748609534	0.7676747434810849	1.0122142966498913	0.8806927381285653	1.586110871406611	0.9737707498336312	0.5961888159136709
OSD-217__Atha_Ws_root_FLT_Rep2	0.32419516722790925	0.8493798310402569	1.1703738948142222	0.6941863603349492	0.48887274000730535	0.40166727461101226	0.413418751042969	0.9213590927337578	0.7186931568901542	0.6716021554131497	0.5950550092266519	0.9971587956142925	1.4532498720479297	1.0471955249126919	0.9961326212368443	0.7579042105400288	0.07437247236327459	1.4363932507326123	1.2228832194080372	0.7609149843538062	1.0318240335120936	0.40409047302182693	0.7657164279292328	0.969604819299624	0.8743013530811404	1.174788355762928	0.975287218139141	0.716541625333605
OSD-217__Atha_Ws_root_FLT_Rep3	0.364579177021278	0.7348369564137229	1.0793832139285755	0.8538771011290421	0.4624686240217314	0.425660217119855	0.5092672764977901	0.8132908006759068	0.8017279341003513	0.6713416849495609	0.4991024179493995	0.931006740235206	1.4319203530537563	0.6434026140414775	1.0834185312236206	0.7836469599085305	0.09716942519097832	1.4510499863535298	1.318456623237001	0.9106016261367159	1.0770757333783032	0.38761392307189363	0.6777017122826013	1.0105561392940936	0.8455983664573877	1.3051638460377335	0.9870024205539878	0.6063699098858072
OSD-217__Atha_Ws_leaf_GC_Rep1	0.38090822607738284	0.54377689543974	1.1384030062211155	0.4204121964060187	0.6648408051360691	0.675618537132881	0.870686974598211	0.8110699291513132	0.8283209759885708	0.6836090051513939	0.7884772190137511	0.6296217112087741	0.6593588317349601	0.8190822559525469	0.9415670358617972	0.7628185370398165	-0.4860832694979943	0.46624237169731875	1.0040976277050073	1.303036984322317	0.9554770709539676	0.7084807354602916	0.875066242920564	1.2941532577837533	0.6446161802656823	0.6632400763731872	0.8242189534869637	0.5017486625112171
OSD-217__Atha_Ws_leaf_GC_Rep2	0.37631440217810663	0.5556645270362298	1.0659946553575441	0.34420303472576097	0.6385412367390687	0.6564049296956084	0.7653095901991557	0.8234005985899409	0.6907225156043305	0.6382989434274243	0.7738646740222634	0.6932921162617104	0.622551600099995	0.96905124173431	0.8611127251997245	0.7557385751389177	-0.40493982442177745	0.5180832394517485	1.0099299046219357	1.2598997349005285	0.9557533392819513	0.7332350451798126	0.9166168552293255	1.285898723941093	0.6358230983406773	0.7647572889322689	0.8295326915324698	0.5414367354080221
OSD-217__Atha_Ws_leaf_GC_Rep3	0.3527858849018788	0.48703570690540254	1.1048940234880662	0.35417263282857403	0.5996805105855854	0.6273301845462995	0.8024660204272457	0.7740062342191935	0.7571339794454224	0.64475584209906	0.7627966340925002	0.6867781536846781	0.6800881765289891	0.8306458571670045	0.9554977658268179	0.7408077996249491	-0.5329383636331516	0.39009718374251956	0.9853438972015507	1.1416902527269401	0.9276329498593109	0.6795757676611173	0.7579058832405483	1.265950400443771	0.5921822032707316	0.7154576035086757	0.8522725766093056	0.6061569070115881
OSD-217__Atha_Ws_leaf_FLT_Rep1	0.17368267854700484	0.8395154171837984	1.046702262549361	0.6912697668290355	0.48783854016515926	0.585494257507224	0.4736709037320535	0.8462666064091964	0.7450547843757074	0.7059597757654915	0.4437328252355707	0.9039096060570492	1.4335155869424825	0.9246026668490693	1.077914817794101	0.7288314815182233	0.008536587872628778	1.448993083121473	1.3185419357877124	0.9364761115367769	1.1222257839416996	0.37746552045924625	0.6549344218149507	0.9565526822458992	0.9129166238481716	0.5626391700223816	0.9318826452187638	0.5574064528739341
OSD-217__Atha_Ws_leaf_FLT_Rep2	0.20034020314338	0.7178406530802018	1.035810755173016	0.6480045052513339	0.5009576032115708	0.5931205848763994	0.5001645418768625	0.8715350453696388	0.812743779177089	0.684270260428436	0.5136989138610084	0.907604353181548	1.4392711268374947	1.0616208465723864	1.0718622583264743	0.7641517090565467	0.10646478843758705	1.46874218973851	1.294614446174436	0.745788502012056	1.1191013943164994	0.5280685888178437	0.6544312418976805	0.9753341762661076	0.9539269738415522	0.6419067798389949	0.9680433231477139	0.6505191094637286
OSD-217__Atha_Ws_leaf_FLT_Rep3	0.19284812793908404	0.7081690371977172	1.053188263683268	0.5259778883069622	0.5386844936217275	0.4826723367838702	0.5778314835580787	0.8992078519611607	0.7990797056858391	0.6839494058776432	0.4691296654239201	0.9173044833702723	1.5097173696304744	1.226878029025276	1.2121609482854712	0.7787980775941649	0.08762332016723413	1.471003364215773	1.276745335432479	0.9767015435426597	1.1292846200259097	0.556132950279969	0.7293396993427083	1.0241889652283067	0.9898268160882897	0.5675974881987897	0.9599875152328591	0.6548161655626774
OSD-321__GSM4486031	0.05732100388555089	0.6220549855888711	0.34249677072025203	0.49992786778803594	0.3758557057314615	0.38258849548051727	0.4861808094682948	0.473588429922598	0.3226150566126203	0.4702236121647951	0.2160092429510051	0.37394898478594535	0.40796395722249623	0.5646121090645788	0.38622368195600737	0.4907444413773986	0.66401060145936	0.6032906865125703	0.5076669444513928	0.2889975092108743	0.6080000017144976	0.35986601787839706	0.5425950097062382	0.6570321160371422	0.5672978134768433	0.7424827535256204	0.6631739486277032	0.3103567377931666
OSD-321__GSM4486032	0.03494139230734227	0.5678079156632166	0.5670797707673038	0.4187187823800813	0.3941836373994628	0.3704880197331693	0.43442664779869694	0.5572860085672826	0.3322769393747662	0.4569504498043896	0.09133490110201087	0.40338834213108066	0.5018820272162027	0.5760438529647287	0.31353103723816034	0.469399567992185	0.9136814546490092	0.7527771410057433	0.5320877709696815	0.3313082877072126	0.6456330362782509	0.3948594671147183	0.5722334025446635	0.6509954682547355	0.6595456109980823	0.7047391248346799	0.642868534860015	0.31378899708769914
OSD-321__GSM4486033	0.1214697903344717	0.6278952252587942	0.4663420124176622	0.4441552747538497	0.40581713684527587	0.3572637048680789	0.41417647739395647	0.5232124434662461	0.2696662544554048	0.5868254123782735	0.30453453412071135	0.5103721320512382	0.49487963257141204	0.5877760693906522	0.46738565772701546	0.4959177041442251	0.8343035892059855	0.7261121983851387	0.5155388360148755	0.3674829781964503	0.6332770642394632	0.3885379780353287	0.5062153179043799	0.6484565559501481	0.6659029034188724	0.7657550512971738	0.6580345295822186	0.29138615025148196
OSD-321__GSM4486034	0.09029315923461273	0.701828856031219	0.31920563739678615	0.518068296335742	0.42525673493793825	0.43145899881474725	0.5746019330933216	0.5495717446721372	0.40369056430214634	0.5465035870040396	0.2822710561455212	0.4036728260689731	0.5074937443906212	0.6311483608028596	0.45088827684915134	0.4894203208862552	0.9203327516028295	0.7201212518370985	0.545094520214367	0.35962280194032625	0.6296117104545288	0.4553774401858259	0.5138286833605623	0.6306282140750878	0.6625999440840393	0.9130798331259057	0.6768234260071272	0.29765310631532466
OSD-321__GSM4486035	-0.07514070275262906	0.4621638075343389	0.12328719733226852	-0.09657223887951037	0.40742399991420936	0.2616297715190727	0.1937015287005972	0.28194369285104365	0.22615371524907296	0.5552875133278818	-0.17877748868039145	0.3252514643584252	0.3753880239154125	0.3974315187888916	0.3772771124909892	0.5537437547864236	0.5397973204642177	0.31377901993860086	0.2616403701654229	0.3008012251899715	0.5172135068165641	0.4316389014467802	0.2757438383737058	0.4985425478898001	0.5152868379314409	0.8702744513149427	0.6266116264774992	0.1878573935821229
OSD-321__GSM4486036	-0.12306597854469366	0.5045644565083643	0.2616270011540693	-0.24380706546977127	0.35183469704843723	0.2232967910002421	0.16827567767271817	0.2699532755208318	0.2880148906374071	0.6217143526499478	-0.10508105582975504	0.17472921409752956	0.2453826743942175	0.5044656382106187	0.3746797617035751	0.5646856780473767	0.6053733942478892	0.3737157553353154	0.1830263736316931	0.21207387604007197	0.5328607197594957	0.5742654453503336	0.22188245326198058	0.43567949155137575	0.48580701612377236	0.8954784393792254	0.5012363781936112	0.31769467454672
OSD-321__GSM4486037	0.030994881511493388	0.5156259577562557	0.1637406079891053	-0.08016684540283545	0.4827556770770388	0.3507397029815863	0.10619743405438539	0.4095331612006718	0.22253572100802693	0.5870045968674321	0.027653637190072102	0.25103305599733905	0.3262949670902097	0.6452584989312186	0.33599484121492856	0.5198925064873177	0.40800947707130075	0.3776484288290406	0.18859651931337534	0.24422663147630025	0.5420399288919948	0.4316928380067234	0.2836208098478689	0.5754218745733297	0.6345039610435194	0.9341791137661666	0.4525231336314877	0.2742358075768264
OSD-321__GSM4486038	-0.07547609843733653	0.5228470164015296	0.1637851859735149	-0.11655305778493467	0.4109186280003177	0.28219303770859544	0.19046770634215726	0.45268235147529173	0.27871559324427886	0.6308063023578413	-0.10285362237663025	0.3216958587300055	0.23882600323258463	0.6718278516980849	0.4839343070669208	0.5508435256142545	0.544547224461058	0.39367256879093016	0.3285459848044948	0.2825546753421702	0.556299101815858	0.467807941643307	0.2570787119135917	0.5635836418791664	0.579303318963053	0.9262642792440166	0.6051616948486213	0.20672311387788195
OSD-321__GSM4486039	0.19378000662781267	0.572451009641068	0.42971074790803393	0.5230028612182896	0.37875848880700497	0.4476978598404942	0.43502243115689854	0.43342299889112196	0.2517117316729451	0.4988974509372631	0.09566570822553472	0.5087527376270834	0.40109778478893127	0.5873993988138554	0.4640684095498773	0.4788790274674303	0.5722624073738867	0.6074677939756106	0.5726479982004494	0.2905181891472939	0.6427108151980125	0.47843415801316036	0.5325795595526974	0.6356128264704316	0.5959353623101835	0.8764632465103425	0.6721026913612144	0.2944861026589379
OSD-321__GSM4486040	0.13236015247477326	0.664845770405301	0.6319201983572299	0.5289177411118504	0.38450441539358743	0.41624497653741777	0.4862136925201402	0.5667080143569444	0.3914190357728358	0.5023927888803112	0.2759672629901098	0.4544980118040763	0.49625572320876543	0.5635336689462287	0.37355261555736763	0.4699106141061634	0.7264550630656459	0.6607721929933925	0.5840368094309325	0.3790608134374645	0.6325502635436784	0.36574391335656264	0.5186106056866046	0.6650755803633112	0.5907904438222873	0.639580162405582	0.6411214473740986	0.28892739639387144
OSD-321__GSM4486041	0.2596360519473722	0.6853293917700899	0.38563400743390075	0.5314218841240792	0.3911469051823695	0.31339867534555926	0.4699813132053446	0.4386006559482925	0.4283312169053626	0.5376679563094098	0.15147810824820013	0.5135097533831134	0.47858665067607864	0.6194012512129232	0.40910463224062676	0.47403260805168645	0.8051542470840519	0.7076596905155443	0.6206014860808374	0.3198709401085314	0.6285547449922172	0.5371631158094381	0.522104363821836	0.6720477619597829	0.6196402148646846	0.7351462755290759	0.6942823628653895	0.3016027785954273
OSD-321__GSM4486042	0.12913370638220542	0.6598375359441221	0.35786691894027606	0.5379350446158548	0.38759202402078713	0.402263447398303	0.49570220167187673	0.5455150487753057	0.3623806592733927	0.5032372194900773	0.23540165667491772	0.43716467186917063	0.4169296417633074	0.5501462722577141	0.49641621196676494	0.46821086675699647	0.9049699064652429	0.6687827039659457	0.5438937030346771	0.3183919470341494	0.6386835472453958	0.37509266512401507	0.5570869461209854	0.6646523919147241	0.5769726897469006	0.8110016850496022	0.6872353812605879	0.2865914648440306
OSD-321__GSM4486043	0.05261017404289558	0.6245987512350076	0.1781471793892	0.04494428366438612	0.39756806676988365	0.30412308342012173	0.31235438125507853	0.3927282558700586	0.3468050446517901	0.5720520196521046	0.05583191600238767	0.273127994565029	0.3318065401526054	0.699696174656504	0.43477194031251254	0.5665610540198107	0.38785180231616573	0.35351530510693663	0.3180892473470283	0.22856209035140065	0.5743450394292752	0.4595035482607161	0.29933473274176775	0.580059212112565	0.588870717270189	0.8991863643643925	0.5546927982052288	0.21501659329497724
OSD-321__GSM4486044	0.08851519523144309	0.4704001670858441	0.04884726563430738	-0.08255423820116314	0.36875384658091875	0.27022584147339973	0.2335865845471739	0.407077334996211	0.2687661591735918	0.6466445976335343	-0.18880780290280028	0.36461081021109515	0.17075871665122672	0.5349902305593587	0.30497648445046965	0.5553848242136408	0.6229882860682853	0.39909615588631875	0.2191545352419333	0.15354592635573472	0.59138830924702	0.4647116567488996	0.20527763652780778	0.4888808704003354	0.5402624823980143	0.9340913304802614	0.4925214552181288	0.18157341070150607
OSD-321__GSM4486045	0.020905058637554968	0.5950642805037516	0.2664559703054546	0.2173382019803548	0.44479427031524826	0.4441354875366744	0.1935626922545548	0.44583851698251875	0.38693453294839364	0.6422907206835633	-0.06572072152764322	0.2903580173191088	0.3207267317464635	0.7000803172367094	0.4334234403911537	0.5900795048290337	0.48058470461100267	0.325701153735749	0.3335128891261868	0.23098064112448757	0.5306466263323585	0.4428931893728802	0.34506444357753613	0.6338487630514456	0.6112905370343253	0.893450122776393	0.5776104918589472	0.34666019156706446
OSD-321__GSM4486046	-0.012603499821172629	0.6200291104106933	0.284314168259209	-0.050042695139457666	0.4658642349384609	0.35503008119547985	0.22513777188495887	0.28701089124299145	0.2799873441678027	0.5988356578109609	-0.005897710897267335	0.3604562420297582	0.30853400899695693	0.7225791289316646	0.36117706215812845	0.5627199121943252	0.7513862158184886	0.33248653584542165	0.3172706938113005	0.3067475634821563	0.5248618007837117	0.4849075419247339	0.2766396800384447	0.5981385820471389	0.6081427555498373	0.9520166847139828	0.6172369217379496	0.1787570559851008
OSD-321__GSM4486047	0.1117743191771049	0.6588282125587264	0.38518795937931455	0.5943025929897978	0.38008975998159206	0.4604099191085538	0.4439300179644159	0.4935563477244129	0.38439080245937873	0.4684045129741267	0.18707946565751937	0.46778437852914134	0.47832873756792815	0.6554132210639017	0.4880216084205245	0.46139661571328605	0.8583004534129589	0.6396693326481272	0.570598616490805	0.24053917549106824	0.6043750628509174	0.3951197126501957	0.5288374655163603	0.6564403578333886	0.5857605862013229	0.7652242263278177	0.712579223030296	0.30078752399211545
OSD-321__GSM4486048	0.21820551150139764	0.642910314733843	0.543431558482214	0.5553783430735684	0.39555016327028397	0.35698063194776053	0.44486018326517907	0.43241315192854174	0.3065514101655279	0.5580242910633738	0.20010696962453955	0.5176489064957572	0.41016380136274877	0.5513539170287094	0.4175613137382906	0.4781995429687632	0.5656444597248684	0.6084416106547793	0.5208238044194371	0.26720880609419173	0.6058353384930758	0.43653981869833886	0.5375361452973001	0.6281837481947947	0.6047479737594479	0.7149128438253671	0.6584964734721521	0.3864929937689353
OSD-321__GSM4486049	0.1477369646687998	0.6595806167535768	0.5553404819635889	0.471597761211636	0.39165163449369844	0.4086151474103763	0.45590028894897394	0.5109317594055761	0.22480649226870963	0.5064559568133931	0.15450892520380557	0.4721561133095833	0.4886368675376919	0.5829915059393895	0.4527359734023059	0.46528391771355077	0.6349795291996296	0.764281472395493	0.5190857885013948	0.33099674616591535	0.6158681329744178	0.4799536211558298	0.5200464157492211	0.6678959800208635	0.6004807285017639	0.6681444111779185	0.6626545601520379	0.3754041294655607
OSD-321__GSM4486050	0.16113081910218707	0.641005822653681	0.4359871540706451	0.5666271980878828	0.40744178402566905	0.4057237961834796	0.3754887271115138	0.5414927753108957	0.3038849110830797	0.5160644077737297	0.1845412406830445	0.44554607829741116	0.5114475664354711	0.6891725832684484	0.4551605578335281	0.4864987641881931	0.8708225481978474	0.6087815289525077	0.554173195712796	0.3217711454458891	0.690780386504008	0.47539798623140594	0.5419652188885238	0.674200559847248	0.6284873644076813	0.734010275228441	0.6381057177699447	0.29985699238304575
OSD-321__GSM4486051	0.04333338782719417	0.6862741060532923	0.5156659802493336	0.579476931906834	0.3606397421378822	0.4022484120891813	0.41188497755409975	0.5093090729473504	0.5281641502429442	0.5331556544948517	0.1949817698821507	0.4045714889604728	0.39928170408736635	0.5488427376455067	0.43575749366476196	0.5034686304965725	0.8667883856298993	0.6757604519282366	0.5686745647153153	0.32544222664543754	0.6154755721936532	0.5552009638180855	0.5554809499133797	0.6523378296377561	0.5973824280067875	0.7903859387053038	0.6584907405310924	0.353176274115365
OSD-321__GSM4486052	0.011236969615588453	0.5693671280673526	0.24620153845285236	0.07558897346930663	0.443384621585691	0.42124744957458365	0.34668348116555425	0.5148909106726328	0.3960247659200329	0.6196649352742947	-0.11901548510260465	0.22544386263430216	0.3135180761311557	0.7098429831615203	0.4954455957128241	0.5630715972779675	0.5290682732216582	0.3908833499860561	0.37487453221404693	0.28744779393345354	0.5895755534465853	0.4896683621373333	0.3002793567644249	0.5527892694643145	0.566930430360905	0.9414568404720479	0.5771549575318861	0.3126431581385771
OSD-321__GSM4486053	0.011772194752984855	0.4844990840872709	0.16190058884339087	-0.02799849914335147	0.41149866422760456	0.3063318455413363	0.35150371952165027	0.4436203038231369	0.2929886184946055	0.5758925280932701	-0.0921165829557699	0.20973074922646107	0.278833460422586	0.5411164315210095	0.22268253805463906	0.5335428552407815	0.4160476280133726	0.3936664183165424	0.30454426991852385	0.27998190927216066	0.5486456800256025	0.45891471067263856	0.3045917555482065	0.5868312147112918	0.5601211729153348	0.871677644968167	0.5755061784911157	0.20806214054047462
OSD-321__GSM4486054	-0.004867480852329755	0.4885995281029383	0.100542053541868	-0.0738984715482151	0.3901347512326752	0.33194878484543344	0.24124239265121572	0.34089165040453323	0.4062090121711965	0.6286720649829032	0.01592394902461712	0.4192889232238596	0.2711471182603308	0.6232992316136332	0.4334067700093462	0.5333303908067187	0.5978548589911014	0.4730088470381639	0.31330328824826525	0.23767429340127763	0.5753040696408542	0.5945807971800504	0.3496005960605059	0.5285777542001999	0.6031632773230222	0.9892580225661403	0.4732612360295597	0.19429173846863632
OSD-321__GSM4486055	-0.045738750723128586	0.5367177948190234	0.23254023186315834	0.08207025123744897	0.38849284372826237	0.31825945616205764	0.35669222265140044	0.4285927111359509	0.3262630496151525	0.5598647023094002	-0.1119095410729713	0.11928263845060985	0.2747357214418162	0.7709921149551414	0.4558358794821496	0.5168259432021756	0.41791504989137895	0.4638965370639209	0.2836601573152309	0.3220674917242522	0.5365087573131684	0.4445701111360029	0.24420659119975371	0.5317971389252955	0.5874721933416505	0.9439017458378993	0.5220751554788161	0.24367980108163345
OSD-321__GSM4486056	0.0573126005465513	0.6518134342604885	0.2109115468703024	-0.07972662542692059	0.44304637923038215	0.4163991207457389	0.170499757752021	0.34214187547330466	0.189349813962288	0.589226327656064	-0.03695016219294291	0.2539468417889721	0.274711855988749	0.6579603178004068	0.329749634033761	0.5462649527578417	0.5334673632595461	0.34073327867400566	0.42651022762739743	0.23470841493829608	0.5342586841344373	0.4480661429602039	0.22094812811823367	0.5884264935000645	0.6145170522508835	0.9074842266207858	0.5685947268391857	0.20851718098578478
OSD-321__GSM4486057	0.14501864649025592	0.6481951249621457	0.6289046298017557	0.5480453474401527	0.3772357096373256	0.3481698613522602	0.5244289082616338	0.47058898015584916	0.404140336360138	0.5246785217247589	0.14721968670889213	0.38988725452564466	0.427285962491253	0.5644719011978623	0.4017515176031377	0.4696275374310766	0.5277538179201542	0.644799331864279	0.4974662424761376	0.297787653287875	0.6478860022641045	0.4063223299646351	0.5485734140425044	0.6187756622668478	0.6578877119494263	0.7139374153659064	0.6414599041682616	0.401257163587258
OSD-321__GSM4486058	0.16167769674806984	0.6568203420887494	0.49297019749312115	0.6126660298221092	0.38037762268349135	0.3435359978765594	0.5717802823056339	0.543240687528455	0.3060280528969716	0.47397934428592153	0.16241699941882853	0.3729281848964162	0.4390258309553483	0.5414398478829349	0.3840234072937418	0.48383797285699504	0.7656727437940725	0.708818997164491	0.4910182577959488	0.38553688646880474	0.6273581224819829	0.4241365854149083	0.5306204137470346	0.6573748696757797	0.5507637947998123	0.6731053323056913	0.6412515705375287	0.3787906384088136
OSD-321__GSM4486059	0.12854638176070426	0.6590426908049869	0.39470824717691205	0.5343627679501617	0.4274809672629501	0.47611293627850654	0.4785141997505514	0.5060713399434553	0.4037369086300651	0.49835932005443434	0.18403980149417232	0.5132469936147523	0.5472786636685559	0.5840045034405815	0.4210143093295107	0.4506310319337137	0.7168523311513464	0.6980451636510256	0.5113839506130302	0.4067872915896965	0.6232043947571676	0.4374482717637371	0.49359910403633994	0.6245207373180581	0.5934308803272854	0.6552451534654172	0.6666377240701983	0.2846997658804266
OSD-321__GSM4486060	0.08975146710596742	0.6848900761784218	0.41640516512119774	0.545092186766878	0.3919816606685247	0.44994054021167423	0.4695118528126688	0.5459822130946488	0.4872795062302857	0.5329704857556468	0.19765973247432506	0.4890604019971301	0.4088153806685984	0.5825284590011142	0.43589140080073635	0.48734984469623643	0.949690069343572	0.6530448207693607	0.5402735816077042	0.25481218977956394	0.6198624371358846	0.37431283394860543	0.4983462675511195	0.6397456528803501	0.6244423481086514	0.8385463064104011	0.6734103899194336	0.30029819060099416
OSD-321__GSM4486061	0.049365148622732315	0.4961203149555526	0.2588753752053195	-0.06683567393676995	0.4175077552687541	0.27586169203914596	0.4161123442188476	0.3695060142575121	0.7267178808211798	0.568428871129374	-0.04725379966764806	0.4809656887766313	0.3015791277823649	0.8844337801877317	0.4791103641439683	0.5522368528710545	0.501751095210182	0.34842370205381645	0.18272449206489544	0.43068047708779295	0.5056603376430213	0.44746797177688574	0.25374162610434325	0.6479282834904176	0.6232262263565048	0.8750133887448259	0.5699150209327021	0.24614917209397383
OSD-321__GSM4486062	-0.0906742185252598	0.5570269124701702	0.1779522052547147	-0.2182787841848723	0.3674043344758155	0.31000545212639313	0.17894999431329867	0.482700963897742	0.21359282326226614	0.5745208725351141	-0.1611278978801304	0.24118637579255311	0.3506245770535833	0.6706326726359484	0.42665544473293016	0.5051272239947051	0.7451148443923294	0.35504771429454096	0.27867994875600594	0.2870149212273021	0.5425767675047427	0.4427141573401302	0.28192186187216783	0.5748827100952408	0.4894715011618133	0.9669730982408113	0.5497395983744079	0.18005167857909563
OSD-321__GSM4486063	0.024161968378312085	0.4368629723124625	0.0654710663090758	-0.16679851739507034	0.45185678166229776	0.3173599162074269	0.3762681660956053	0.45094259861601715	0.5164050584857183	0.6301250354567586	-0.004449808249635904	0.35683860592027833	0.2731344228550188	0.8239300047643733	0.28416699215635693	0.5659392394537806	0.41351887846335506	0.29415657907119347	0.21360821417327908	0.28296207510939975	0.5318578344882827	0.4200003716442145	0.23034207277498897	0.5334955666234685	0.6371866929002973	0.9943571287628583	0.5328366400478074	0.21706243766057542
OSD-321__GSM4486064	0.04275953833382873	0.5345624108477406	0.3053867227711969	0.0402264332141265	0.3883930211052853	0.39842348297971003	0.3248231236866285	0.47971514168937013	0.6689505984076173	0.6222726783885615	0.01120500057869901	0.3399567955807431	0.36047227208077315	0.8166026949439248	0.41915616110401255	0.5638011250393313	0.507522070687362	0.36799247449848194	0.35978475545066174	0.3061556749236742	0.6350994299457385	0.4930778898325742	0.24816558486191553	0.5817022506704788	0.6744158629605127	0.9596106556174955	0.44127052381545423	0.305197038006268
OSD-321__GSM4486065	0.1001164061708741	0.6285925499401974	0.4612651863621515	0.5513808066582588	0.4271716659423979	0.4217607415877706	0.3624830693251918	0.5532677665764053	0.3096669407229105	0.5085550948595814	0.07480174162316239	0.41010989159212347	0.490363191459636	0.621946275825412	0.45722926191621943	0.48201786137525776	0.7672540424194266	0.7216112611666877	0.4991575004452888	0.2670289993819945	0.675173121488084	0.3739911126702699	0.5486038202764159	0.6953674174375357	0.6167146563885769	0.7397152519615366	0.724379630506501	0.29433373015272063
OSD-321__GSM4486066	0.14283950746239585	0.6166282333930666	0.5724510128876489	0.5710971144408883	0.36005990975417485	0.37392176804424504	0.4686448054909755	0.4532759941399132	0.20091057979958232	0.45413169866461245	0.07296148275255622	0.39477648381149244	0.3895548160916743	0.5479668803355024	0.44436347359987954	0.49142577112069386	0.7331692268568687	0.6230445819399089	0.4816554059612158	0.3548390610302962	0.6407622506628352	0.4092439386089398	0.5095369927610629	0.6761961078960685	0.569897763628632	0.7174681471937979	0.7329497261248373	0.39892438328517615
OSD-321__GSM4486067	0.06293590874987351	0.5755682650618378	0.3953909367583225	0.48705334275807144	0.3567208425209546	0.4491217077169137	0.49112001869775923	0.5056543315920976	0.27928719222030546	0.5307299550635534	0.17909736732590323	0.4441375655019326	0.41213955636778854	0.5828915807546147	0.3784183714428268	0.488689759037254	0.8842367006479404	0.7082493570553231	0.49007900215755174	0.367661743770414	0.6331819757574583	0.37588757542862794	0.5370953727287726	0.6699622637172158	0.6075139977457658	0.7646383183658007	0.6744590740689276	0.3487315170911156
OSD-321__GSM4486068	0.13465407048582492	0.7233341269290264	0.31689728446417265	0.5523110127263614	0.430800623125618	0.3906167556366453	0.45226913762055854	0.5172757251694265	0.2653785433326954	0.5243899923367745	0.29894380711746027	0.3999294929269674	0.4842721520901479	0.607149380724312	0.44965658186849866	0.47289679625758374	0.8023589574745078	0.7029819272511839	0.540353777124393	0.41190332227257165	0.6406331613167607	0.3897916723233048	0.5472419137556985	0.662740514884511	0.6463734202668289	0.7522868982724951	0.703974950822299	0.2706612880486795
OSD-321__GSM4486069	0.048925455631627236	0.5873543282935161	0.343768280845736	0.5578626158944567	0.392465843332843	0.3798523667346018	0.546560718955732	0.5172587112944378	0.05423953361702011	0.5068472547719257	0.14655718754940855	0.411279919499009	0.4647855880251997	0.5624584901914503	0.3271077726392544	0.4343605820786433	0.905719622008402	0.6510187949701194	0.49773349208198564	0.30506162174666157	0.6397351435495662	0.48223667262743625	0.5716761364285109	0.609787920349009	0.6341491920136959	0.7299986897284209	0.7150428709336824	0.28609804137617934
OSD-321__GSM4486070	0.06029134361207294	0.5857142416944152	0.21806721673762466	-0.1352951797632205	0.42936988551391053	0.40938060676799315	0.22630825768827315	0.3541111438260438	0.5778535505736854	0.6716583386667845	-0.0035352253490230448	0.1888195162821309	0.3458681326999003	0.7848717156476492	0.36417684470476475	0.5586667630554703	0.3423442868217073	0.3393868435923054	0.29246618973205213	0.30871337677924593	0.715817758155824	0.41457450765852494	0.31130534083653394	0.6281168573618149	0.6121392798552279	1.0572927148562599	0.6530324612653303	0.19489028579477546
OSD-321__GSM4486071	-0.09382424961908846	0.4289250979635525	0.06681417966615438	-0.2772707999184053	0.4210694132928024	0.2924829155432913	0.42290719361596885	0.38028773717946524	0.7020616619707587	0.6934818813004204	-0.07275062836024243	0.4582352950290471	0.2452354200815068	0.8322023377564997	0.3488976131819173	0.5620953362017505	0.565671146473205	0.33481434344180566	0.3212347379082851	0.2878725609464785	0.5458245648916855	0.6743551310441871	0.2874040310453784	0.527634128276009	0.5492103818368776	1.0506044180149647	0.5231388326108252	0.21954856879271603
OSD-321__GSM4486072	-0.024266945157404796	0.5554565657388966	0.1798437504090613	-0.07629464674941294	0.4448582199056029	0.42097567200787667	0.22955652968575493	0.4679436405379077	0.47316461424613415	0.6320127274173253	-0.08571994305006488	0.26348375709222527	0.3062197506805202	0.6481728259694794	0.4494608257020623	0.541672193644028	0.5260520171772346	0.4282115494007804	0.3278858270048947	0.27186120386679424	0.5430638738734885	0.40078898707087734	0.28697930744235284	0.6273410127134418	0.5804679782610435	0.966534363744681	0.718638101152851	0.24645050439472388
OSD-321__GSM4486073	0.0302048205445765	0.5755768852500741	0.10305240549050633	-0.25219413452886913	0.4496009976812438	0.35459709842868253	0.29438625054851175	0.4066995578595072	0.8193334003038186	0.5922909570475761	-0.02632630689951982	0.11846976209129284	0.2393011157428517	0.7547272198589631	0.3297614837850076	0.5550493018035796	0.3561102757675378	0.32917644799337975	0.20803175732212945	0.3240189254948176	0.5156467199483576	0.38276874049172604	0.26191888878801317	0.6217348028091689	0.6528940556497509	0.9087658541758267	0.5852026485855348	0.18645878891066464
OSD-321__GSM4486074	-0.012640952145673975	0.5009329254590807	0.05741736118748554	-0.30172069937068957	0.38533547445080485	0.31808748255951164	0.21059155234242385	0.43448502647538156	0.41621137592948787	0.6143560290919097	-0.16301832147694745	0.1448133616398204	0.23454168974031267	0.8217352845277766	0.4074384948192218	0.5253609082088541	0.482990748924877	0.5150981707930928	0.3240011967113009	0.35210470133250965	0.5219099127946848	0.3991224498892638	0.23283966574330356	0.7228419957403545	0.6678720539902053	0.9878701499298028	0.596437127841081	0.18177317198674028
OSD-314__21H5_WT_RED_Col0_1g_Rep1	0.3049021397760314	0.6266538915237588	0.7610599839149773	0.6336249324608428	0.3938806409042332	0.6649874432119334	0.8175673793560262	0.733467002407705	0.6467947235265674	0.7551209764229649	0.5459006728963012	0.7391658868842563	0.8814147684945466	0.5927374197463647	0.925842809823891	0.6505570646565151	0.17930980908926486	0.8889587753387487	0.9231971241242588	0.2986787770762725	0.8348613145767223	0.645320139856182	0.7888248771098106	0.8642792327051914	0.6794229553515262	0.4709773285612672	0.7277335023347847	0.4252172399125832
OSD-314__22A6_WT_RED_Col0_1g_Rep2	0.36269921183388903	0.6093707308173241	0.9430831862980726	0.5648985909441753	0.45640190837423983	0.6430103968286558	0.8053621607466923	0.7172056849063871	0.6692366284564593	0.7522911042438057	0.563142426664594	0.7704833939902022	0.9955973672264254	0.5388181973461754	1.1776702210067045	0.6538689615936645	0.14915765127707506	1.0086228404597828	1.0377620991436696	0.3145688473864921	0.8801921420631466	0.7156327119981054	0.891607171235364	0.9258507397277971	0.6166972820523802	0.49197628198879007	0.8162919258996982	0.5250695890141597
OSD-314__23B6_WT_RED_Col0_1g_Rep3	0.3480903217282328	0.6215528892100227	0.8648248775382718	0.5270379298597798	0.43599914837359	0.639750495774017	0.754319070211039	0.740253180174992	0.73793028252352	0.7445156860824682	0.5818975821454248	0.785400381844497	0.9929580139045626	0.6130609855525919	1.1822506306995282	0.6633477089501382	0.06108195618346969	0.979552335323906	1.034973259725358	0.3410331630719737	0.8664163979525561	0.5819344755732698	0.8464545756771621	0.8811375723067729	0.6263282621197548	0.46504846540124045	0.7849535814228089	0.3945881975610277
OSD-314__30H7_WT_DARK_Col0_1g_Rep1	0.20825097755494734	0.7437293700486128	0.5392484579152004	0.3828898347578772	0.5028367600468445	0.6674663740918388	0.6920658478421154	0.6292844482746227	0.5394747410133688	0.8767674694994807	0.35026085596794015	0.8478903691071428	0.9029325978590796	0.8146211115869033	0.7203220185495577	0.7142068348618935	0.09196832495590418	0.5307073120619993	0.8925735241140957	0.31934880880748584	0.7395671892080878	0.6036498300360512	0.772564583041092	0.5449632148080351	0.6959356670669947	1.0811054153930408	0.6003260549707338	0.3916579561849718
OSD-314__31A8_WT_DARK_Col0_1g_Rep2	0.3279652543612041	0.6948600263137347	0.4928609679840119	0.6201320985181833	0.42138566480260636	0.6377418338711103	0.6577395100129402	0.6183208535902822	0.8255292398124827	0.8487724477516021	0.4508845031362381	0.945968313082489	0.7952474099432059	0.5998205679226731	0.8754098554722045	0.6865765366903224	0.033464831753105044	0.517600601435769	0.7929068354986474	0.33809416559686034	0.7672236081089189	0.5727043898988953	0.8328022954505707	0.6281580719671399	0.6514584688352397	0.9586762463162637	0.6486312529362004	0.4323530722952814
OSD-314__32B8_WT_DARK_Col0_1g_Rep3	0.22248540035471623	0.7225920853281477	0.6037662329184211	0.5116748490191811	0.4668532619586836	0.6381953091804952	0.7499483963053766	0.6215759875771788	0.7147508773474407	0.8423269003890659	0.43153102612192284	0.9365554587158825	0.8484703756089903	0.680526011498482	0.8305499392474013	0.6988319684143196	-0.013135628423324443	0.488100022640502	0.8231119382742487	0.2465698855651091	0.7636264305791706	0.598722623586997	0.8730837187071718	0.6145940801543186	0.7202267687987182	0.9423840623923314	0.6960502779773824	0.512496551849636
OSD-314__05G4_WT_RED_Col0_03g_Rep1	0.6095118910176789	0.6634106794821188	0.6375907906895503	0.7408151892982703	0.5165534873724169	0.583715071154864	0.8568088766033435	1.017936283979168	0.8044710353164383	0.7808449609861738	0.6003887620802182	0.8325175485897562	0.7830709110189366	0.7851990563477883	0.7367427410242452	0.700952699259767	-0.0011323370759984497	0.770843627049504	1.0170283992909483	0.518783664486161	0.8387107289059803	0.5397485758978691	0.7366527440208119	0.8447526270514477	0.80401676095602	0.5048932698097046	0.7143920908718049	0.5132496538153845
OSD-314__06H4_WT_RED_Col0_03g_Rep2	0.6511072078276962	0.6834253105415113	0.7045717020768972	0.8276463307140642	0.4895981234139918	0.6146307569640163	0.7340738041758088	0.9761976196177866	0.7896737192755678	0.7931444474063646	0.6197345578831592	0.8172209601063111	0.8189143775730988	0.752881797740228	0.7731637596973673	0.684631144774696	0.18736296495469956	0.8707121260617168	1.0739556005741344	0.37319254601244156	0.8462859246489413	0.5163537494769482	0.7633700126282629	0.8589501091961433	0.8059142821309355	0.5035277333259038	0.6855380076877928	0.5496078593872074
OSD-314__07A5_WT_RED_Col0_03g_Rep3	0.5559021047686384	0.5596024434819504	0.5460842610535208	0.7863013247978474	0.6070379330258504	0.5831116633362817	0.8008615673992414	1.0383210054002907	0.9573458564385772	0.7675372521970751	0.735112399862793	0.9171006302295509	0.9196658303105968	0.8727820261693753	0.8141212986289386	0.6748999329540062	-0.12408605500611147	0.7992736817894001	1.114285238544744	0.4770671470710372	0.8765661020617809	0.5413609784970632	0.7985571965786528	0.9911018067771021	0.8158612541917732	0.5526442531488716	0.762018431111697	0.5509249205820568
OSD-314__13I4_WT_DARK_Col0_03g_Rep1	0.4494627632737597	0.6761978492080084	0.3799957019983671	0.5844411619888237	0.5378221916569548	0.6216168264384273	0.7112481188680136	0.907283082828314	0.7508201607613086	0.8456673667150854	0.4723219843532616	0.8576497983262229	0.7481138593916642	0.8471728231977593	0.4901597299450169	0.7373054098149627	-0.019382429924497454	0.4393228330762135	0.886956587365926	0.37893013337737486	0.7471276996755847	0.5759218747390332	0.6305960060585493	0.5524552949864237	0.8530361772459247	0.6264009396363734	0.6317773010711643	0.4963550647634144
OSD-314__14J4_WT_DARK_Col0_03g_Rep2	0.3404690923898061	0.7279460757020064	0.40530686590914794	0.7939375167773092	0.4494932354308486	0.6517717383187656	0.7262422166364084	0.9444568102725077	0.8194779746935774	0.8550831620228639	0.40308875777387354	0.8718310168036353	0.6686249506173367	0.86099567081464	0.6225476305539845	0.7266082995423454	0.12595229675214722	0.47846956156224263	0.8305851323536143	0.30669888724949823	0.7302755111590732	0.5759062536992376	0.675061566884835	0.5358505799431913	0.796627960832848	0.6167630644988393	0.6743670726908473	0.5572396031088529
OSD-314__15A7_WT_DARK_Col0_03g_Rep3	0.3686512642240078	0.7070243951948326	0.34733622745979226	0.6809916548986875	0.5980303961913042	0.6261920576348365	0.765768294844636	0.9446578993555568	0.8746419982157346	0.8718942056544319	0.5399881498967481	0.8355843492707584	0.7534275054526431	1.0573044092619137	0.6043118643625959	0.7185334245493785	0.027797172799839974	0.40602686107699393	0.8853993126693893	0.3167355815000159	0.7286222213619169	0.5338755296541974	0.7481241365714557	0.5939070583343722	0.7927964664228588	0.6009705750737898	0.7509418106087516	0.5171583606550616
OSD-314__JBA1_WT_DARK_Col0_0g_Rep1	0.26450230210198	0.6256098964417793	0.341064158338563	0.5380260934900667	0.5530230801555598	0.8445433919562202	0.6537517855851304	0.6973038948720268	0.5165616793342935	0.8947830133773628	0.30760418308962273	0.7474911016877928	0.6979511466941075	0.8722053476724964	0.8111182659608418	0.7048990904782593	0.006921807738590913	0.364234728803494	0.8753952311811661	0.815907722887591	0.7550333418405477	0.560286764744042	0.8687187010232084	0.710820319109979	0.7295239555607651	1.1134893012655267	0.7159445424054046	0.4408438374017967
OSD-314__JBB1_WT_DARK_Col0_0g_Rep2	0.09341007834836763	0.6290292745132284	0.30578587097832266	0.5339805516045506	0.6281563848289399	0.801501397790483	0.5557742776533476	0.5717178583841379	0.6477510237760864	0.9526518741556474	0.2370288637627881	0.7532330013852282	0.6227450097631955	0.7412620171199056	1.0109503990711575	0.7120865647038952	0.6847772928374863	0.4382707447782822	0.7831982919199032	0.7255220378376197	0.7749783348967584	0.5823918600854256	0.7008474148271914	0.7410705207770907	0.6941768389388381	1.0858659234735117	0.5353761101789479	0.33346174121304134
OSD-314__JBH2_WT_RED_Col0_0g_Rep1	0.3301571869394058	0.5268174861854771	0.6854061515445264	0.8417671970891806	0.6486638275872465	0.7143496022239607	0.7438065367289342	0.8392249052991307	0.5571670892349537	0.8350903203918494	0.3667583863946224	0.7188151085334327	0.7093924101482133	0.6331870237397348	1.1043601975168573	0.6643063761893024	0.9134765055216325	0.7404992779392624	0.9923429203115586	0.8383205720828499	0.879422183797006	0.6134921074875608	0.9115386350701999	0.955775183707649	0.6618757117964023	0.9187811210036587	0.7676640080428759	0.39402103283973283
OSD-314__JBA3_WT_RED_Col0_0g_Rep2	0.23687580525906962	0.5051877436451873	0.5571171953740074	0.589520034653747	0.6469138751519031	0.6494188724232	0.753320203158857	0.7947601364387018	0.6381700617733488	0.8299835580193466	0.46687165156105515	0.570854982916609	0.6416973182254937	0.47235312553516307	0.9582329232512085	0.6941062449747208	0.2813406832659125	0.673480746558547	1.0269689241812205	1.0441045974848784	0.8895448640399621	0.6601451211007271	0.8803677402244016	1.0112936305152203	0.6849484882892373	0.7665662980680485	0.7479572061374384	0.44025559251940394
OSD-314__JBB3_WT_RED_Col0_0g_Rep3	0.2723856476765409	0.5216099581973969	0.6306957877377312	0.6409060209305429	0.5115836662091591	0.6735251731832356	0.8030056446688959	0.861166074933368	0.7058841099068287	0.8148833704321853	0.4189976092885977	0.8148486531611225	0.6518034996234741	0.5305364222488891	1.0753401792399875	0.6610141203286134	0.4833010543970632	0.6832399319878245	0.9447139556952946	0.8054074946032771	0.8971816659280812	0.6437152301571498	0.8968387189427485	1.0569555639801402	0.5728207378340083	0.6499290249458489	0.8071737347216815	0.3891091622679697
OSD-678__Ground_control_Col-0_Dark_bio_rep1	0.4789580226999308	1.0050069129958354	0.7365420631370679	1.1630649026908846	0.8598831387822644	0.6206107032910015	0.874827804323947	0.9342879182656938	0.7657936997761614	1.0175812391525096	0.5238772551183795	1.0043043081405263	0.9987371549275186	1.0767896767704785	1.1916037504497385	0.9078057222996034	0.3166148414705497	0.7941494787057635	0.9393088253206853	0.5411482409443911	0.9821673594725098	0.6831114375675014	1.1519207358472592	1.123131880267469	0.9513502361862574	0.8480258490192794	1.1856758066901196	0.613878447279457
OSD-678__Ground_control_Ws_Light_bio_rep3	0.5654367912063097	0.879072505976654	0.8106218483854858	0.9858053199047578	0.6140879884964453	0.5741280766383041	0.5939151176054971	0.7714840973056125	0.7639428883024002	0.971282116351418	0.8871879336107628	1.0769310888160717	1.3577883795848666	1.0487430896090717	1.1839608029106512	0.9486117458419734	0.4713485797307299	1.4341377558923516	1.2013449141829509	0.5386138510847499	1.0696547488778778	0.7799606630794579	0.6598367871661353	0.9195901374419259	0.7458641902071692	0.04946107010685056	0.9231771744221462	0.5972830865405432
OSD-678__Ground_control_Ws_Light_bio_rep2	0.5799529047128172	0.8063363103583625	0.5936707916030783	0.7729975791553442	0.49203982275204566	0.5515945921429039	0.5770977065505227	0.6019601280955186	0.8115421478756772	0.9371901366840495	0.7844575012369616	1.0468200889225006	1.4118505753332968	1.2345267087117822	0.9042032056804555	0.9002921730167253	0.4522777049921362	1.4574460130619047	1.2081962661613288	0.40173289169599136	0.9838411932808856	0.8043765942853905	0.7328397549163914	0.8932579773707289	0.7723467295380784	-0.0248984289281223	0.9333916885281629	0.5537186425360774
OSD-678__Ground_control_Ws_Light_bio_rep1	0.5990639209528189	0.8247201931427032	0.7843716808717861	0.7360408650303096	0.5742278454792276	0.6061989141121941	0.48835627370519574	0.6787005100164485	0.8003914547922006	0.9732405700103629	0.7315413870254965	0.9823359028066607	1.31154709124897	1.2922473946431423	0.9450561319195306	0.8963989562195724	0.4866802362189412	1.4658913963935323	1.134706351545428	0.46385649377300486	0.9766306228597107	0.8238543483587918	0.7246755528429986	0.9163506656661582	0.8845349140647182	-0.026439863474142886	1.0520862485372873	0.8257242976403948
OSD-678__Ground_control_phyD_Light_bio_rep3	0.5982742895101726	1.029973914774911	0.8580296035388847	0.8274618857994442	0.5624171165704345	0.5647743974193541	0.8569175574886791	0.8024753873873212	1.2605743127802493	0.9223775772813846	0.7494442895029645	1.2213671289924288	1.4353467023567217	1.2337107083816465	1.2558475219473226	0.8922317262086659	0.44238500307979434	1.5696377605970304	1.206475480776138	0.4760344815870873	1.0395668394303759	0.7173422794188312	0.7105096350826963	0.9695159624676859	0.8643078532992574	0.0024802065058513543	0.8698662273391928	0.7505804951698524
OSD-678__Ground_control_phyD_Light_bio_rep2	0.3028302878628754	0.8371866811366886	0.7105573795583522	0.672916686240194	0.6230912801413687	0.5079334178258127	0.7056040080770054	0.9133706757101588	0.9578706840219484	0.9069153185257964	0.7135172693594609	1.1131232811664187	1.3427210867150365	1.2219817040713528	1.1844046326254634	0.8934874261584178	0.43291446585626914	1.3369224294963926	1.1383625071391295	0.2839155466471739	1.0172303446822142	0.7426817174552992	0.7578739745540037	0.91336449662023	0.8087330142274654	0.040836390429800196	1.016983872377359	0.6816674631765567
OSD-678__Flight_Ws_Dark_bio_rep3	0.5078298097945323	1.0316110261236549	1.1081878236195242	0.9934188011074089	0.7164940816974248	0.5443587524610545	0.7608192100651531	0.8715319252009474	0.9273282402628704	0.8363506503206972	0.7791454099100303	0.9732320656885523	1.2306517786550415	1.0365106109812485	1.086199215206989	0.8113991649424582	0.0917864103168701	0.9250806837697445	1.0221518642299785	0.5324510521103387	0.9994096517892656	0.8832475631921274	0.8421766460228404	1.0192695452636396	0.9155536800855884	0.5519231178255855	1.119590734531833	0.8104693449201212
OSD-678__Flight_Ws_Dark_bio_rep2	0.5649936765016321	1.0650870270300739	1.1262012176092417	1.0387903378917211	0.743375743734912	0.678267582373607	0.7257520233399124	0.8567480567934764	0.7812039780048974	0.9053294215300748	0.7871706609101756	0.9935540220396256	1.1358048598798607	1.075082142395638	0.9972776590847642	0.8170562610279133	0.10209818678865164	0.9212714749194303	0.9899136880003251	0.542015187026065	0.9918226158072186	0.9357999690565437	0.785352929361918	0.9746130138771654	0.9879793446977134	0.5643834402162384	1.1048311229905998	0.7882622458447901
OSD-678__Flight_Ws_Dark_bio_rep1	0.5369127365127574	0.989782353437648	0.6759899661854263	0.9003908028072777	0.6955611940021822	0.4160077833142495	0.47702402025056995	0.7974213201865459	0.7188150501992387	0.8278866766892685	0.8174825458490104	0.7493833035263945	1.2226501701206633	1.1133714382528992	1.1125221359135749	0.8388481104864375	0.0803265257723716	0.9157720452714366	1.0199172356174173	0.4426448077623016	1.0068877275967567	0.6940731696252846	0.7361922535406896	0.9768173863816241	0.8456104159042762	0.5852110654447737	1.139316018632253	0.5805690724161976
OSD-678__Flight_phyD_Dark_bio_rep3	0.5013385701849451	1.0145605473794703	0.8323390468309547	1.0325682111989651	0.7200864308951911	0.5172242744462194	0.7662151406760905	0.8166532264379517	0.823475985967052	0.91529564703635	0.5814157095535841	0.8863109309549007	0.8658193529458316	0.7291750585279915	1.11245780808898	0.8416917505145565	0.06910120909259115	0.9227640662183929	0.9041803112580566	0.40658453301061587	0.9689886734985365	0.6587079073950328	0.783830093110387	0.9688513298284885	0.9058834841605194	0.7033488967602264	1.1408957216622622	0.5732287604248265
OSD-678__Flight_phyD_Dark_bio_rep2	0.6330191369767859	1.0404675671901753	0.7338542814210766	1.1626664646282145	0.722221306224424	0.5568603606994178	0.7917218195278881	0.7202927269211067	1.0383942156015524	0.8866571509559785	0.6978691170453071	0.9832235137580526	0.9092188277307786	0.8121264621421911	0.9463690105787776	0.8830535792315861	0.1595551242007428	0.8973024203715839	0.972265109550742	0.5293721143248921	0.9849605264257086	0.6742418088473315	0.7994941885774347	0.919878715856715	0.9256716519354131	0.68105902385969	1.0363580524940792	0.5986890360423824
OSD-678__Flight_phyD_Dark_bio_rep1	0.4303632870823461	1.0208259466456775	1.1135001266714453	1.151107240514246	0.694502622919275	0.5756328190829435	1.1597182294655684	0.8471322820977929	0.7605720335935761	0.8618468760288664	0.762854158235862	1.0652678319450912	0.9213566179565008	0.9451888608164901	0.9609610837592367	0.8562197692676418	0.14476801696741673	0.9716532851476674	1.0056464046159865	0.3703617385313897	0.9756456737793069	0.6820839367879362	0.8548311408374178	0.9070240954825798	1.0607385295711114	0.6707248941209106	1.1705794327722479	0.7432088929381976
OSD-678__Ground_control_phyD_Light_bio_rep1	0.339918922314038	0.8216620501236902	0.7013135041785838	1.0053817211295835	0.5527944243334827	0.5244474364419678	0.81780042515448	0.8085985121816601	0.9454193654555811	0.8623300619428487	0.9196874461137872	0.834724346829885	1.489492383885093	1.2519735268814307	1.1776105549219222	0.8849531807058898	0.41125760807393025	1.3476906430516344	1.2043173815772352	0.23971886599392384	1.021950167491521	0.7262175975954784	0.738751416282358	0.9709591311427087	0.9609993799070474	0.27140227484588486	0.9706202986126488	0.6052892328575207
OSD-678__Flight_Col-0_Dark_bio_rep3	0.19201359808509966	0.7886971305889088	0.48528567493210717	0.006472336432509551	0.4230135489451641	0.4915484066069035	0.6810350238638967	0.60444424804671	1.1014393500781956	0.9062283831699449	0.31504897617995975	0.17680766974453113	1.2159331193056397	0.7622904118985596	1.0317179086069928	0.9783358334480431	0.34336452157221214	1.1499936718834436	0.8864789797738333	-0.11979135781644751	0.8218945827726236	0.8213855762378639	0.2970232665824317	0.2643668215714335	0.774836137358527	0.5306864850117987	0.7414862690971464	0.8975120403372735
OSD-678__Flight_Col-0_Dark_bio_rep2	0.39813186354054214	0.9609415953206809	0.7210909695426689	1.0645992670681848	0.740137136067396	0.5275671714024611	1.0016340460210549	0.8474139778963676	1.0352226265305577	0.9008701972302423	0.6143136630490812	0.7990125832603464	0.9767468173884263	0.9387759810806799	0.946383816989669	0.8851220319735782	0.16412123889476146	0.9483622415939915	0.990645825469049	0.41072459664653105	0.9375766238838305	0.7317251475788263	0.7778428016324855	0.9112285353502788	0.8502399494111776	0.7854487695428926	1.050638186557275	0.5821602503538763
OSD-678__Flight_Col-0_Dark_bio_rep1	0.3195587745954661	0.9787441222527308	0.6761782395093615	0.6967476500486584	0.668206128643688	0.7271249095410318	0.7638383812769675	0.8307472781330238	0.3948112122219637	0.8982988715697274	0.4467005129960893	0.9904621595944797	0.7908957186042322	0.801010896009977	0.9363438134844924	0.8618861599892096	0.13460122503084362	0.9081436186053212	0.9398861833968714	0.3670665379309766	0.9813651494418851	0.6315160278026853	0.7269225457516381	0.9857628432646891	0.8846275754869036	0.5907946470002186	1.1255218938481475	0.5784359022319657
OSD-678__Flight_Ws_Light_bio_rep3	0.5900171751880517	0.8573592236287125	0.5249493880706546	0.37338275799223486	0.6457033372344271	0.6147789179234173	0.686135277672552	0.5105206268100342	0.7740218309148583	0.9643941443121963	0.6603644363092549	0.8666653858389282	0.7522545422762011	0.6603905596879038	0.6791005289826839	0.9566659479715944	0.4060218661785615	1.2306390543701873	0.8826785875732713	0.5551242019571504	0.9188288838850703	0.7691346829284633	0.2577633256558353	0.6070661377226945	0.8908556439261038	0.2675402728647666	0.7118103363672711	0.5790735875831129
OSD-678__Flight_Ws_Light_bio_rep2	0.4467758760712169	1.0094055382214655	0.7809920695036187	0.23500504071814485	0.37015897717803464	0.5112266072360804	0.5072003175166331	0.58777754100063	1.1024087497512483	0.9884605759844899	0.7129518012005561	0.651425994207813	0.9932318980121912	1.004650531420858	0.8279456754424498	0.9320173206594254	0.45205555129291036	1.2195708260221592	0.9631421963767377	0.42955292590783123	0.8717550465532227	0.8367002221113008	0.35573405454354623	0.5931608812688748	0.9563804581259358	0.635045827314989	0.9251788703864273	0.7577124567337729
OSD-678__Flight_Ws_Light_bio_rep1	0.4629388974835538	0.8443201674798285	0.425753121260335	0.379825414270807	0.33790925388607873	0.5812165426870408	0.3971573884781513	0.5243400072457827	1.0940445812084214	1.116924900718695	0.737385585133379	0.6973585236638343	0.9358930676975373	0.8940949212814562	0.9719974054254809	0.9361482877116105	0.46873119207288805	1.2463679838399937	0.9627304923041745	0.45871005180127344	0.8725195508848813	0.8171069166004928	0.2805280349611857	0.3672382781033493	0.945665785898219	0.8296593981753092	0.9564341331891086	0.48508596298955187
OSD-678__Flight_phyD_Light_bio_rep3	0.3777916619349264	0.6507140051757502	0.47984133932559825	0.35364961021432983	0.6547225413648033	0.49953448543253703	0.7788919851114049	0.8644925488426054	0.6889048696229811	1.0923175814370296	0.3893543483223983	0.7398331681883942	1.250345671049769	1.0568113649783997	0.9570419324596529	0.9711042607484685	0.3631793685582175	1.1729640735931481	1.0563171974550127	0.10092611361512592	0.94230213267065	0.7320607411402985	0.6208693736469311	0.7404438708951766	1.1792114603332928	0.5477997118375451	0.8479794114544071	0.5866089307846408
OSD-678__Flight_phyD_Light_bio_rep2	0.13874974747892513	0.8511012184080566	0.26126982736598586	0.23345687204085827	0.5198115726779647	0.5674628962460778	0.489516737003529	0.5570536992479566	0.7213553656040145	1.0379508250898322	0.7312815153739378	0.49762679326901704	0.911823709896027	1.1863511299031693	0.5480350527956025	0.9417413931746247	0.35326040813212284	1.0380839688957042	0.9444379653133659	0.11399877486548467	0.7899496096771327	0.7389885808626321	0.44729767311330715	0.4882974326981919	1.084350589955507	1.0711579673776428	0.9397439978876989	0.5744028489686185
OSD-678__Flight_phyD_Light_bio_rep1	0.10492552816167168	0.9956478559543557	0.2744230078389345	-0.010921138158459206	0.6845506493345411	0.5791688890357658	0.6878520786641004	0.8050774979847436	1.1653798008915766	1.0979824648114476	0.4920327651374817	0.6488293789159884	1.0383271991203253	1.098540169597256	0.8989767368423834	0.9293288585081956	0.29113490757358934	1.0817564776341848	0.9403318532886967	0.12290923271893885	0.825992224956714	0.8244321696761886	0.4074411970975202	0.553643878131108	1.1434449652926502	0.9098257911252583	0.7348816539258209	0.4717378462942067
OSD-678__Flight_Col-0_Light_bio_rep3	0.34449903199921034	1.0000933519477373	0.638345561809348	0.5555637533115457	0.7446024766815879	0.6429830277275916	0.7767201345205536	0.8479942701859684	0.571019315131246	1.041461800397595	0.8363296786819402	1.127776485697333	1.1304167168465946	0.924976026387654	1.0445405010852946	0.8978888495734387	0.2737351359174276	0.9733213800989124	1.0348210147006787	0.5081127270071617	0.9662210834870385	0.907326209810419	0.7619974542258766	0.7987365595025597	1.0125390338859366	0.8926754314264362	1.0519212490211676	0.6028619095150193
OSD-678__Ground_control_Col-0_Light_bio_rep3	0.5295469191404852	0.8497287850492896	0.952227053909038	0.8997250782916133	0.49644378978666104	0.43162083015312847	0.7079528560676585	0.7595683463553534	1.3030726243959325	0.920427117401322	0.9249112726429836	1.151699315129758	1.4826952453403972	1.2238052541799789	1.1107485848424392	0.8979227623944666	0.38955566259077296	1.3622322402532145	1.17675437995056	0.027327912186645518	1.0485934664370284	0.7510724412872964	0.7293280784843971	0.846082855260891	0.9778798908808085	0.7882159177894583	0.9306624892280115	0.8257036990358559
OSD-678__Flight_Col-0_Light_bio_rep2	0.26131369323933445	0.7715067537646935	0.2902036738298651	0.37160805499672667	0.6567042739036856	0.8221430943512372	0.8724455534555535	0.7733281432987184	0.9765922760915212	1.069705581112602	0.28191344085729025	0.9559149798765794	1.2607917294929292	1.1375468551209014	1.1644892272344738	0.9192829467034804	0.4738579104154541	1.0511389762482104	0.9511959586487676	0.3417706810851437	0.9101197919501154	0.749814252246335	0.528255824642944	0.6920165778615298	0.9871604712488748	1.042876016651357	0.9039367537747476	0.46436167321126237
OSD-678__Flight_Col-0_Light_bio_rep1	0.5209599644991904	0.9137733339466224	0.4404045834297014	0.42393105978955575	0.5774441074587299	0.6047364717361248	0.7597957141124242	0.8623721314687722	1.09023329747868	1.0495485260093356	0.6475392334459682	0.9837782238850059	1.1679333695412815	1.1701383421933507	1.0682410036608863	0.9590426357267089	0.43140931992199427	1.3160282245378068	0.9711894224007241	0.30034575795577284	0.8725863991142264	0.9680032860387262	0.48055208173800756	0.6741651570396997	1.1430216217866802	1.0875058670179194	0.7468745192021039	0.5794086776588572
OSD-678__Ground_control_Ws_Dark_bio_rep3	0.6200619398189654	1.1531926216007438	0.9594604079751209	0.963283366356625	0.7801272475582276	0.8988378324032252	1.0822554274047724	0.7262969963641096	0.8756291994529538	0.987744706789679	0.6989454292938476	1.180629557986613	0.9412403628087406	0.8753785019711625	0.8694539778255943	0.9039710111308878	0.1204356738295014	0.7148572605110266	0.9816295196783084	0.5550874100564965	0.9653394613212468	0.8338316559128557	0.8935725777781259	1.0695172118073166	0.9045457922247588	0.8130676561064832	1.242916796202576	0.6796898898009999
OSD-678__Ground_control_Ws_Dark_bio_rep2	0.5574348875476426	1.1317676687435356	0.9834371296052761	1.0845927729713454	0.9563069823588615	0.7812528307134146	0.9166652457016451	0.6934386237279722	0.9611807455067101	0.9118336782808238	0.7851348095037253	1.1497541751620721	0.9199313974464242	0.9444991184413628	0.9373053933865713	0.8224159995217039	0.4167717116453173	0.798317931034254	0.9366594654990678	0.5835547736580463	0.9630808495518113	0.8139187849143842	0.8659547126347613	1.0926247253682255	0.8076993199534129	0.958613541792998	1.178708204071414	0.6890345558944295
OSD-678__Ground_control_Ws_Dark_bio_rep1	0.42290929068524497	0.988599017912744	0.6863248945584247	0.9249645047515594	0.9626887304643079	0.7539564243604743	0.7391206617407988	0.6721510106693117	0.6276996486888506	0.8338176707251224	0.6664400200520177	1.1511284257276513	1.1477106707398381	0.850808331523113	1.0886435297841994	0.8802336343043151	0.4965796927613834	0.8234572158239627	0.8926465528947995	0.5945282074643696	0.9578765657493737	0.86029453529384	0.8035122963960952	1.113339434409446	0.7306981513096759	0.973011616241829	1.2097753136753562	0.5443471641487372
OSD-678__Ground_control_phyD_Dark_bio_rep3	0.605732755130415	1.031816671067354	1.0232879125938525	1.0847139960714267	0.7129039705462349	0.5223070570185894	1.1780763717675629	0.7488570522069681	0.7354858144853476	0.8987755239551329	0.7497661551173145	1.1663318090076191	0.8598220590208225	0.8362177143580449	1.1634340134228878	0.8324455043090914	0.0682939387102309	0.8244521551999319	1.0054120697420859	0.42957573229903406	0.9425382898610539	0.6858306340751963	1.0647981547038154	0.9995063935527462	0.7205381789230827	0.6300259328341711	1.0497214805033566	0.7748433790073771
OSD-678__Ground_control_phyD_Dark_bio_rep2	0.3835903459241621	0.9650582605607227	0.7735888748800992	1.0012972743808564	0.7848663757055594	0.5843091795066909	0.8824565762294978	0.7939093364904218	0.6836424360755138	0.9803091020387048	0.803219821195942	1.1288984575325594	0.8416024400316081	0.9285683228292179	0.9969958618334072	0.8676256107597247	0.015040616176650942	0.8685563057644021	0.9353872493073258	0.3639094572853249	0.966508821853706	0.6723102423456091	0.978966023717757	1.101975155191491	0.8282594984570824	0.9126436917967591	1.094634128630187	0.6183552782692512
OSD-678__Ground_control_phyD_Dark_bio_rep1	0.3147849183078968	0.993668630608223	0.8549650578429487	0.5552331997886981	0.7266587924068342	0.5856321964501082	0.831054332513012	0.9596162718923226	0.7744454901368271	0.9323512418913417	0.8050757057062837	0.9325272821666402	0.9911446109849021	0.834998296730777	1.0208114706848324	0.8659013234561175	-0.018848869072474357	0.9142548403568457	0.995700458939239	0.4190377584162977	0.9595451853058886	0.6692325586156737	0.9975119975499425	1.1193879731306953	0.8236995187649193	0.9599515780103667	1.0729611295857329	0.6877650027002988
OSD-678__Ground_control_Col-0_Dark_bio_rep3	0.5817752496928877	1.017500140725809	1.2349296586315321	1.1828302913120539	0.7769402906299969	0.6850799582109174	0.8674966807349953	0.7973938445334023	0.7703979708466989	0.9527717282592612	0.8857249988805633	1.2118244854953562	1.1511539670848645	0.9633322021304221	1.094573602322926	0.8877550381780003	0.1765803842734004	0.9216500259291069	1.0175956357046454	0.6220660528890479	0.9795462514592893	0.7055554967378995	0.9865780171858108	1.046776738921223	0.8645012317428395	0.6583484889591968	1.1063466948847183	0.7627677574290089
OSD-678__Ground_control_Col-0_Dark_bio_rep2	0.7250580018741956	1.0399487745561053	0.7751027897898835	1.2650023008267823	0.8879224700850686	0.6280127626193168	1.162487785508749	0.8849954027917518	0.7548300411743161	0.8850895575192239	0.8576048670282668	1.0194111723136785	1.2343511164816705	1.1522871686836602	1.298321950852685	0.9015510951856809	0.2587920615063093	0.8208685765545007	0.9690984292570878	0.6312390280972681	0.9939552793590319	0.7128924363804688	1.1321458053709361	1.1251662169312082	0.989873181474724	0.9095035088622931	1.1343755208250714	0.6273596525909804
OSD-678__Ground_control_Col-0_Light_bio_rep2	0.3567563046941566	0.7808196909959428	0.7752904353903728	0.7531334142892198	0.3635217974682326	0.3376921864702094	0.7590514226744711	0.7334879062493205	1.1370744271345155	0.8772233836798479	0.8692779995387323	1.0181177062468165	1.562415979335303	1.3232789147927646	1.2848936019480153	0.8305602578381877	0.3804825438064147	1.4200451498481677	1.1042162523193229	0.04052807427915967	0.9969171134806243	0.7261686209137219	0.8089153890944965	1.0102539168833982	0.8708284238604357	-0.021120002016108225	0.8741397514404442	0.6644544143395591
OSD-678__Ground_control_Col-0_Light_bio_rep1	0.4436368565149847	0.8555432208113536	0.9559727508645557	1.0960183624842381	0.5660470604057019	0.4887102211230411	0.7980075027005604	0.7662874587082991	0.7804783983541539	0.9266132989958838	0.9260897324414432	1.2786808634162072	1.572417165817608	1.314774012025017	1.5941686332915004	0.918495044862304	0.5184504536684598	1.4075918705139772	1.2070422837220414	0.4992979914752244	0.9920665909341635	0.7461236240124979	0.8324222325912838	1.068106908003685	0.9142341542413079	0.15700569847095028	1.0658425426241442	0.8098485303900219
OSD-38__Atha_WT-Col-0_sl_FLT_Rep1_G1S1	0.9879925989866917	0.8747402342607649	0.6554518366619995	1.0504247872250914	0.9166783055085086	0.4891511651058082	0.919545371293097	0.9080971252016543	1.1087519282487495	0.932556887228277	1.1573366140457528	1.2085934196339303	0.8095125374087891	0.383899325853149	0.7628322317496523	0.7505474369626222	0.9607748562599404	1.0689419723579425	1.1160651634479926	0.8516259753274155	0.8964962461523136	0.7220303238365042	1.0637172320176553	0.786024029952923	0.6374287454515993	0.8209616447947993	0.7101911289450974	0.6862569355233087
OSD-38__Atha_WT-Col-0_sl_FLT_Rep2_G1S2	1.2849850586594496	0.9024973195595184	0.929667967578372	1.2456273342439088	1.1442804453317188	0.8947903489923565	1.001558854559945	0.8866238361151586	0.9536268145658877	0.9196334570393374	1.2855731126180032	1.109673094689253	0.8252409476149202	0.4878395075433189	0.9372609302934958	0.8302207390940464	1.0942359939849	1.0894633083972263	1.0552939729823891	0.9993450258058794	0.8947930057984853	0.6362249951047582	1.171638114599984	0.7831623142287237	0.7164974399823029	0.9021255717584804	0.6805905876313176	0.9869136448695623
OSD-38__Atha_WT-Col-0_sl_FLT_Rep3_G1S3	1.2274795919909518	0.9375732360297461	0.968798213269128	1.1931040805701223	1.2230831266540219	1.3116542293261046	1.0258092361828721	0.9382474210735596	0.9500886234126728	0.9390732821613093	1.340213099568514	1.0801284277475611	0.819288240275378	0.5903239607396258	0.8084212185169282	0.8538521248504882	1.118157645625923	1.1209010729506448	1.0871418388775551	1.0819684156719964	0.8760093868535368	1.1335124679025408	1.228857712814982	0.8247724196710338	0.7836151940488307	0.8309086260496445	0.720700793627718	1.1439627300304873
OSD-38__Atha_WT-Col-0_sl_GC_Rep1_G2S1	1.7422189219956825	0.9521341867824055	0.941168510825305	1.0466635306215952	1.4371078923274254	1.3033521304791242	1.1236745511450854	0.9703439778567895	0.9547049608790916	0.9649701981086666	1.2106958344323913	1.093619005181546	0.7741236352258021	0.5225552996189601	0.761170797913142	1.0767690311529061	1.0168139574664379	1.0592447681920893	0.9712612314250474	1.4895414553690445	0.9320088692528194	1.110296057708268	1.191766831651974	0.7533308303009388	0.783885432853218	1.1323523456293703	0.7639913142402353	1.2589962356415878
OSD-38__Atha_WT-Col-0_sl_GC_Rep2_G2S2	1.5297545621632678	0.9290226537373799	0.837212046037801	1.222831263976579	1.308628985267207	1.4364382632493422	1.0720806872538955	1.0104185476815268	0.9430626609425926	0.9088774236336795	1.2592231293425304	0.9734883393399821	0.8247379688023938	0.5457020248869024	0.9108758549806265	0.9573910515713941	1.1188362632080162	1.0895380901117029	0.9880883817580912	1.2288114982584197	0.9020992858698967	1.2662504246884265	1.221915297123548	0.8378632143135594	0.7093329781438465	0.7374176087529336	0.700188805235868	1.1623853081404139
OSD-38__Atha_WT-Col-0_sl_GC_Rep3_G2S3	1.5710695140168995	0.8279558710050359	0.7712367551275311	1.1495124478807714	1.1787866443839086	1.0651875019840271	1.053126275832784	0.9614759372344578	0.9210731380451674	0.9373035027047676	1.1244750977763172	1.0413672902941264	0.7720117336183526	0.524437503677735	0.8629534060745921	0.8544273639516322	1.0766099878394917	0.9972352545011497	0.8852550620093497	1.1441135858615932	0.8650219137223479	1.1094630316055762	1.0825801457581197	0.8195277167906284	0.7482607675865316	0.9357724183352236	0.7088754705139269	1.0291544789242864
OSD-38__Atha_WT-Col-0_sl_LN2_Rep1_n2-1	1.0983809433945892	0.6840723279744668	0.6852206083233199	1.131923425440063	1.0324594794669089	0.6805497753108442	1.0336377551369793	0.8780409361365933	1.2111930410986813	0.8628642653011568	1.3276577679496537	1.186970360065575	0.8262902196983762	0.4675611766422303	0.9400286093094536	0.5066166859604162	0.8923015970746896	0.8341009005516169	0.8975635653058109	0.8386582735959628	0.806127320640525	0.49852371376453614	1.1704809533235292	0.8938426156410919	0.8499800146562608	1.1579100837663403	0.7887756135723172	0.8599485796646803
OSD-38__Atha_WT-Col-0_sl_LN2_Rep2_n2-2	1.0566211752066297	0.7861422437310867	0.7269626137863809	1.2579924532710078	1.0161400465753643	0.7041613123131966	1.050626601543664	0.8935594604817464	1.0953076928707126	0.8044591273866027	1.359798325795278	1.145424783426036	0.8911166266052168	0.7564890769283048	1.0703919065936367	0.6919400286879365	0.8479227422742511	0.9365024480904661	0.8524542565908432	0.9635868566500089	0.8481098049022232	0.9037572004736992	1.2053408239663188	0.9470532008854072	0.7082860510769929	0.7259922613933019	0.7339573228940428	0.9031765158305338
OSD-38__Atha_WT-Col-0_sl_LN2_Rep3_n2-3	1.1689665210606621	0.8252596600892129	0.8517867682974779	1.2869887113238911	0.9430672165444296	0.6315335609869976	1.0818230571706913	0.9420069901010412	1.1176901726998336	0.854314610992513	1.190901653815985	1.118325442988925	0.8868568709615106	0.6280438134750086	1.1394855615787753	0.7120980374332505	0.872107058975932	0.7976722090518058	0.8398960522163799	0.8455470063611261	0.8831964719672952	0.429022631792484	1.1306210831699468	1.0135793362143208	0.7915167190985193	0.8950901656617977	0.6534183647560508	0.8298602600926583
OSD-38__Atha_WT-Col-0_sl_RNAlat_Rep1_rl1	1.58787133419598	0.9306452347756416	0.8506382062384812	1.1087646920336667	1.1679872088178365	1.1091882960884425	1.0018169338585974	0.8859672720715892	1.161545638736374	0.925226520439977	1.2070072960664302	1.1451074811988777	0.9343210401533073	0.8298224514357693	0.9435526211180695	0.9107403506488367	1.051657947115513	0.9316733341071752	1.0275633452694197	1.0779206785153763	0.8601504542314076	1.010153508142605	1.160400286990625	0.9391825956261638	0.7073917108783109	1.0816900558431592	0.7942859978049496	0.9880475902055931
OSD-38__Atha_WT-Col-0_sl_RNAlat_Rep2_rl2	1.1631108163021708	0.8559723305405781	0.6574912484442602	0.893566473055829	1.2135304979126498	1.1639931328579864	1.0277712362802471	1.0556073261478776	0.9753009165597497	0.9564051900841413	1.3443534928855825	0.9508262111705008	1.2267559195910807	1.4157265553594205	1.0452275925374668	0.8350684873099574	0.9545629293994778	0.8762166098984958	0.9587140326694584	1.1756961078488812	0.9226932871268517	0.79799826047833	1.1109036523492584	1.1564992790134339	1.005672331070808	1.493192082590801	0.7560695234932152	0.9164880894578648
OSD-38__Atha_WT-Col-0_sl_RNAlat_Rep3_rl3	1.7418930758558313	0.9421083930636143	0.7302185728096094	1.0947609455960285	1.0819130227790394	0.9002616165232417	1.002462275593089	0.9564225060108797	1.076783067546014	1.0128867679906983	1.287852023053442	1.0841166478912605	0.8974651721651604	0.8897962195264022	0.9053784649470412	0.8675620041562951	0.9468591863900107	0.8650224957119588	1.0877910894720508	1.0616223500474495	0.8072793370729383	0.5745251636457445	1.2260400975639953	0.9511606563519528	0.6945815490334146	1.3432111023770543	0.726131266223666	0.8215927191708321
OSD-7__Atha_WS-0_Whole-Plant_FLT_Rep1	-0.3467453969251109	-1.0955465733696486	-0.829948802471976	-0.9007939078760516	-0.7816650627924279	-0.7148869303137276	-0.9477940592411602	-1.0142620847213404	-0.9668434936182891	-1.145403597866233	-0.5783797552351032	-1.125475423889295	-1.0491676773605916	-1.1066708889747452	-0.8820364468753532	-1.1390504194877034	-1.1100433287386913	-0.9638987609604683	-0.9952864178518886	-0.6020548411552442	-1.1571349176236116	-0.8960770711085099	-0.8773804785121777	-1.2025561578341397	-1.030936263115829	-1.2863080442839927	-1.1456141567562284	-0.7295017908994007
OSD-7__Atha_WS-0_Whole-Plant_FLT_Rep2	-0.3139339207875665	-1.1108069055707122	-0.8438811917127691	-0.9248466434085244	-0.7682690752266623	-0.7107317291319762	-0.9302539609825204	-1.0068806637815049	-0.9947819235442654	-1.1477030044693874	-0.6169881020779838	-1.146217253562651	-1.0124611485767019	-1.0477386099722312	-0.8913938450140279	-1.155173463358999	-1.1103560798377654	-0.9539484299635098	-0.992292868166164	-0.5682393602910336	-1.156884012049836	-0.8379358196640804	-0.8709690379402861	-1.1801708136467386	-1.0246382846879918	-1.3116801929736692	-1.164418637835847	-0.7182593498138073
OSD-7__Atha_WS-0_Whole-Plant_FLT_Rep3	-0.30218266770377133	-1.107496967540245	-0.8490970346356583	-0.9185166778728244	-0.7736151450990688	-0.7138814757910136	-0.9319310539959746	-1.0082602296120582	-0.9594478187780366	-1.1390255724853113	-0.5911624876974936	-1.1431031740336275	-1.0122126539453966	-1.0192265189018763	-0.8984506026948491	-1.132913269011922	-1.111396507841985	-0.9590616690435123	-0.9982376019181167	-0.5864920036773	-1.1626257600770884	-0.8555688991547206	-0.854180174978394	-1.1609319663563946	-1.02447811672013	-1.27714674571861	-1.1598355131425573	-0.7278723291852651
OSD-7__Atha_WS-0_Whole-Plant_GC_Rep1	-0.334466960716084	-1.0942178270475122	-0.8506740672825222	-0.9106161218098013	-0.7752372791282672	-0.7212266720052736	-0.9485164047001892	-1.028031849861157	-0.9842046027124671	-1.1549252304942448	-0.632719582020937	-1.1297065442518568	-1.0581273726373888	-1.1031393586785525	-0.890034453461417	-1.1443805923074024	-1.1088842745314467	-0.9574822436775869	-0.9937004773171157	-0.5942923285860771	-1.156162616335603	-0.8694838195242675	-0.8820344790353907	-1.1923728741728838	-1.0400876723578034	-1.3381041828984648	-1.140602277637065	-0.7351379020843968
OSD-7__Atha_WS-0_Whole-Plant_GC_Rep2	-0.3337208637183826	-1.0881528011656032	-0.826174176964103	-0.8807435704343702	-0.7926373495896929	-0.7099458195163522	-0.9438075775377173	-1.0373383632085227	-0.9696954861903553	-1.1561790638883815	-0.610137346700063	-1.1272198881052828	-1.0298714868031218	-1.1453242504227634	-0.884017707235127	-1.141391800501835	-1.1098541520107394	-0.9580820604085069	-0.990575041734437	-0.5967729025886878	-1.1600015408453541	-0.8584490346785104	-0.8501280730273685	-1.1941096601128265	-1.02621590478109	-1.315590532488728	-1.1744714253244202	-0.7281711449553235
OSD-7__Atha_WS-0_Whole-Plant_GC_Rep3	-0.37663046917973175	-1.1000778866622891	-0.8277385045762108	-0.9195985928690293	-0.7933522089735734	-0.708327342494126	-0.9488969322866782	-1.0206808260960043	-0.9705750331369539	-1.155650351846479	-0.5895757239882149	-1.129439391473549	-1.0212275876201602	-1.0747095891287408	-0.8860151611333049	-1.1382157227235028	-1.1100872178298478	-0.9593788465640832	-0.9989779802994138	-0.6022416791318418	-1.1589121600059842	-0.8769147173958365	-0.8813265781373282	-1.1717181506987866	-1.0305645621762771	-1.3228239293498234	-1.1638097178121682	-0.7262284733540532
OSD-7__Atha_WS-0_Col-0_Shoot_FLT_Rep1	-0.33267026158836027	-1.106615801093175	-0.7853864104212606	-0.865832719770204	-0.8019179191119904	-0.7570049637157827	-0.9420400993958161	-1.0021146325487333	-0.9392514563892529	-1.1554401698455137	-0.5737546839168601	-1.1162447443385104	-1.0091889849652587	-1.0401753659554513	-0.8915817172282896	-1.1323432235204793	-1.1042813598170869	-0.9424636628416176	-0.9972893164813957	-0.6245331275461194	-1.1387411953041002	-0.8914491535764438	-0.8651935332419997	-1.20606173309048	-1.0305285136235316	-1.3731394486277426	-1.1542767318615321	-0.7281456685433814
OSD-7__Atha_WS-0_Col-0_Shoot_FLT_Rep2	-0.31112139447090764	-1.1005169486525295	-0.7954809370435185	-0.884372347758601	-0.7762547091344362	-0.742295118692084	-0.932867129488776	-1.0131632617630004	-0.9436683247284854	-1.1510013750333499	-0.5835678632121781	-1.1173940818295174	-0.9964498423711989	-1.050789990373492	-0.8746210995472322	-1.143584276926823	-1.1034048674362469	-0.942921050665633	-1.0009895979649859	-0.5933902608656196	-1.1421797646921958	-0.8899378787815102	-0.8519098790292007	-1.203351120367612	-1.0169846371436182	-1.467423544944587	-1.1695225583360866	-0.7173794756166317
OSD-7__Atha_WS-0_Col-0_Shoot_FLT_Rep3	-0.32687293763264597	-1.10760969834001	-0.7677077217874085	-0.8980428895995713	-0.7856231638222776	-0.7634458922886882	-0.9380539985286424	-1.0090249717167705	-0.946035760582421	-1.1563014716177147	-0.5768017673402096	-1.1117424915312455	-0.9612264684984302	-0.9987640474953678	-0.9002029191590086	-1.132569787473649	-1.1039974570982414	-0.9413098197491566	-0.9866385829479895	-0.6037100681316272	-1.134453084416481	-0.8968795572551481	-0.8472817759456246	-1.1923671088499344	-1.0282738486807015	-1.3638339459114226	-1.1453035025310112	-0.711616275589001
OSD-7__Atha_WS-0_Col-0_Shoot_FLT_Rep4	-0.294696961116953	-1.0969726880219135	-0.7826533745031732	-0.8911804710704582	-0.8070213303210316	-0.7452000168363034	-0.9282962609729586	-1.012202064642386	-0.9125260752288383	-1.1466066395814019	-0.5616948567474744	-1.1234593988977346	-0.9847995828453707	-1.0349577032629573	-0.8702227080950521	-1.139544915450911	-1.1037192116809567	-0.9399956298339447	-1.000220386671456	-0.6263415608416465	-1.1367945197446139	-0.8645515488816292	-0.854718341383375	-1.1995661388079673	-1.0248123288657756	-1.4870003907440394	-1.15554895163194	-0.7063965271814646
OSD-7__Atha_WS-0_Col-0_Shoot_FLT_Rep5	-0.3286655475319931	-1.0890655364416153	-0.7863406693384247	-0.8962427659572862	-0.8004289439009182	-0.7568920975844671	-0.9382420191859426	-1.006543622827927	-0.9412177765406784	-1.1525136103485247	-0.566594209567887	-1.110099229256978	-0.958708957482577	-0.9968420840046224	-0.8926669684029918	-1.1352906656366344	-1.104676774157692	-0.94583581299219	-0.9894841303989393	-0.5940059558647689	-1.1377445084782252	-0.8840179321884332	-0.8538741336894713	-1.1979740049922685	-1.0257084911653989	-1.368158705591806	-1.1474617364822375	-0.7298796817125359
OSD-7__Atha_WS-0_Col-0_Shoot_GC_Rep1	-0.2726674015625006	-1.1274273586077697	-0.765668408242786	-0.8926837991656128	-0.7659455751275431	-0.7109727898058972	-0.9266536091246561	-1.0194123760493634	-0.9269743409391897	-1.156210692781446	-0.5423515151808802	-1.0953827480358316	-1.0019570888899623	-1.0700782902069335	-0.8803655748771851	-1.1580190253063556	-1.103726480357977	-0.9434850550914368	-0.9818336436309242	-0.5815230105401223	-1.1294852603291416	-0.8632217892082134	-0.8467025403106784	-1.192666317939604	-1.0173218152837773	-1.4652028582694445	-1.1556369239487718	-0.7130273561863526
OSD-7__Atha_WS-0_Col-0_Shoot_GC_Rep2	-0.3057203923320663	-1.1145460829110823	-0.782614411959407	-0.8760695935793523	-0.7699439613745941	-0.7622172275434937	-0.9262607723499806	-1.0231050992028614	-0.9487253169783731	-1.1628626567958384	-0.573216100671113	-1.100163310173098	-1.0154484646255766	-1.1140872260305037	-0.8875888092376716	-1.1413612906892276	-1.102846614587951	-0.9425654013795162	-0.9862150068051295	-0.6258506485606753	-1.136553334281462	-0.8965851203111879	-0.8574211463509006	-1.1940910199450785	-1.0450163035153939	-1.481128300529749	-1.1542261173579083	-0.7285791807431607
OSD-7__Atha_WS-0_Col-0_Shoot_GC_Rep3	-0.3465683779672915	-1.1102959361583786	-0.7777166433623519	-0.884846974637928	-0.7735706339973989	-0.7446501553869764	-0.9332280071981875	-0.9962033762728929	-0.9505612406197098	-1.1582566147402111	-0.5587380714250956	-1.1075524284710647	-0.9767690295095176	-1.000319929327033	-0.8786571435620101	-1.1568093491476654	-1.1043358822946323	-0.9437089175859832	-0.99809056261026	-0.5842679374302482	-1.1352147352362982	-0.8800291626611543	-0.8524296156687671	-1.171306496196714	-1.0261867791322887	-1.4154408053861118	-1.1535811505582352	-0.7145734262216245
OSD-7__Atha_WS-0_Col-0_Shoot_GC_Rep4	-0.2792553069022397	-1.111701864332747	-0.7647171548792676	-0.8749693723542613	-0.7923478755797555	-0.726437361472972	-0.9346036282055477	-1.021399624764207	-0.9399341786506592	-1.1559127615108817	-0.57523659582077	-1.0951120060541426	-1.0147926260802593	-1.1065299703446478	-0.9041834503230447	-1.1383080046474645	-1.1036734944347775	-0.9409874075888758	-0.9906771246935516	-0.6010712774167386	-1.1340426066959304	-0.8970252607064866	-0.8637144740680314	-1.1883456319198453	-1.042117213642003	-1.4833676052059457	-1.159142651828415	-0.6973192233503545
OSD-7__Atha_WS-0_Col-0_Shoot_GC_Rep5	-0.3166367751991239	-1.1092686520717263	-0.780962415702058	-0.8750232309226492	-0.8011704127453607	-0.7627244663261633	-0.91742490564161	-1.0124566143356697	-0.9537826774819143	-1.1616817718346326	-0.5543147440865529	-1.0843067679908587	-0.9812094554875825	-1.0213790257082382	-0.8830366735257485	-1.137805786528883	-1.1035956237702877	-0.9386844027574853	-0.9911263856077918	-0.6108700292937282	-1.1425475247309131	-0.8833526009667924	-0.8491726829544316	-1.1938838914527101	-1.0313246061341557	-1.4426580371991926	-1.1561524783630515	-0.7164719913776817
OSD-7__Atha_WS-0_Col-0_Hypocotyl_FLT_Rep1	-0.3961765827447561	-1.1206253987478088	-0.7902913908455221	-0.9444524101250633	-0.7749136278898083	-0.7104683030705102	-0.9512073831570841	-1.014523281690157	-0.963541759949253	-1.1622720215217492	-0.6186935755023463	-1.123922975727911	-1.0721711033199828	-1.001209728211124	-0.9513843549702398	-1.141758494446254	-1.109723987119103	-0.9779336539225635	-1.0108752580101459	-0.5128701115369684	-1.133597578531563	-0.8968922613315424	-0.8713654775875779	-1.163820268668544	-1.0483372147387076	-1.3350138542803003	-1.1449311452884152	-0.7639254516342013
OSD-7__Atha_WS-0_Col-0_Hypocotyl_FLT_Rep2	-0.35725212959044655	-1.1032453545075327	-0.7835811832600691	-0.9486128517869363	-0.7664129452820637	-0.7250623912514438	-0.9452893118475518	-1.0169586007188876	-0.9468011718712879	-1.1652768861617553	-0.5955723526245926	-1.157790370465448	-1.0751700597101856	-1.0210499351588151	-0.8995547978585399	-1.153922111611651	-1.1112339888172282	-0.9814809341488095	-1.0102406699566475	-0.5087302851849739	-1.1408820403323523	-0.874940511725675	-0.85176771772559	-1.1848535335013766	-1.0595964413927224	-1.4322159691195786	-1.142618197944842	-0.7398735216735305
OSD-7__Atha_WS-0_Col-0_Hypocotyl_FLT_Rep3	-0.3812249523127853	-1.112338070484377	-0.7995272973352741	-0.954777082702019	-0.7792926560865624	-0.7190957019024586	-0.9494775205209978	-1.0161174872886458	-0.9359331776848284	-1.1650782565659121	-0.5978038682162033	-1.1298865626399892	-1.0265125085726758	-0.9778105941886666	-0.9579168119663479	-1.1318741293049333	-1.1107896371808377	-0.987452917897343	-1.004567723762041	-0.5341634319442061	-1.1383474625505918	-0.8897324917178094	-0.8783231906062139	-1.1635656322651204	-1.0467043923727046	-1.3231821358667126	-1.1538909117352425	-0.7504471354331146
OSD-7__Atha_WS-0_Col-0_Hypocotyl_FLT_Rep4	-0.36406898596621207	-1.113308152134682	-0.7953797015183257	-0.9458935050998551	-0.745947234697303	-0.720365055314973	-0.9451568841279145	-1.0060645536499428	-0.9731417934151951	-1.1596358682610854	-0.5959413114964554	-1.1523539238975669	-1.0699909391613858	-1.0143886215607296	-0.9086299581275362	-1.1602476101229344	-1.1115211173710742	-0.9851707507833838	-1.0137889109564882	-0.4845555400124242	-1.1383051082087725	-0.8830727250695857	-0.856834973387787	-1.1771784132720502	-1.0523525927164539	-1.4232469449753213	-1.141884390208069	-0.7479406636583886
OSD-7__Atha_WS-0_Col-0_Hypocotyl_FLT_Rep5	-0.3685096411142495	-1.1135539130238086	-0.7931927137681939	-0.9598930120735941	-0.7736770633870204	-0.7233583924647414	-0.9441450734658585	-1.0215155165472072	-0.957493727973461	-1.1656785220605732	-0.5833919262753917	-1.12585994953204	-1.040670160977731	-0.998108642061484	-0.9654619318927691	-1.1506523415736554	-1.110483850274289	-0.9743587414109361	-1.019998811840695	-0.5158119946219856	-1.1367780218628196	-0.8890879353078623	-0.8687648437352952	-1.1620575439777474	-1.0340954616970734	-1.3115864893141018	-1.1545274231989633	-0.7482370819478704
OSD-7__Atha_WS-0_Col-0_Hypocotyl_GC_Rep1	-0.365777682887779	-1.1097826614991801	-0.801400363902029	-0.9620683277676473	-0.759828808618154	-0.7093582304735209	-0.951772112999065	-1.0182523054654349	-0.9632539075110869	-1.1681930626255346	-0.6078615264505635	-1.1524744719132423	-1.077438796504067	-1.026323684122311	-0.937832553368759	-1.1424623956080067	-1.10991318134299	-0.9716367994257625	-1.0108596290041965	-0.4940084350751933	-1.1240905569874826	-0.8915107436110015	-0.8725992443326591	-1.1634123120119224	-1.0575898217523507	-1.4129895165455248	-1.1325084136086745	-0.7818422536585518
OSD-7__Atha_WS-0_Col-0_Hypocotyl_GC_Rep2	-0.36270607098227936	-1.1185968139430325	-0.7837438593946404	-0.9555898118955368	-0.770178000136564	-0.7188003798242406	-0.9463588203763945	-1.0202051783031143	-0.9431940494412014	-1.1723750145062162	-0.6061307145676028	-1.1518189492967255	-1.1023632605728833	-1.0818981447372036	-0.9332975303098376	-1.1551157040584472	-1.1096367113461072	-0.9782160659664021	-1.0117811736691027	-0.4907581150083905	-1.1324424389327163	-0.9143522632794242	-0.8802741646286035	-1.1601802726776258	-1.0630450169968597	-1.4121238262305718	-1.1320673767559557	-0.7683988828644776
OSD-7__Atha_WS-0_Col-0_Hypocotyl_GC_Rep3	-0.3739068879201206	-1.117708072450942	-0.7974249563535905	-0.9553521884215372	-0.7818808474443862	-0.7247808906499981	-0.9443120021693476	-1.0147611601983049	-0.9511899260539811	-1.176843768981338	-0.6266510441088313	-1.1276485110757204	-1.053762939507701	-1.0357146783928277	-0.9414751596652459	-1.156830157295523	-1.1095991224475066	-0.9718651126758385	-1.0083105676483197	-0.49715749535981774	-1.1363127407811862	-0.9028115510543119	-0.879271238592199	-1.1819658406789932	-1.057116872158729	-1.3889075614545674	-1.15118480003071	-0.767932037877417
OSD-7__Atha_WS-0_Col-0_Hypocotyl_GC_Rep4	-0.3412173698885121	-1.1164085777610122	-0.8084010562701875	-0.9572670766636963	-0.7625514499185606	-0.7055344750412916	-0.9494313743980739	-1.0150538213766347	-0.9599328973776071	-1.1705563090534306	-0.630244686113745	-1.148968747865557	-1.0905186588171896	-1.0623889707430334	-0.920586905909618	-1.1455482678818922	-1.1109169071783649	-0.9880117500564839	-1.0176997225435946	-0.4932159298532833	-1.1252369028137963	-0.9026527668410198	-0.879906607481882	-1.1606450008086746	-1.0610969578331158	-1.3909715691271187	-1.1391401938183066	-0.7786106609560173
OSD-7__Atha_WS-0_Col-0_Hypocotyl_GC_Rep5	-0.3840954061165222	-1.1161042127934169	-0.8018733412001733	-0.9501632510726464	-0.7582574245340968	-0.7125417875464432	-0.9387873927429448	-1.0143030986032164	-0.9676633982987938	-1.162643864270071	-0.6157274211085182	-1.1294682223048058	-1.0681400247270074	-0.9998509211167264	-0.9339101267565155	-1.1364370359864748	-1.1100460145009774	-0.9755122652510827	-1.0135000354655683	-0.513378092923976	-1.1284886481788687	-0.8777602993802827	-0.8697329227632566	-1.1722806856882988	-1.0448494647398445	-1.3657212509941214	-1.143617449418568	-0.7610539470900572
OSD-7__Atha_WS-0_Col-0_Root_FLT_Rep1	-0.3089765283223081	-1.1265591311129446	-0.793049787271387	-0.9519728775187448	-0.766469631799969	-0.715395669533681	-0.9159126921064221	-1.015790823021276	-0.9904890497475314	-1.1408034919438195	-0.5764142755358298	-1.152349498112453	-1.123177128150116	-1.092866855021398	-0.8702576943708372	-1.1339980993123837	-1.1199391154907052	-1.0401252002549135	-1.047615158357837	-0.5668063554395498	-1.1563581575106123	-0.8759891486748347	-0.8736191530121131	-1.124073694749093	-1.0401032470817748	-1.335704530355108	-1.1502520076988085	-0.7374439925744277
OSD-7__Atha_WS-0_Col-0_Root_FLT_Rep2	-0.33043985683302657	-1.1410356068056686	-0.7822303635449215	-0.9434812946884679	-0.771678452536656	-0.7051500780136288	-0.9120483120789303	-1.0205739196544958	-0.9638448610825118	-1.1555312500895185	-0.5714997331866665	-1.1699667920859411	-1.0779769504658292	-1.052343099433978	-0.8551897139191678	-1.1307894839116477	-1.1236305155214181	-1.0409377827979505	-1.052489656628596	-0.5599925732078894	-1.1533320569262235	-0.8653871851658972	-0.8395758129695959	-1.1239047152288455	-1.0406300726608344	-1.353898062908877	-1.145003028544129	-0.7252325274359234
OSD-7__Atha_WS-0_Col-0_Root_FLT_Rep3	-0.31346155021937944	-1.127788078797077	-0.7842155761738464	-0.9431275756855497	-0.7779595584416648	-0.720521191838765	-0.9188353877963453	-1.0159533554334916	-0.9716702385490199	-1.154412677431415	-0.5857485742349756	-1.146237558732977	-1.0587354729037064	-1.001604408919055	-0.8802008207897043	-1.1333488510165515	-1.123097701417433	-1.0397270566658046	-1.0387554838971524	-0.5689931330974564	-1.156440200764711	-0.8640186878241358	-0.8673232605458326	-1.1248373176642226	-1.0275428283509191	-1.3198500401072266	-1.1449206546186703	-0.7272007618538642
OSD-7__Atha_WS-0_Col-0_Root_FLT_Rep4	-0.34981299606249333	-1.139485341130751	-0.7958311105678939	-0.9418213697032041	-0.7287066708258594	-0.7162771875359208	-0.8982768875617245	-1.0138250761521435	-0.9837287751092467	-1.1536365633185097	-0.567332870481612	-1.1770466153974322	-1.077567775832129	-1.0693597862828228	-0.8613823362232961	-1.1276054672064635	-1.1239628405204343	-1.0451501852440535	-1.0538606118164116	-0.5556083775221778	-1.1524874627857689	-0.87086453139071	-0.8382395895888323	-1.1131480363563975	-1.0314176302053333	-1.3280719151000944	-1.1511506822049518	-0.7227283219736227
OSD-7__Atha_WS-0_Col-0_Root_FLT_Rep5	-0.3378547218308885	-1.1370783013010548	-0.784049379274241	-0.9532675079027269	-0.7797357868759706	-0.7400176525512284	-0.9280511271516406	-1.0083111123217616	-0.993857039804529	-1.1533035036669805	-0.5680966982268385	-1.1568364267248543	-1.057609488318628	-1.0052271654935763	-0.8824624403098942	-1.1380016719193926	-1.1205575698609485	-1.032433200674253	-1.041048743614709	-0.5978825295251556	-1.1549192279831213	-0.8715868312629568	-0.8668702179990139	-1.129128933433567	-1.0383873243012771	-1.3203506577421569	-1.15147679412301	-0.7243405859906635
OSD-7__Atha_WS-0_Col-0_Root_GC_Rep1	-0.32742758246404297	-1.139575230403163	-0.7834874082455215	-0.9520051714875153	-0.7521478928382201	-0.732273264140908	-0.9335973807344111	-1.0247766196463564	-0.9883392311998062	-1.1614044859043535	-0.5641696284855513	-1.1562776192285482	-1.1293059785142443	-1.1139669099482363	-0.8624190813651357	-1.1394527511355983	-1.1233963846973813	-1.0493875134345187	-1.0612255592020392	-0.5651941297056033	-1.1579646390073455	-0.8684335739715128	-0.8585883804835621	-1.135356433194871	-1.047154129799808	-1.3745128069202854	-1.140498533805456	-0.7326731862544136
OSD-7__Atha_WS-0_Col-0_Root_GC_Rep2	-0.3392521881461618	-1.1330482411547784	-0.7921822324114054	-0.9424641825796315	-0.7643754214542388	-0.7211342627983586	-0.9158990877106661	-1.0255714582564504	-0.9499192067636009	-1.1621013986240851	-0.575633788363677	-1.157284844659564	-1.121785178740719	-1.1023812958340993	-0.8509565494129393	-1.1373567592815041	-1.1253307187538173	-1.048659292175321	-1.0742800534221548	-0.5777262356394326	-1.1541601263977248	-0.8644654762000247	-0.8350947686669824	-1.1155675950100399	-1.047728311540039	-1.3685474969752789	-1.168141385701631	-0.7343951309856199
OSD-7__Atha_WS-0_Col-0_Root_GC_Rep3	-0.29210934293185925	-1.1373022721387438	-0.7738663760136103	-0.9468812366628995	-0.738792715534003	-0.7175900332943215	-0.91015508535058	-1.0233288396017883	-1.0017187182155733	-1.154560973431378	-0.5561097382777921	-1.1464832718890523	-1.1074127942058538	-1.0817736435860832	-0.8710028765708024	-1.144278814912264	-1.1198972416183035	-1.0251327101033316	-1.065389058607908	-0.5548474428523735	-1.1543891644033415	-0.8786091695415701	-0.8649468163983024	-1.132420649263646	-1.031948176722735	-1.37384451312456	-1.158501281751612	-0.7336411852123537
OSD-7__Atha_WS-0_Col-0_Root_GC_Rep4	-0.3023091976134227	-1.1399649799860412	-0.7840154253921918	-0.9401251728843819	-0.7691505039644149	-0.7177247803727433	-0.9109232905811879	-1.02997878134069	-0.961283685574055	-1.1570628751413907	-0.5570415933834315	-1.173350490106125	-1.1125092609185234	-1.1286878269610763	-0.8497198958652454	-1.141208847239174	-1.1253085426507605	-1.0599969438481551	-1.0650346507118351	-0.5786482735339371	-1.155098449638605	-0.87416305167438	-0.8316789861188502	-1.1128743816746565	-1.0393809437179813	-1.3735372630730058	-1.1629964241300983	-0.7240283027254006
OSD-7__Atha_WS-0_Col-0_Root_GC_Rep5	-0.319036718499296	-1.1366970475245166	-0.7842782073974828	-0.9434450394814797	-0.7632071832672225	-0.7018219384398711	-0.9126303075534895	-1.0219216015721584	-0.9692040106881623	-1.1541457332629081	-0.5700512908008035	-1.1655528067788523	-1.1027343498711497	-1.075131927600093	-0.8490386761448252	-1.1442661790474882	-1.1211173864680166	-1.041007707566285	-1.0664849449433362	-0.5487535030957418	-1.158588999177412	-0.8759345391249215	-0.8611493068506465	-1.1181049314237161	-1.0366781051714757	-1.3775775853115837	-1.1640201820308653	-0.7352396010577602
OSD-17__Atha_Col-0_sl_FLT_BA1	-0.665059296946371	-1.4075371674703663	-1.2242993991173523	-1.1513163476712027	-1.0843410959839348	-1.027979939204856	-1.2685801962627783	-1.3202166883105366	-1.2627643433021405	-1.4016881795801566	-1.0003961505067656	-1.4393353218858596	-1.321094586798979	-1.4896002681098477	-1.19809231763762	-1.5109872468180363	-1.1627581377915355	-1.1882161874902861	-1.39785848542372	-0.9298638476363245	-1.46841557783885	-1.130634595177676	-1.1570362151562166	-1.5413660512077323	-1.2653864156548824	-1.1494906529595792	-1.4875839798408497	-1.0884879088672272
OSD-17__Atha_Col-0_sl_FLT_BA2	-0.685929807437661	-1.3434313150720885	-1.1754051976426563	-1.1498178735080424	-1.0347184463681849	-1.0052014844515718	-1.2532392031735005	-1.3645182313729232	-1.2696820158311328	-1.3880050247066813	-0.9643203858634402	-1.447377052741217	-1.357221084836132	-1.437071864609345	-1.2272977881818812	-1.4897668198166891	-1.1659956512500902	-1.1910876211360266	-1.4297179865127696	-0.9211670235921324	-1.501868826998337	-1.1039716529216408	-1.198497747379536	-1.5447175065129706	-1.2632066865525677	-1.1943170751786374	-1.4607770899924888	-1.1023898602693039
OSD-17__Atha_Col-0_sl_FLT_BA3	-0.7137241507069568	-1.3709290727337982	-1.1982264917032335	-1.1682297508944273	-1.062431961615178	-0.9889205043343477	-1.2558663732265714	-1.3674907036349109	-1.2146258872987836	-1.4263714692829204	-0.924060073829539	-1.4011905822414843	-1.3593474987360612	-1.4926564072198414	-1.2279404673880032	-1.4791792711744327	-1.1615391658929068	-1.1935623638546644	-1.4122825042133467	-0.9658195157574347	-1.5005397489938745	-1.1666373730959587	-1.162457216100873	-1.5411667728993912	-1.2936406529537827	-1.2571490069907232	-1.448132352661132	-1.0996960267222735
OSD-17__Atha_Col-0_sl_FLT_BA4	-0.7109619848685728	-1.3693760471561063	-1.263920809865319	-1.1728255186093302	-1.0923685081964833	-0.9489208971758779	-1.2722345787994591	-1.3743286630960319	-1.2529369979507599	-1.411539052743494	-0.8739807535667306	-1.4496604637851305	-1.3769857241904806	-1.4670893763051729	-1.262855717204301	-1.4325628785023754	-1.1614631056640465	-1.2256322830061277	-1.4198852022000008	-0.9955003841123173	-1.4578161193551769	-1.1040736032328105	-1.1969680095017459	-1.564883516142668	-1.2691934807942211	-1.1493645215407318	-1.4777144482308096	-1.0798707374289356
OSD-17__Atha_Col-0_sl_FLT_BA5	-0.6096722705604906	-1.3594309579216344	-1.2030573479587368	-1.199077404401737	-1.1654475922016965	-0.8824454535451024	-1.2807858091861932	-1.4058079899320597	-1.330814626299303	-1.4437759084041721	-0.8907296655033845	-1.414395029458723	-1.3914220294774875	-1.4583784692550863	-1.285376999442034	-1.463768659634096	-1.1661059332046129	-1.2455233370349046	-1.4296538545806985	-1.0288531868122837	-1.5245240689294468	-1.220531878155869	-1.24688250249989	-1.5648355555392355	-1.3339005999190943	-1.3926093075603392	-1.4492143721130488	-1.0844304856025657
OSD-17__Atha_Col-0_sl_FLT_BG1	-0.7097980250717845	-1.376639128092431	-1.241182375199322	-1.1537513632355774	-1.1184035822551917	-1.0140191974314616	-1.2316727663285794	-1.358863881184449	-1.2513838887835154	-1.383827405311488	-0.9576371784439919	-1.4745577315979237	-1.3427557405601214	-1.4573287079578097	-1.2123157778263562	-1.4869620925654123	-1.1616379625176587	-1.1867437494304545	-1.3897015807865531	-0.9194607306775141	-1.495000090748319	-1.104844146319587	-1.1642571907459471	-1.5323354213835303	-1.298608052402695	-1.1877001713692596	-1.5050203120536763	-1.103491971610822
OSD-17__Atha_Col-0_sl_GC_BA1	-0.6728236371629657	-1.3877737080054604	-1.213399794247405	-1.136441452486076	-1.0682708590169996	-1.0380213411658583	-1.2614106901750786	-1.3815409726015566	-1.220345860509749	-1.3877618680366746	-0.9318962069269838	-1.4381074208851523	-1.3572355120115378	-1.4788627252029483	-1.225134246852939	-1.4267492887107192	-1.160207442936758	-1.1872152376122835	-1.3769333928463179	-0.9418086291288897	-1.4549677287388543	-1.1416918369476483	-1.1580365260347167	-1.5100249083916675	-1.3215043033266978	-1.393745958220999	-1.4738649557771017	-1.0620609725315489
OSD-17__Atha_Col-0_sl_GC_BA2	-0.596186919557072	-1.389935488639204	-1.247637947545001	-1.1514924137959177	-1.1011939717652492	-1.0232680235194411	-1.2479837170280483	-1.3616867745540366	-1.2307154199515895	-1.410667952088484	-0.9577532422642646	-1.4325693938060793	-1.357438309715663	-1.4497045811972578	-1.2168357674056098	-1.500008581737592	-1.1667257630913295	-1.2083774265730185	-1.399342568644197	-0.951271265434108	-1.4862482678444564	-1.0965291171766605	-1.1789049956751854	-1.5496855604571338	-1.290515803758528	-1.418880666267676	-1.496487321434569	-1.0976054281597927
OSD-17__Atha_Col-0_sl_GC_BA3	-0.6923333595979008	-1.3834688825183594	-1.1767672525948136	-1.1606837409582602	-1.089654557708516	-1.0322501816895597	-1.2299786709825313	-1.3695900074815643	-1.2749639782074524	-1.3812226199218438	-0.9650244297359861	-1.4760948937851692	-1.3471516969686004	-1.4621209735103533	-1.2106843492067434	-1.4839462734629774	-1.1600174895525162	-1.2365664213439054	-1.3941072479726098	-0.9618517992510601	-1.4709255837256476	-1.1407132666144328	-1.1764559411194189	-1.5290894749483557	-1.3086128685765916	-1.3581312439549607	-1.4591608733805381	-1.0877206534878687
OSD-17__Atha_Col-0_sl_GC_BA4	-0.5938877543926974	-1.3908857694315615	-1.2048157431055853	-1.1542029844368082	-1.0930387241535917	-1.065844280507374	-1.2668865360913502	-1.3635049673364232	-1.30557250777141	-1.391564250585301	-0.9553326487244649	-1.4438952838399706	-1.371311132129228	-1.4244357747705116	-1.2120497103914107	-1.504063745208351	-1.1664589996343364	-1.2318433950736551	-1.3843988976301351	-0.9617428530746214	-1.5036743066813936	-1.179320223354202	-1.181747477492626	-1.5470697969223564	-1.337074917181692	-1.3415698994163892	-1.4952801546191898	-1.0394091936793295
OSD-17__Atha_Col-0_sl_GC_BA5	-0.6746968635883944	-1.358788311969183	-1.223019154306701	-1.1733536709383268	-1.0951782523598816	-1.0656596738926756	-1.2954755629856294	-1.3925834975824813	-1.273557927220161	-1.3884819861220261	-0.9437884108865998	-1.4569139767394648	-1.3424962220978038	-1.436022406025876	-1.2058888612433343	-1.4766901131403598	-1.1630822888188863	-1.227630528567475	-1.4297214199569976	-1.0036790728970357	-1.5050411592206707	-1.0912439510950542	-1.1471207299136603	-1.534138419346692	-1.3093296858304715	-1.4288798330153554	-1.4661228549075978	-1.0726021560149177
OSD-17__Atha_Col-0_sl_GC_BG1	-0.5597956792724198	-1.4075674800474287	-1.1434222844502773	-1.142424612419201	-1.0142296348969266	-1.0495202119463838	-1.250175074999988	-1.3596927147437936	-1.2953839967053606	-1.434798385358459	-0.8751638847839943	-1.4314280518553444	-1.3371632589732814	-1.4976292896832686	-1.1990081874985743	-1.5131402789456223	-1.1655230942466044	-1.1993155374065527	-1.3980284299669121	-0.8930475022367286	-1.501685810396526	-1.1538494640702688	-1.1615754317872964	-1.5356911925801737	-1.2931880462881815	-1.3666319940280027	-1.5346329868556792	-1.088546181643194
OSD-17__Atha_Col-0_UdCC_FLT_BB2	-0.8204934964083344	-1.3577625783946141	-1.206595323229714	-1.1898762978205544	-1.139241760817246	-1.1205641429357194	-1.2623825255614776	-1.3439051541015687	-1.3253395918933297	-1.384114856573852	-1.0247556233278095	-1.4571538672493918	-1.3898388079546617	-1.456186879303159	-1.2156994161193868	-1.482553742474773	-1.1526020672397554	-1.2014466994092807	-1.407635721289967	-1.1015036981668447	-1.4859934548903555	-1.1690335414115605	-1.2193920728020011	-1.4502694645387093	-1.2603217111678275	-1.3989444531929975	-1.47013528147966	-1.1149071445892271
OSD-17__Atha_Col-0_UdCC_FLT_BB3	-0.8542780492254677	-1.3647411359658377	-1.2146542309090456	-1.1666642440535877	-1.1675814822298545	-1.0832997003177656	-1.251797185155206	-1.3649259402295046	-1.2984173138731712	-1.4075614742154299	-1.0400977412010701	-1.4468213386923099	-1.3893611739591656	-1.4492549052869	-1.2251601638022698	-1.4954679581124581	-1.1571736054247672	-1.200660449281222	-1.43059498947093	-1.0937991120760873	-1.4880573012171905	-1.1609175190749232	-1.1990094742438113	-1.4558479836923823	-1.2764196322778427	-1.4128401193022575	-1.5041078997486383	-1.1114283676182692
OSD-17__Atha_Col-0_UdCC_FLT_BB4	-0.8018258089448245	-1.3807698443163559	-1.2368276360034567	-1.2040175120564713	-1.1340646876896225	-1.089795894673441	-1.2436580094578655	-1.3530506700060672	-1.2843450555909453	-1.3983016298793676	-1.0247131279715394	-1.4334028555839202	-1.3728112909095747	-1.4396946337232581	-1.2377649177442476	-1.4930271433146733	-1.1598284617392587	-1.2309035717153645	-1.4384577725814738	-1.0844442960616834	-1.4996141727948193	-1.1543955627736913	-1.2140029704725956	-1.4699917109717509	-1.2756949208236115	-1.3920501639801675	-1.4781529103089197	-1.1309697226156856
OSD-17__Atha_Col-0_UdCC_FLT_BB5	-0.8811674631211313	-1.3480962213777214	-1.1855837105346212	-1.1727010114127767	-1.157004374368584	-1.0954503182102067	-1.2581942127692556	-1.3562203676083124	-1.3093323710594822	-1.3853325154546665	-1.0144150856792147	-1.4393913818980055	-1.350841937369845	-1.443861697250412	-1.2470407914635158	-1.4958722951936605	-1.15288458288003	-1.1817856478204307	-1.4278409427008467	-1.1032391585997467	-1.4704491114260512	-1.1539271041870762	-1.2064257503073854	-1.4655477742525294	-1.2798148226477446	-1.4081787051282757	-1.4605039438029586	-1.0926254733311083
OSD-17__Atha_Col-0_UdCC_FLT_BG2	-0.8471538507376088	-1.3714245886538297	-1.232741745084238	-1.1851499869961133	-1.1568562984377782	-1.109435576996761	-1.2411653407798007	-1.3330506301076626	-1.3131684326259734	-1.394656654480011	-1.0318160232793754	-1.4533483203190791	-1.363673830412815	-1.4777684037251215	-1.2372154901020918	-1.4666626074428695	-1.1514066956193578	-1.1865011568433497	-1.4214569140835072	-1.06610162195473	-1.4677577267023092	-1.1467183656219735	-1.216005761672441	-1.4458254643973976	-1.2671189949866963	-1.384359287056253	-1.468811686680599	-1.125511677323142
OSD-17__Atha_Col-0_UdCC_FLT_BG3	-0.8449749228987539	-1.353836139977535	-1.2113040304830716	-1.1822349123865332	-1.180148642453737	-1.114861263769162	-1.248094187277316	-1.3427273736484195	-1.3128820868058226	-1.3844207114797318	-1.0551909843433793	-1.4400117640548311	-1.3892964465050497	-1.475006309541238	-1.2467523629850288	-1.4822401037114754	-1.1570944185374599	-1.1979102822524172	-1.4175147156687955	-1.0636980569902752	-1.4735482078819373	-1.1486457371374237	-1.195905837808386	-1.4470643114214512	-1.2951219752088434	-1.3847475579017994	-1.4554447485923634	-1.1187906591801617
OSD-17__Atha_Col-0_UdCC_GC_BB2	-0.7967107591348741	-1.3811629104414365	-1.2683997629276218	-1.1494470395435112	-1.1307009259101652	-1.1035718725870802	-1.2280978832274074	-1.3346263277587334	-1.2095324291571632	-1.3629613126069076	-0.9807615810994998	-1.4589102241087066	-1.3701363522691643	-1.3928433034414052	-1.2241527524632057	-1.4685823650281238	-1.1662424462647654	-1.2058633349606032	-1.4627578914572108	-0.9849876896667893	-1.4695271342269174	-1.1425520672821048	-1.2115525616958458	-1.5310499642588993	-1.2328359509290452	-1.153152522617206	-1.4666388668494499	-1.0990751436648438
OSD-17__Atha_Col-0_UdCC_GC_BB3	-0.8390676886547775	-1.3720350385234388	-1.2464688902547734	-1.2144901662206686	-1.139724329125005	-1.0898746529898786	-1.2514274428023686	-1.3481101196259007	-1.3001331522258477	-1.3944141294250725	-1.0118157703147457	-1.4644272374159069	-1.3825320586624812	-1.4310726450433977	-1.2593328369622951	-1.4751811515182172	-1.1670200409960685	-1.222643369698307	-1.4409630534094628	-1.0794268891250722	-1.488622303925767	-1.1457020472798025	-1.219345162778222	-1.4859030667148112	-1.2727043183819047	-1.415449804774365	-1.4874414884517566	-1.0970587906864178
OSD-17__Atha_Col-0_UdCC_GC_BB4	-0.7951008890706369	-1.3881659923314578	-1.218057538293628	-1.2025608585147556	-1.1324435265339556	-1.084753294090447	-1.2584876910224705	-1.3423981241213725	-1.2945411428933504	-1.4073575953695112	-1.0127190616409283	-1.4527914746031358	-1.3738049140072561	-1.464636979648081	-1.2132797377420454	-1.462480290694486	-1.1562173802442008	-1.214373413562572	-1.4249206478275214	-1.0683632875115174	-1.5006492400955656	-1.1539102936027799	-1.193906335555624	-1.4671977678188	-1.2783279455208028	-1.433296591935222	-1.5137947571729298	-1.107202424330095
OSD-17__Atha_Col-0_UdCC_GC_BB5	-0.8418623094473858	-1.4028621369216152	-1.2455307326471916	-1.1969120473336352	-1.1596641240731143	-1.0818548200128708	-1.2572560608940697	-1.3432247392500287	-1.3208040717425926	-1.389030988214249	-1.0288391661628833	-1.442346248805877	-1.3756617516586294	-1.4706770764766277	-1.246439328606769	-1.4750020895835674	-1.1621779514896768	-1.211844346577552	-1.438895229819171	-1.0926596498217596	-1.4921622006731257	-1.1686268487032536	-1.222561517984379	-1.4742887309118415	-1.2789237526264203	-1.4021174879458096	-1.4960136523173795	-1.0977817509035246
OSD-17__Atha_Col-0_UdCC_GC_BG2	-0.8185120012691641	-1.361653469406108	-1.1733586214343872	-1.191543507645671	-1.1507507437440796	-1.1172521108406934	-1.2577176234671401	-1.3399219074175304	-1.3276791158003596	-1.3884688822789941	-1.0386832853240737	-1.4498592767356606	-1.3592651778964555	-1.4737285100188777	-1.2366838113636962	-1.4867439730071652	-1.1525596552720645	-1.1760780769815764	-1.4296578476864679	-1.061016588600056	-1.474985288315337	-1.151691878338443	-1.2087247740682463	-1.4669669709441289	-1.2895170685724664	-1.4025975926793148	-1.4940989366767945	-1.0918255402775336
OSD-17__Atha_Col-0_UdCC_GC_BG3	-0.8253342954487483	-1.392164176169633	-1.2274893833689968	-1.1767245001696607	-1.1720202320952726	-1.1021196922936207	-1.263095311408148	-1.3594000722528847	-1.3011232222269098	-1.3878842674305958	-1.0322010088412725	-1.4653543430291067	-1.3661889884975869	-1.4379105227446658	-1.2337185225953888	-1.4694148505252789	-1.1625455274801313	-1.217526738697903	-1.4330278476847462	-1.064547238489017	-1.4715046215349181	-1.1882088708915686	-1.2177603286242584	-1.4455290936556828	-1.2938121130750673	-1.38918425200014	-1.469325298706654	-1.1221338004283874
OSD-147__Atha_Col-0_HypocotylCC_ARG1-KO_FLT_Rep1	-0.41166286752156234	-1.2210888722292492	-1.0344406025786788	-0.9899699005874724	-0.9193101198383078	-0.8332289088600878	-1.0274473738164756	-1.0893896319851082	-1.0300738075573825	-1.23471807644285	-0.7093296001815039	-1.2199709857842262	-1.245099118173315	-1.2762469663450107	-1.1126413614233475	-1.2459724170174018	-1.1573311444775802	-1.1207637982288785	-1.2244410501410006	-0.7117334592065617	-1.2684526521083452	-0.8873130883417811	-1.0173104789350398	-1.3698697649720055	-1.0798066091879772	-1.0482929175185038	-1.2590223670862997	-0.8434358836392051
OSD-147__Atha_Col-0_HypocotylCC_ARG1-KO_FLT_Rep2	-0.43712535352077003	-1.2187673339341174	-1.0265931173632092	-0.9901541235553029	-0.910219617182267	-0.8388187865580701	-1.0283702598800646	-1.0857496522331145	-1.0396021057272105	-1.2380442372152969	-0.7067012480788015	-1.2364646124822463	-1.2535752570934264	-1.27188680210355	-1.1054419284805481	-1.2473926578035945	-1.1575015450067003	-1.1166061729564047	-1.2310336968666182	-0.7166547099449159	-1.2718455695871436	-0.8850742679024332	-1.0129941643518725	-1.3723572632004581	-1.0686165209535594	-1.04312864336547	-1.2579618001051336	-0.8524994504808209
OSD-147__Atha_Col-0_HypocotylCC_ARG1-KO_FLT_Rep3	-0.4398134711339748	-1.2219102519236877	-1.0225950080521904	-0.9935312621339712	-0.9018499325327011	-0.8495593816986228	-1.0439183095617293	-1.0740611986827342	-1.059895825322843	-1.2400716770551132	-0.7124223473645284	-1.235992114039109	-1.2565548415486776	-1.2627357075379764	-1.1188924645584746	-1.2358103499156323	-1.1559602283301655	-1.1199700451810946	-1.2322082836282109	-0.7157387070264737	-1.2701357661035242	-0.9089938225200955	-1.0085555816895015	-1.363244079270643	-1.0554512544979557	-1.0395125581944815	-1.2727808595692567	-0.8578633676419297
OSD-147__Atha_Col-0_HypocotylCC_ARG1-KO_FLT_Rep4	-0.4217419341054646	-1.222688524453887	-1.0192098998056993	-0.9797179594013	-0.9285587422300106	-0.845630921880164	-1.0307505406820103	-1.0788565615934906	-1.044499643337706	-1.241451658989417	-0.7115007615111275	-1.2272192789131933	-1.2470775015678608	-1.2749757329668094	-1.1042311147519626	-1.2410850998315734	-1.1583265543057923	-1.1215541959224524	-1.2179169146897473	-0.7294636669410554	-1.2693984629696395	-0.8890954462279617	-1.007368405119012	-1.377334055114146	-1.0550917166082678	-1.03039256349241	-1.2628957603810622	-0.8535240015723076
OSD-147__Atha_Col-0_HypocotylCC_ARG1-KO_GC_Rep1	-0.43865232580116303	-1.2300862786754454	-1.0216296322470082	-0.9990073860008422	-0.9265676555552816	-0.825115982330826	-1.045466486647183	-1.067481548907171	-1.0487250412858997	-1.242731556756064	-0.7221769204095707	-1.2070330766256925	-1.25545631533531	-1.2765889377726665	-1.1198953520632757	-1.240842175204037	-1.15848652691284	-1.1176850205605975	-1.2189555400134207	-0.7129638474298051	-1.2758042149843754	-0.9049373704995659	-1.0126366749905047	-1.3710644121392705	-1.0715495841393374	-1.037650862902001	-1.2754530343340182	-0.8418471088862554
OSD-147__Atha_Col-0_HypocotylCC_ARG1-KO_GC_Rep2	-0.4095636843632404	-1.2238599725486667	-1.020695530258543	-0.9869750647192888	-0.919788161607534	-0.849363625605013	-1.0375425172850576	-1.0761352809504914	-1.060407955620585	-1.2402369315049806	-0.7183331149837412	-1.214429415988734	-1.253869827270609	-1.2694392641454022	-1.0903327819321016	-1.2655199628380394	-1.1573588777826425	-1.1220977316149774	-1.2306881205218507	-0.7275058066000128	-1.2796439544180889	-0.8958174053933313	-1.0080732092327827	-1.3665746429510452	-1.0562447237768717	-1.0475865550503862	-1.2773245166259513	-0.8463255396566641
OSD-147__Atha_Col-0_HypocotylCC_ARG1-KO_GC_Rep3	-0.4150032362477745	-1.229321637657539	-1.0221559167494918	-0.9982557302209406	-0.916120772564149	-0.8438355073188847	-1.033735960808948	-1.0704392561596943	-1.0552385240286029	-1.237433109702908	-0.7297906397095741	-1.231617572675413	-1.2575706360593581	-1.268593163065896	-1.1145074173226084	-1.2440088597948777	-1.1576779023435428	-1.1218593136813861	-1.2250728181138164	-0.7315855463235184	-1.2771487226717482	-0.9059032809895895	-1.0112868381408633	-1.370258742692821	-1.0612582767875354	-1.0441371014048133	-1.2723419138510466	-0.854104376926921
OSD-147__Atha_Col-0_HypocotylCC_ARG1-KO_GC_Rep4	-0.39276953805558046	-1.2171519937440762	-1.0187033893722013	-0.9929541581944876	-0.9179890871661842	-0.8568315933945466	-1.0401618947025302	-1.0869897411963771	-1.0478436463898237	-1.2482515316658949	-0.7263012591409834	-1.2336469940397679	-1.249940483579178	-1.2888098662571377	-1.1144413871048675	-1.2351764195321178	-1.157362412828721	-1.1235019115754943	-1.231939940996132	-0.7136742191142679	-1.276333139178662	-0.8900928248701411	-1.0181922829678187	-1.3703044589570619	-1.0618692922717667	-1.0325994322549379	-1.2606367059888983	-0.8463049858426135
OSD-147__Atha_Col-0_HypocotylCC_WT_FLT_Rep1	-0.41274105825476726	-1.2325751967160508	-1.0106766939140714	-0.9954338601306097	-0.9085389913621783	-0.8314936748029307	-1.042144094203347	-1.0795715808989004	-1.0549174446861032	-1.2368406132556413	-0.7227975387711658	-1.2192512948823462	-1.2579928588738343	-1.2632827467608425	-1.1177966746616272	-1.2483854012909932	-1.157837250071326	-1.1208824337784162	-1.218303935576447	-0.7164025855687504	-1.27462639017435	-0.9064215710532464	-1.010027107949215	-1.3644813043814983	-1.0706080705049954	-1.0499784855555645	-1.2702249487657264	-0.8452535399513443
OSD-147__Atha_Col-0_HypocotylCC_WT_FLT_Rep2	-0.400089452875038	-1.2288986261099382	-1.0132696602800908	-0.9890946431149459	-0.889954403889119	-0.8373355420422309	-1.01879749193652	-1.0802093482307336	-1.042258933299569	-1.2441489291916368	-0.7123631013597795	-1.208849269978329	-1.2645848740767627	-1.2661618089720004	-1.1283936855354726	-1.25528820742272	-1.1573856709225088	-1.1167199136039103	-1.2221629724322898	-0.7123671703922575	-1.2837306985089139	-0.882669146160196	-0.9968272805863811	-1.3640893424399616	-1.0901046251342954	-1.050174428254489	-1.2901624949512596	-0.8564572770307383
OSD-147__Atha_Col-0_HypocotylCC_WT_FLT_Rep3	-0.41093090502699087	-1.2194530024425192	-1.0193353315082605	-0.9889856110727268	-0.9113701708811437	-0.8452238234790505	-1.0491524725296117	-1.0841332377229262	-1.0557235839994819	-1.2427787087359208	-0.7087762006218158	-1.2305318938553536	-1.2504920634669874	-1.2755452541676648	-1.124774635074469	-1.2380421198616314	-1.1568710777385924	-1.119916614920206	-1.2221329341165423	-0.7145986617202059	-1.2729229681910865	-0.8852035150620862	-1.0153719198483273	-1.371903951652168	-1.073396992667966	-1.0496243806163397	-1.273880634209515	-0.8500097303411163
OSD-147__Atha_Col-0_HypocotylCC_WT_FLT_Rep4	-0.4191846855931401	-1.2310085653789238	-1.0306053968795295	-0.9909645901079054	-0.906342378144018	-0.8370692948673601	-1.0243167483312683	-1.0728378864408943	-1.0440445284394693	-1.231457010654411	-0.7083069043047981	-1.2414968519987397	-1.2624642916524926	-1.2691828433567194	-1.1073676728966437	-1.2396106787313899	-1.1569284269510418	-1.125657529007456	-1.2360729919421838	-0.7105782892254876	-1.263962484670356	-0.8900019882992416	-1.019124855204314	-1.3665548946584236	-1.0718030009634212	-1.0340128152047958	-1.2756751194620735	-0.8597401526846653
OSD-147__Atha_Col-0_HypocotylCC_WT_FLT_Rep5	-0.3834476008259262	-1.2346481901457	-1.0073851405773857	-0.998829484960491	-0.9303003964379267	-0.8322571154540508	-1.0444580044719565	-1.077558552878242	-1.072383014565301	-1.2394315752961564	-0.7157417144480956	-1.2357015207970914	-1.2624941574168045	-1.272673108022279	-1.1104849704423911	-1.243171588901895	-1.1569011132832836	-1.1228354229663804	-1.2153579297199906	-0.7029838493437292	-1.2794793255198131	-0.8830281569378041	-1.010116459751476	-1.3606368885948488	-1.0692420062887118	-1.043584811051638	-1.2938572479896335	-0.8438129439912642
OSD-147__Atha_Col-0_HypocotylCC_WT_GC_Rep1	-0.4112542267271975	-1.2237450008436854	-1.0134234656380592	-0.9912940165491781	-0.9081206579229969	-0.8444592978866396	-1.0490674732987	-1.0731990011817074	-1.0603630455535673	-1.2375526547077775	-0.7179780819093126	-1.214535406109754	-1.2586801772981646	-1.253665976951894	-1.1080570793377793	-1.2303432803866838	-1.158261018063984	-1.1129271844171393	-1.2140871150746746	-0.7255592408553659	-1.2776530113571256	-0.8851456922754438	-1.0104769403478915	-1.3543020122555596	-1.0734916040165623	-1.0449016914178948	-1.2738383365584478	-0.8538655554161256
OSD-147__Atha_Col-0_HypocotylCC_WT_GC_Rep2	-0.3921110319751307	-1.2282168034522656	-1.0163357069511616	-0.9866449120891754	-0.919883009561815	-0.8444244396726059	-1.0410634664663356	-1.0721504184842097	-1.0571716688610222	-1.2409501701500594	-0.6890859218559677	-1.2279557597501725	-1.2501572064248816	-1.267244558570537	-1.1149526680795399	-1.2338681109337963	-1.1564251708674234	-1.1169296021851638	-1.2230808093422536	-0.7151819795330477	-1.2836929697842383	-0.8731207835666195	-1.0159241259065863	-1.3691838267603806	-1.0788100859240937	-1.0503151631433245	-1.2769309265512054	-0.853122583538487
OSD-147__Atha_Col-0_HypocotylCC_WT_GC_Rep3	-0.40019538913221275	-1.2253485452356312	-1.0239310856775616	-0.9901729139250458	-0.8979915719760162	-0.8434571265773628	-1.044736618599301	-1.080806458311789	-1.0527406048049395	-1.236191201714157	-0.7086316561742146	-1.2202897579129044	-1.2611801192814238	-1.2708827220005205	-1.1097546049893794	-1.238489857789505	-1.1571759414858187	-1.1149279535394347	-1.2278765518592298	-0.7045367307225625	-1.2750188379496663	-0.8972045241925254	-1.0119180495576572	-1.3627489628081486	-1.074452887362853	-1.0422137112176806	-1.2879209185464418	-0.8488824673477247
OSD-147__Atha_Col-0_HypocotylCC_WT_GC_Rep4	-0.4338464350417876	-1.2298028488058812	-1.0208538068812094	-0.9851597702578653	-0.9133279811587351	-0.8431022903013871	-1.0545448524064711	-1.0844747681147677	-1.070818223795612	-1.244371825148199	-0.69736897439666	-1.225252504723558	-1.2486939495048037	-1.2745092119524215	-1.1011797362638929	-1.2286086210129503	-1.1554495851441364	-1.1173307491439977	-1.2250382543346485	-0.7117563191430778	-1.2700493162662432	-0.8669886963338819	-1.0042025307962732	-1.3657145067591803	-1.0783158097548624	-1.0432933155057473	-1.2835355084761249	-0.8579237473865279
OSD-147__Atha_Col-0_HypocotylCC_WT_GC_Rep5	-0.4028016878252591	-1.2260895457031296	-1.0345766491030506	-0.9783002951140539	-0.9151965843621622	-0.8311542013432663	-1.0372966774638481	-1.0723637286228362	-1.0422518159448462	-1.2434425904215927	-0.7045968186545403	-1.229026363601835	-1.2537369719911533	-1.2641076325349492	-1.1094330432299075	-1.2385496516251777	-1.1575997719103206	-1.1210033087256177	-1.235698543382015	-0.707660218417324	-1.2831500086964487	-0.8968957256161417	-1.005171072730174	-1.3748465479564451	-1.064932870121572	-1.0447798487888547	-1.2803171680010343	-0.8754327208669433
OSD-205__Atha_Col-0_HypocotylCC_WT_FLT_Rep1	-0.4622674811645651	-1.2560286737972495	-1.0356081982276775	-1.0206575025697697	-0.9585034824723374	-0.8620387718981264	-1.0787930924000038	-1.099291816392963	-1.0918272711346433	-1.2553317577365284	-0.7493022256777249	-1.2472148113803325	-1.278311286367354	-1.283923839320652	-1.1392353360920038	-1.269326616985588	-1.1594078281567866	-1.133350391370253	-1.2486941498431026	-0.7530047071432718	-1.2949180561771634	-0.9289583801399177	-1.0386460546289733	-1.3900017735452956	-1.0950390771036083	-1.0599590675884603	-1.3031574348745283	-0.8806572870772736
OSD-205__Atha_Col-0_HypocotylCC_WT_FLT_Rep2	-0.4522809686454545	-1.2527428547004649	-1.0407910437252272	-1.0178456533293274	-0.9374760197881618	-0.8608370987682962	-1.0562289869593502	-1.1036613709436758	-1.0779939055264687	-1.262232470405026	-0.7418537631877032	-1.2385114988314259	-1.285666029542345	-1.2922532145913896	-1.1526994124456085	-1.2872305574287313	-1.1582271431068443	-1.1253485599027084	-1.252748211357121	-0.744563870884171	-1.3047069918734862	-0.9105281364954726	-1.0326390717962233	-1.3862169155530657	-1.114028510913	-1.0620198661181934	-1.3242548529140425	-0.8908944955417375
OSD-205__Atha_Col-0_HypocotylCC_WT_FLT_Rep3	-0.45335580500658995	-1.2480652268377148	-1.044322712172393	-1.0182619792589587	-0.9571417716634344	-0.8773921897126831	-1.0881578985632532	-1.1085830816805224	-1.0911364713997462	-1.2618176972364323	-0.7392200037460831	-1.2545696026970876	-1.2685024220407188	-1.3007025656871494	-1.1473735326103878	-1.2602933545227037	-1.1585018173421517	-1.1325298312868821	-1.2495583013154834	-0.7574661345731641	-1.2951236367665742	-0.9174522333388075	-1.0495932837392763	-1.394314633799455	-1.0968369753105003	-1.05883654392172	-1.305952886682768	-0.8814998759171451
OSD-205__Atha_Col-0_HypocotylCC_WT_FLT_Rep4	-0.46270080184062023	-1.2604140727534614	-1.0598226692827233	-1.01730421269434	-0.9532847325587138	-0.8651397141917088	-1.06362632974926	-1.0972977608270298	-1.0767595260549145	-1.2542333389054763	-0.747112098713223	-1.2760963886624275	-1.2832638848029803	-1.2887242750821202	-1.128834332224873	-1.2663868751670782	-1.1588248494809854	-1.1374923014479328	-1.2663573319771406	-0.7485615036471209	-1.2848079547564595	-0.9097610350925411	-1.0536991159732865	-1.3981974841908469	-1.0954919465203625	-1.0472668696513072	-1.3081168651532986	-0.8978194216201325
OSD-205__Atha_Col-0_HypocotylCC_WT_FLT_Rep5	-0.4463869388228498	-1.2635369271970396	-1.0299993037782096	-1.0247325822307012	-0.9773196857594024	-0.8632258714974598	-1.0853353265353942	-1.0980237681178795	-1.0979810040452593	-1.2668082444209736	-0.7452991956122461	-1.266457581001231	-1.2816649434274472	-1.301072784138677	-1.13118595334549	-1.2672238530594697	-1.1605037152464448	-1.1370900498115164	-1.249912680187524	-0.7524792626795523	-1.303498302750588	-0.9012694613600044	-1.0476398254331512	-1.3867572217180406	-1.0975000755025925	-1.051773043595304	-1.3266170722768402	-0.8788856019359947
OSD-205__Atha_Col-0_HypocotylCC_WT_GC_Rep1	-0.45452530038918004	-1.253118093957661	-1.040511342528376	-1.018096032680908	-0.951876096893519	-0.8697138190875082	-1.0869739247543715	-1.099743975202104	-1.0918573828803786	-1.2586063468089885	-0.7484615144955403	-1.2394533849139295	-1.2819706650886336	-1.2770709985039268	-1.127923269306405	-1.2594830288818573	-1.159681811898513	-1.121103871109775	-1.2465764817818903	-0.7627846933366947	-1.2974990577910286	-0.9109539610605297	-1.0455146711767498	-1.3822296757643024	-1.0959710351042495	-1.05503470305434	-1.3059129741445072	-0.8877712353655636
OSD-205__Atha_Col-0_HypocotylCC_WT_GC_Rep2	-0.4475067787693505	-1.2547570773251582	-1.0391191165818872	-1.014129788623275	-0.9689452271569055	-0.873928244525976	-1.0789314148267546	-1.0954207087853611	-1.0801195760674267	-1.2621504043379683	-0.7232584475923561	-1.2435571556896508	-1.2712695949941841	-1.2903007500169332	-1.1339482599485775	-1.26574284229532	-1.1581695461181458	-1.130247022867606	-1.2573915609000148	-0.7480359238870278	-1.304645371470273	-0.903674151161035	-1.049687331681581	-1.3944217284509772	-1.1015644700047393	-1.0607583563171272	-1.310884326871367	-0.883625404053958
OSD-205__Atha_Col-0_HypocotylCC_WT_GC_Rep3	-0.44869824441376654	-1.2557385680127835	-1.0477528855024205	-1.0172677402256833	-0.9495781962611135	-0.8699033517701581	-1.082974767835507	-1.099913583228098	-1.084778721222346	-1.2554137613248957	-0.748685633443211	-1.2463313261455033	-1.281494201638319	-1.2931906661520423	-1.1285269624621763	-1.2617938666865227	-1.1586877526838903	-1.1300939319134147	-1.258602982217836	-0.7439039468766881	-1.2942777881228964	-0.9225878681780513	-1.0426238008719764	-1.3881366978327085	-1.0970932402962668	-1.0525276611259242	-1.3185326745269466	-0.8843511206921587
OSD-205__Atha_Col-0_HypocotylCC_WT_GC_Rep4	-0.4742559969201467	-1.2560612967041453	-1.0461362914741408	-1.0136107613345149	-0.9622443699793568	-0.8726466416753738	-1.093833855868541	-1.1086461852850507	-1.0977624408229865	-1.2662042227066483	-0.727928317017237	-1.2527659865728795	-1.2688156498599117	-1.3037764173240742	-1.1204387377382312	-1.257102403727513	-1.157694571799611	-1.1351991962851453	-1.2560426520599708	-0.7588560002179755	-1.2935009730265243	-0.8907733742561381	-1.0325223102857723	-1.3889637645889479	-1.101224555810799	-1.0502028587631416	-1.3176339524544864	-0.8911362853746668
OSD-205__Atha_Col-0_HypocotylCC_WT_GC_Rep5	-0.4394861408719199	-1.251521017917495	-1.0623653061527	-1.0094597619182022	-0.9717979073305827	-0.8601198313435915	-1.082380934226464	-1.0971330531139811	-1.0736171170685538	-1.2645816762970228	-0.7338343387487786	-1.2568341311728064	-1.2767118611915766	-1.2867594591918197	-1.1297313677253333	-1.2647515871173973	-1.1605721895973808	-1.1349828531030282	-1.2659435730468604	-0.7475746740516857	-1.305210509969597	-0.9211608810678104	-1.0407809960326468	-1.4035312846237997	-1.0885843344328985	-1.0546917087103014	-1.312254141167977	-0.9083511430454883
OSD-205__Atha_Col-0_HypocotylCC_HSFA2-KO_FLT_Rep1	-0.44597880779397564	-1.2409856037219156	-1.042071613304935	-1.0168949569071328	-0.9706318470260705	-0.8720355997616731	-1.0681967068115084	-1.095229692122548	-1.067094076246493	-1.2603373614171642	-0.7331592529974794	-1.2345299011764406	-1.2698708616305177	-1.3028261498199294	-1.1351834749428802	-1.27351548367308	-1.159335998623585	-1.1378539806800694	-1.2544786311759182	-0.747073696391313	-1.2872245508954625	-0.9081442806967495	-1.0436985511089303	-1.3995544000434543	-1.0912626437379773	-1.0492579990207336	-1.2927707494624756	-0.8692923918260794
OSD-205__Atha_Col-0_HypocotylCC_HSFA2-KO_FLT_Rep2	-0.46335628895762176	-1.2632266338726688	-1.0234396905788514	-1.023432458062338	-0.9782261503323143	-0.8722383659708632	-1.0557752456212635	-1.1143350783644461	-1.0700409827966364	-1.2767871638006814	-0.7090682477764795	-1.257245959900224	-1.2718430591041998	-1.290519468658687	-1.1224346120040567	-1.2834482087721588	-1.1576446188555538	-1.139471797126885	-1.271158149843293	-0.7599163163649725	-1.2921484307218987	-0.9026046872844212	-1.0522159173294319	-1.3975454996562957	-1.1021612566606858	-1.0663113239836877	-1.3021011268213736	-0.8698670829833098
OSD-205__Atha_Col-0_HypocotylCC_HSFA2-KO_FLT_Rep3	-0.4775506203663283	-1.2412597857771788	-1.0362573929710155	-1.0149517189753956	-0.9702556848180797	-0.8514711779981384	-1.0636317857482227	-1.100527688623795	-1.0682422137927698	-1.2664421146652411	-0.7377199828009041	-1.2583030595055031	-1.2624236538881315	-1.296196458135336	-1.1342785734487653	-1.284304356860764	-1.1579375324812482	-1.1329380447746553	-1.2681080131655773	-0.7446072978063587	-1.289500875909332	-0.9131426829410115	-1.041113757880219	-1.3935742082476532	-1.0917338349885741	-1.0611273432540613	-1.2842962468284185	-0.8910932123500762
OSD-205__Atha_Col-0_HypocotylCC_HSFA2-KO_GC_Rep1	-0.4196475111929417	-1.2640997499060942	-1.0216779626816221	-1.014226340800319	-0.9335766873450453	-0.8807118185178264	-1.0693147558676166	-1.1067165608601812	-1.0909625975469441	-1.2723645404036594	-0.7511463852014337	-1.2345866381262889	-1.2594832762683674	-1.2834918709912728	-1.1451125923373044	-1.260818328563887	-1.159084057451961	-1.1272240392470716	-1.2666298998821957	-0.7586318072225247	-1.2918411370130216	-0.9315547696965131	-1.0348859145270806	-1.3838767601106847	-1.0857828831827405	-1.069830998866541	-1.3025697231009843	-0.8683139005275106
OSD-205__Atha_Col-0_HypocotylCC_HSFA2-KO_GC_Rep2	-0.4696633710131797	-1.2415759259769061	-1.050150164407611	-1.0100433160810518	-0.9767597916152487	-0.8692397327674933	-1.0754859466070308	-1.1015759443845916	-1.0722613205413216	-1.2633905072255356	-0.7396316608655629	-1.2310852083311525	-1.2636396304851127	-1.2981402354463274	-1.1354693138504894	-1.2704598445630775	-1.1577449645906237	-1.1339850638467102	-1.2587392851144208	-0.7768097544269299	-1.2959316653514024	-0.9037275163877675	-1.0481558935354383	-1.4008998172185985	-1.0930609495733308	-1.059943563159091	-1.289358519274457	-0.8835318282105552
OSD-205__Atha_Col-0_HypocotylCC_HSFA2-KO_GC_Rep3	-0.46400001296365706	-1.2348697563797248	-1.0384090843310616	-1.0064420535615968	-0.9674683419962046	-0.8705926097521596	-1.0885152219106544	-1.0990024742659898	-1.055781430944701	-1.2650890108102122	-0.7611607559987075	-1.2351139316674735	-1.2687344376737306	-1.30244600717809	-1.133595048617573	-1.275156620407098	-1.1590783687737032	-1.1354924197921952	-1.258185427565243	-0.7566946245058205	-1.2978483700632926	-0.8987064314391949	-1.0422569446952656	-1.387631181140224	-1.098078361706345	-1.0552273348953594	-1.292674646404908	-0.8797229766768668
